,Prob_Note_1,Prob_Note_2,Prob_Note_3,Prob_Note_4,Prob_Note_5,Note_Predite,Note_Reelle
0,0.06875,0.20425,0.382,0.26325,0.08175,3,3
1,0.228,0.37525,0.2825,0.0935,0.02075,2,1
2,0.31475,0.3805,0.221,0.0725,0.01125,2,1
3,0.07025,0.206,0.36575,0.2815,0.0765,3,3
4,0.06825,0.2145,0.3675,0.274,0.07575,3,4
5,0.01525,0.059,0.204,0.43975,0.282,4,5
6,0.1945,0.37475,0.29125,0.1155,0.024,2,2
7,0.00425,0.02525,0.10825,0.358,0.50425,5,5
8,0.00375,0.022,0.094,0.3475,0.53275,5,4
9,0.253,0.374,0.2645,0.0935,0.015,2,2
10,0.07375,0.19625,0.37525,0.28125,0.0735,3,3
11,0.016,0.05925,0.20225,0.4335,0.289,4,4
12,0.0675,0.2175,0.358,0.28525,0.07175,3,1
13,0.01825,0.05875,0.2095,0.43725,0.27625,4,5
14,0.01175,0.046,0.159,0.42125,0.362,4,5
15,0.061,0.21225,0.3565,0.2855,0.08475,3,3
16,0.06825,0.21375,0.3655,0.27575,0.07675,3,2
17,0.09325,0.2575,0.3735,0.21975,0.056,3,4
18,0.0125,0.042,0.155,0.42325,0.36725,4,5
19,0.013,0.0455,0.15525,0.43475,0.3515,4,4
20,0.005,0.02625,0.1035,0.35125,0.514,5,5
21,0.217,0.3765,0.2805,0.103,0.023,2,3
22,0.012,0.0445,0.18075,0.44675,0.316,4,5
23,0.0735,0.2435,0.36925,0.24975,0.064,3,2
24,0.3065,0.39775,0.22,0.06575,0.01,2,1
25,0.19325,0.369,0.296,0.1145,0.02725,2,1
26,0.00525,0.0195,0.1045,0.34625,0.5245,5,5
27,0.21625,0.372,0.291,0.10025,0.0205,2,2
28,0.00725,0.0245,0.0925,0.3485,0.52725,5,4
29,0.071,0.18425,0.3685,0.29625,0.08,3,4
30,0.018,0.064,0.2045,0.43275,0.28075,4,4
31,0.0825,0.22975,0.37925,0.2495,0.059,3,2
32,0.202,0.35325,0.3045,0.114,0.02625,2,2
33,0.25325,0.367,0.26975,0.0865,0.0235,2,2
34,0.068,0.20475,0.3655,0.2825,0.07925,3,4
35,0.012,0.05625,0.19125,0.43825,0.30225,4,3
36,0.251,0.37575,0.2625,0.09225,0.0185,2,3
37,0.0995,0.261,0.36675,0.21875,0.054,3,1
38,0.0705,0.19975,0.37325,0.28025,0.07625,3,3
39,0.00675,0.02075,0.0955,0.35175,0.52525,5,5
40,0.007,0.0255,0.1005,0.36875,0.49825,5,5
41,0.01075,0.0445,0.16425,0.43625,0.34425,4,5
42,0.00675,0.0235,0.102,0.34675,0.521,5,5
43,0.119,0.3105,0.346,0.18425,0.04025,3,2
44,0.01225,0.0535,0.18825,0.43225,0.31375,4,4
45,0.06425,0.209,0.3715,0.275,0.08025,3,2
46,0.08,0.24375,0.37075,0.23225,0.07325,3,3
47,0.06625,0.20175,0.37575,0.285,0.07125,3,3
48,0.3245,0.38375,0.2195,0.059,0.01325,2,2
49,0.0695,0.19725,0.37725,0.27375,0.08225,3,2
50,0.12975,0.3,0.35425,0.18075,0.03525,3,2
51,0.1335,0.30625,0.354,0.16425,0.042,3,2
52,0.24,0.38725,0.2685,0.08575,0.0185,2,2
53,0.24425,0.38925,0.25475,0.0925,0.01925,2,1
54,0.13075,0.296,0.357,0.17575,0.0405,3,1
55,0.06625,0.21825,0.3745,0.26375,0.07725,3,1
56,0.01525,0.06575,0.202,0.43625,0.28075,4,4
57,0.01625,0.06,0.209,0.44125,0.2735,4,5
58,0.003,0.0115,0.05025,0.261,0.67425,5,5
59,0.131,0.2925,0.361,0.17675,0.03875,3,3
60,0.012,0.04625,0.1585,0.424,0.35925,4,4
61,0.0695,0.20875,0.3685,0.27575,0.0775,3,4
62,0.0035,0.011,0.04925,0.25825,0.678,5,5
63,0.01325,0.05,0.18275,0.446,0.308,4,4
64,0.06375,0.2025,0.36275,0.28425,0.08675,3,5
65,0.23825,0.384,0.26275,0.101,0.014,2,3
66,0.06475,0.20075,0.37325,0.2885,0.07275,3,3
67,0.095,0.25525,0.3675,0.23225,0.05,3,3
68,0.00475,0.021,0.0985,0.34975,0.526,5,3
69,0.0615,0.20525,0.37475,0.27775,0.08075,3,1
70,0.0115,0.04625,0.159,0.4255,0.35775,4,2
71,0.23325,0.37325,0.2695,0.103,0.021,2,1
72,0.129,0.2975,0.368,0.1705,0.035,3,4
73,0.105,0.25425,0.3635,0.219,0.05825,3,1
74,0.13325,0.30825,0.3475,0.17075,0.04025,3,3
75,0.0105,0.054,0.19525,0.44375,0.2965,4,4
76,0.23475,0.3705,0.269,0.10325,0.0225,2,1
77,0.00175,0.012,0.0565,0.256,0.67375,5,5
78,0.197,0.36025,0.312,0.10975,0.021,2,1
79,0.067,0.2185,0.368,0.266,0.0805,3,3
80,0.0085,0.0375,0.166,0.4195,0.3685,4,2
81,0.01825,0.0655,0.2055,0.43775,0.273,4,4
82,0.006,0.023,0.08925,0.35275,0.529,5,5
83,0.00525,0.02425,0.096,0.35975,0.51475,5,5
84,0.00375,0.02325,0.095,0.35525,0.52275,5,4
85,0.3325,0.3875,0.1995,0.06625,0.01425,2,2
86,0.0955,0.25675,0.37325,0.22375,0.05075,3,3
87,0.0895,0.26225,0.3655,0.225,0.05775,3,4
88,0.32075,0.3975,0.20125,0.06525,0.01525,2,2
89,0.017,0.056,0.2075,0.44175,0.27775,4,4
90,0.06375,0.20725,0.3725,0.27725,0.07925,3,3
91,0.069,0.21125,0.361,0.28125,0.0775,3,1
92,0.0105,0.04125,0.159,0.42675,0.3625,4,4
93,0.0815,0.25,0.3605,0.23875,0.06925,3,2
94,0.01075,0.0445,0.1655,0.441,0.33825,4,5
95,0.0685,0.1995,0.38025,0.274,0.07775,3,2
96,0.092,0.264,0.375,0.2175,0.0515,3,4
97,0.0035,0.01325,0.05775,0.2495,0.676,5,4
98,0.007,0.0235,0.089,0.35375,0.52675,5,5
99,0.24325,0.379,0.266,0.09225,0.0195,2,2
100,0.09475,0.26725,0.3535,0.2295,0.055,3,4
101,0.01525,0.06725,0.213,0.42775,0.27675,4,5
102,0.0675,0.19675,0.3745,0.28025,0.081,3,3
103,0.0655,0.21575,0.36625,0.27925,0.07325,3,3
104,0.0985,0.26425,0.36625,0.215,0.056,3,2
105,0.31775,0.3985,0.21025,0.06075,0.01275,2,1
106,0.12825,0.29425,0.35675,0.1795,0.04125,3,2
107,0.2165,0.3875,0.26775,0.10525,0.023,2,3
108,0.104,0.25625,0.3665,0.22075,0.0525,3,4
109,0.0645,0.21625,0.36425,0.279,0.076,3,3
110,0.0075,0.02125,0.101,0.3665,0.50375,5,3
111,0.09875,0.253,0.373,0.22075,0.0545,3,2
112,0.1,0.2655,0.377,0.204,0.0535,3,3
113,0.2295,0.3825,0.274,0.09475,0.01925,2,2
114,0.0135,0.06575,0.202,0.45225,0.2665,4,5
115,0.0105,0.0545,0.20525,0.4445,0.28525,4,4
116,0.2195,0.3675,0.285,0.10525,0.02275,2,3
117,0.006,0.026,0.103,0.35225,0.51275,5,4
118,0.0785,0.22725,0.3825,0.24975,0.062,3,4
119,0.083,0.23225,0.378,0.2375,0.06925,3,2
120,0.10575,0.26575,0.3545,0.2215,0.0525,3,3
121,0.07025,0.2105,0.36975,0.27275,0.07675,3,3
122,0.06875,0.19325,0.3885,0.26975,0.07975,3,4
123,0.06425,0.19825,0.3845,0.28,0.073,3,4
124,0.1975,0.35325,0.30425,0.12175,0.02325,2,2
125,0.057,0.2105,0.371,0.286,0.0755,3,4
126,0.01175,0.04175,0.16175,0.43725,0.3475,4,5
127,0.314,0.3975,0.204,0.071,0.0135,2,3
128,0.01975,0.06225,0.2085,0.42625,0.28325,4,2
129,0.24175,0.38025,0.27575,0.08325,0.019,2,2
130,0.0865,0.22925,0.36875,0.2525,0.063,3,2
131,0.2165,0.385,0.2725,0.10275,0.02325,2,2
132,0.01175,0.0445,0.1645,0.433,0.34625,4,4
133,0.09,0.23375,0.36675,0.24725,0.06225,3,3
134,0.22325,0.38375,0.26375,0.10275,0.0265,2,2
135,0.31575,0.3965,0.20975,0.064,0.014,2,1
136,0.007,0.0205,0.08875,0.3385,0.54525,5,5
137,0.07525,0.2025,0.36925,0.27975,0.07325,3,4
138,0.013,0.06,0.22125,0.425,0.28075,4,4
139,0.188,0.35725,0.30525,0.12375,0.02575,2,3
140,0.06975,0.2245,0.34725,0.28175,0.07675,3,3
141,0.09775,0.26725,0.363,0.21625,0.05575,3,4
142,0.19625,0.3535,0.303,0.1245,0.02275,2,2
143,0.09125,0.25625,0.376,0.22375,0.05275,3,3
144,0.0135,0.03875,0.1705,0.43225,0.345,4,4
145,0.068,0.195,0.36975,0.28375,0.0835,3,3
146,0.0055,0.025,0.09775,0.356,0.51575,5,2
147,0.02125,0.0605,0.19725,0.441,0.28,4,4
148,0.12225,0.3135,0.34925,0.17225,0.04275,3,3
149,0.069,0.2175,0.355,0.28325,0.07525,3,3
150,0.23375,0.36975,0.27125,0.10325,0.022,2,4
151,0.005,0.0235,0.10625,0.3605,0.50475,5,5
152,0.3175,0.38575,0.2185,0.06425,0.014,2,2
153,0.24375,0.3755,0.26625,0.09675,0.01775,2,1
154,0.0095,0.04075,0.152,0.42325,0.3745,4,3
155,0.06375,0.20675,0.35875,0.281,0.08975,3,1
156,0.0025,0.011,0.049,0.2525,0.685,5,5
157,0.012,0.0405,0.16775,0.42425,0.3555,4,4
158,0.07075,0.205,0.36625,0.277,0.081,3,2
159,0.0095,0.044,0.152,0.42375,0.37075,4,5
160,0.0085,0.04375,0.1505,0.43125,0.366,4,4
161,0.00975,0.045,0.16275,0.41625,0.36625,4,2
162,0.00625,0.0245,0.0905,0.3565,0.52225,5,4
163,0.007,0.02575,0.107,0.356,0.50425,5,5
164,0.1305,0.30975,0.34275,0.17575,0.04125,3,2
165,0.23925,0.38475,0.27525,0.08425,0.0165,2,2
166,0.00425,0.0145,0.0595,0.2465,0.67525,5,5
167,0.235,0.39825,0.25025,0.0965,0.02,2,3
168,0.21875,0.38,0.2825,0.09475,0.024,2,1
169,0.00525,0.02325,0.086,0.3675,0.518,5,5
170,0.314,0.3965,0.2115,0.06925,0.00875,2,2
171,0.11925,0.31725,0.345,0.17925,0.03925,3,2
172,0.18975,0.36025,0.30025,0.12225,0.0275,2,2
173,0.01125,0.04475,0.15375,0.419,0.37125,4,1
174,0.069,0.2115,0.3675,0.275,0.077,3,5
175,0.22825,0.3775,0.27925,0.09475,0.02025,2,1
176,0.204,0.35575,0.299,0.1165,0.02475,2,3
177,0.25075,0.37725,0.25925,0.0935,0.01925,2,3
178,0.326,0.39275,0.20275,0.0635,0.015,2,3
179,0.31675,0.38425,0.215,0.06975,0.01425,2,1
180,0.01125,0.0415,0.15975,0.41025,0.37725,4,4
181,0.06975,0.211,0.366,0.27825,0.075,3,5
182,0.22825,0.37625,0.26925,0.10275,0.0235,2,3
183,0.08275,0.2275,0.376,0.25025,0.0635,3,2
184,0.01025,0.038,0.158,0.4135,0.38025,4,5
185,0.3235,0.4015,0.202,0.06325,0.00975,2,4
186,0.12825,0.2955,0.35625,0.18025,0.03975,3,3
187,0.009,0.04375,0.16425,0.42575,0.35725,4,3
188,0.327,0.376,0.20975,0.07675,0.0105,2,2
189,0.00525,0.02375,0.10025,0.342,0.52875,5,4
190,0.2445,0.387,0.2585,0.09275,0.01725,2,2
191,0.002,0.01325,0.05575,0.259,0.67,5,5
192,0.00225,0.0125,0.05775,0.2535,0.674,5,5
193,0.3395,0.37975,0.2065,0.06325,0.011,2,1
194,0.011,0.04075,0.16675,0.422,0.3595,4,4
195,0.0095,0.048,0.176,0.4155,0.351,4,4
196,0.004,0.01025,0.0535,0.2625,0.66975,5,5
197,0.225,0.382,0.2735,0.09725,0.02225,2,5
198,0.23625,0.38175,0.271,0.09225,0.01875,2,3
199,0.22975,0.38275,0.27175,0.09475,0.021,2,3
200,0.07325,0.23025,0.37125,0.2555,0.06975,3,3
201,0.0905,0.23775,0.37075,0.2375,0.0635,3,2
202,0.017,0.0655,0.2085,0.43225,0.27675,4,5
203,0.246,0.39175,0.25075,0.0885,0.023,2,1
204,0.00425,0.02425,0.099,0.355,0.5175,5,3
205,0.00775,0.02,0.091,0.35275,0.5285,5,3
206,0.3175,0.3965,0.20925,0.05975,0.017,2,1
207,0.067,0.194,0.36625,0.29575,0.077,3,1
208,0.0055,0.019,0.09375,0.36375,0.518,5,5
209,0.006,0.0235,0.095,0.34375,0.53175,5,4
210,0.09425,0.2665,0.372,0.2095,0.05775,3,2
211,0.069,0.208,0.369,0.2795,0.0745,3,3
212,0.09525,0.25325,0.36875,0.22825,0.0545,3,3
213,0.0785,0.224,0.371,0.25875,0.06775,3,3
214,0.08075,0.235,0.36825,0.2455,0.0705,3,3
215,0.13325,0.2935,0.34575,0.1835,0.044,3,1
216,0.218,0.37925,0.27575,0.09975,0.02725,2,4
217,0.00275,0.016,0.05525,0.262,0.664,5,5
218,0.0025,0.01575,0.051,0.25625,0.6745,5,5
219,0.2305,0.374,0.2725,0.10475,0.01825,2,2
220,0.2275,0.36775,0.2825,0.10075,0.0215,2,3
221,0.32225,0.38175,0.21125,0.07,0.01475,2,2
222,0.2495,0.37775,0.26425,0.08925,0.01925,2,4
223,0.06575,0.198,0.377,0.28125,0.078,3,2
224,0.2095,0.39025,0.27925,0.09875,0.02225,2,2
225,0.122,0.314,0.343,0.17475,0.04625,3,3
226,0.00625,0.02175,0.099,0.3555,0.5175,5,4
227,0.00925,0.03825,0.154,0.4385,0.36,4,4
228,0.06375,0.20725,0.37475,0.2795,0.07475,3,3
229,0.07575,0.21525,0.35,0.28075,0.07825,3,2
230,0.01625,0.0555,0.19275,0.42475,0.31075,4,4
231,0.32275,0.3975,0.202,0.066,0.01175,2,2
232,0.01475,0.05225,0.18825,0.429,0.31575,4,2
233,0.0665,0.20275,0.37525,0.2835,0.072,3,2
234,0.23075,0.37,0.28,0.09875,0.0205,2,3
235,0.0085,0.045,0.159,0.418,0.3695,4,4
236,0.08125,0.236,0.38225,0.232,0.0685,3,4
237,0.078,0.226,0.384,0.25275,0.05925,3,1
238,0.01125,0.045,0.1675,0.41675,0.3595,4,5
239,0.01525,0.05875,0.221,0.4375,0.2675,4,5
240,0.01375,0.04175,0.167,0.4315,0.346,4,4
241,0.013,0.05075,0.20325,0.42675,0.30625,4,4
242,0.08225,0.2275,0.36625,0.2565,0.0675,3,3
243,0.1015,0.2535,0.369,0.2205,0.0555,3,1
244,0.10725,0.26775,0.36725,0.2005,0.05725,3,3
245,0.00625,0.025,0.098,0.3605,0.51025,5,4
246,0.0055,0.023,0.09675,0.3495,0.52525,5,4
247,0.195,0.35925,0.306,0.113,0.02675,2,4
248,0.0815,0.23725,0.36875,0.249,0.0635,3,4
249,0.129,0.315,0.344,0.17425,0.03775,3,3
250,0.0035,0.01425,0.053,0.25875,0.6705,5,5
251,0.248,0.3835,0.26325,0.092,0.01325,2,1
252,0.23025,0.38275,0.28025,0.0865,0.02025,2,4
253,0.31725,0.38675,0.21475,0.06675,0.0145,2,4
254,0.1035,0.2615,0.3735,0.21225,0.04925,3,3
255,0.01175,0.042,0.16125,0.42175,0.36325,4,4
256,0.09075,0.27075,0.3665,0.21425,0.05775,3,1
257,0.31575,0.3925,0.207,0.0715,0.01325,2,2
258,0.0645,0.2015,0.37325,0.273,0.08775,3,2
259,0.01475,0.04675,0.18625,0.42125,0.331,4,5
260,0.09925,0.26075,0.36925,0.22125,0.0495,3,4
261,0.01675,0.0615,0.21825,0.428,0.2755,4,5
262,0.01375,0.05,0.19025,0.43175,0.31425,4,1
263,0.01725,0.06175,0.21725,0.42925,0.2745,4,3
264,0.1955,0.35275,0.301,0.12575,0.025,2,1
265,0.12525,0.29375,0.36325,0.178,0.03975,3,2
266,0.06875,0.20175,0.37575,0.28275,0.071,3,2
267,0.013,0.053,0.1905,0.43225,0.31125,4,5
268,0.0675,0.20675,0.3685,0.2815,0.07575,3,5
269,0.00475,0.02225,0.095,0.35425,0.52375,5,4
270,0.064,0.1995,0.36225,0.28875,0.0855,3,4
271,0.018,0.045,0.1855,0.44025,0.31125,4,4
272,0.101,0.2745,0.35725,0.21475,0.0525,3,3
273,0.005,0.02575,0.09975,0.351,0.5185,5,4
274,0.01475,0.05975,0.20975,0.437,0.27875,4,3
275,0.0725,0.2145,0.35875,0.27725,0.077,3,4
276,0.13575,0.31025,0.343,0.1675,0.0435,3,4
277,0.00975,0.05225,0.19,0.434,0.314,4,5
278,0.00825,0.04025,0.16525,0.415,0.37125,4,4
279,0.01775,0.05925,0.209,0.4375,0.2765,4,5
280,0.322,0.389,0.21075,0.0615,0.01675,2,2
281,0.011,0.04375,0.14775,0.42525,0.37225,4,5
282,0.20675,0.35925,0.29075,0.11825,0.025,2,2
283,0.0655,0.211,0.38025,0.26775,0.0755,3,3
284,0.24325,0.3985,0.2555,0.08475,0.018,2,2
285,0.00975,0.04875,0.16575,0.40125,0.3745,4,4
286,0.24075,0.37375,0.26825,0.1,0.01725,2,3
287,0.20375,0.361,0.297,0.11625,0.022,2,3
288,0.06125,0.19725,0.38325,0.27825,0.08,3,2
289,0.063,0.209,0.3695,0.278,0.0805,3,5
290,0.1925,0.35975,0.29975,0.122,0.026,2,4
291,0.01375,0.05375,0.18575,0.434,0.31275,4,5
292,0.2445,0.37625,0.25475,0.10325,0.02125,2,1
293,0.014,0.05475,0.18125,0.429,0.321,4,4
294,0.314,0.39175,0.21425,0.06625,0.01375,2,2
295,0.195,0.36575,0.29125,0.11975,0.02825,2,3
296,0.06925,0.1995,0.3625,0.2895,0.07925,3,3
297,0.015,0.0385,0.1715,0.406,0.369,4,4
298,0.011,0.058,0.177,0.4205,0.3335,4,4
299,0.25025,0.37275,0.264,0.0965,0.0165,2,3
300,0.22825,0.373,0.277,0.09975,0.022,2,5
301,0.2245,0.398,0.26275,0.09475,0.02,2,3
302,0.06775,0.2,0.379,0.27975,0.0735,3,4
303,0.24725,0.3755,0.26775,0.0925,0.017,2,1
304,0.0055,0.02475,0.09875,0.34,0.531,5,4
305,0.2245,0.37375,0.27925,0.105,0.0175,2,1
306,0.017,0.05975,0.218,0.425,0.28025,4,4
307,0.01275,0.054,0.1885,0.43275,0.312,4,4
308,0.0115,0.0505,0.18575,0.442,0.31025,4,5
309,0.12775,0.30275,0.352,0.175,0.0425,3,2
310,0.0105,0.04225,0.16875,0.422,0.3565,4,1
311,0.013,0.06675,0.21225,0.4265,0.2815,4,4
312,0.01225,0.05025,0.1925,0.43225,0.31275,4,3
313,0.06675,0.20475,0.3645,0.27775,0.08625,3,3
314,0.0055,0.02575,0.0915,0.38075,0.4965,5,4
315,0.00675,0.02625,0.0975,0.3615,0.508,5,4
316,0.00425,0.02375,0.0935,0.374,0.5045,5,4
317,0.227,0.376,0.279,0.09175,0.02625,2,2
318,0.0185,0.05925,0.20075,0.443,0.2785,4,2
319,0.06,0.21375,0.36425,0.27825,0.08375,3,4
320,0.091,0.2625,0.3715,0.2175,0.0575,3,3
321,0.128,0.31125,0.35675,0.162,0.042,3,2
322,0.06625,0.201,0.37125,0.28175,0.07975,3,1
323,0.06125,0.21525,0.3605,0.2775,0.0855,3,4
324,0.01,0.044,0.1635,0.4295,0.353,4,5
325,0.12925,0.32,0.3425,0.16775,0.0405,3,3
326,0.005,0.02575,0.10075,0.36325,0.50525,5,2
327,0.254,0.3695,0.2635,0.0955,0.0175,2,3
328,0.01325,0.04175,0.1635,0.421,0.3605,4,3
329,0.00125,0.01375,0.048,0.252,0.685,5,3
330,0.01,0.042,0.1545,0.42975,0.36375,4,2
331,0.1025,0.25525,0.36175,0.22075,0.05975,3,3
332,0.007,0.022,0.09425,0.37325,0.5035,5,5
333,0.2495,0.382,0.26225,0.0875,0.01875,2,2
334,0.007,0.023,0.09725,0.353,0.51975,5,5
335,0.0065,0.022,0.09275,0.35975,0.519,5,4
336,0.0135,0.04375,0.192,0.44775,0.303,4,5
337,0.012,0.0495,0.165,0.41125,0.36225,4,4
338,0.0125,0.04225,0.165,0.4305,0.34975,4,4
339,0.12725,0.30725,0.3485,0.1755,0.0415,3,2
340,0.01175,0.04,0.16125,0.431,0.356,4,3
341,0.066,0.203,0.3605,0.29775,0.07275,3,5
342,0.014,0.05225,0.197,0.425,0.31175,4,4
343,0.2475,0.38325,0.26375,0.089,0.0165,2,2
344,0.12775,0.3095,0.3555,0.16175,0.0455,3,2
345,0.0125,0.069,0.2085,0.43925,0.27075,4,3
346,0.00925,0.0405,0.16525,0.42975,0.35525,4,3
347,0.18825,0.36725,0.30725,0.11,0.02725,2,1
348,0.01025,0.0455,0.15225,0.43325,0.35875,4,4
349,0.07375,0.19575,0.3795,0.27175,0.07925,3,3
350,0.00475,0.023,0.09675,0.3575,0.518,5,4
351,0.085,0.2185,0.36225,0.26625,0.068,3,3
352,0.01225,0.05725,0.21525,0.44475,0.2705,4,2
353,0.09325,0.257,0.3735,0.218,0.05825,3,3
354,0.0075,0.02275,0.0975,0.34525,0.527,5,5
355,0.01225,0.045,0.156,0.4355,0.35125,4,4
356,0.068,0.1975,0.37125,0.27725,0.086,3,2
357,0.07,0.207,0.3695,0.27,0.0835,3,4
358,0.0665,0.201,0.37575,0.277,0.07975,3,3
359,0.00425,0.01875,0.09125,0.352,0.53375,5,5
360,0.0025,0.013,0.06025,0.252,0.67225,5,5
361,0.00275,0.022,0.09275,0.35475,0.52775,5,4
362,0.071,0.208,0.35925,0.285,0.07675,3,3
363,0.006,0.0205,0.098,0.34625,0.52925,5,4
364,0.0105,0.03675,0.1735,0.42125,0.358,4,5
365,0.0635,0.20925,0.37175,0.276,0.0795,3,3
366,0.00525,0.02325,0.096,0.36125,0.51425,5,4
367,0.07925,0.23825,0.36925,0.24525,0.068,3,2
368,0.01675,0.0605,0.20425,0.43425,0.28425,4,4
369,0.07025,0.209,0.367,0.27275,0.081,3,4
370,0.0135,0.0645,0.19575,0.44125,0.285,4,5
371,0.105,0.26125,0.35725,0.2225,0.054,3,2
372,0.01625,0.0605,0.20425,0.43725,0.28175,4,4
373,0.00275,0.0145,0.0585,0.249,0.67525,5,5
374,0.32025,0.38775,0.2105,0.066,0.0155,2,2
375,0.01425,0.05525,0.185,0.44375,0.30175,4,4
376,0.01125,0.046,0.15975,0.423,0.36,4,3
377,0.082,0.2395,0.3625,0.24975,0.06625,3,4
378,0.18875,0.36325,0.31725,0.107,0.02375,2,3
379,0.00625,0.01975,0.09875,0.352,0.52325,5,2
380,0.01375,0.061,0.2035,0.43625,0.2855,4,4
381,0.0135,0.059,0.21475,0.43525,0.2775,4,4
382,0.06525,0.19775,0.36375,0.28825,0.085,3,4
383,0.0705,0.20725,0.36075,0.27925,0.08225,3,2
384,0.22975,0.37375,0.26925,0.1045,0.02275,2,4
385,0.0645,0.20125,0.35325,0.301,0.08,3,5
386,0.1305,0.3005,0.35,0.18025,0.03875,3,2
387,0.005,0.022,0.103,0.35525,0.51475,5,3
388,0.00525,0.02,0.10575,0.349,0.52,5,5
389,0.00975,0.045,0.15225,0.4225,0.3705,4,3
390,0.08075,0.22825,0.37125,0.254,0.06575,3,2
391,0.0665,0.1995,0.36525,0.28675,0.082,3,3
392,0.0055,0.0275,0.104,0.36325,0.49975,5,4
393,0.07175,0.208,0.3665,0.27325,0.0805,3,3
394,0.0135,0.03725,0.1525,0.435,0.36175,4,4
395,0.082,0.2365,0.37075,0.244,0.06675,3,3
396,0.0025,0.01275,0.0565,0.26125,0.667,5,5
397,0.19425,0.36125,0.303,0.118,0.0235,2,3
398,0.0965,0.264,0.3605,0.2225,0.0565,3,3
399,0.326,0.39525,0.20475,0.05975,0.01425,2,3
400,0.01525,0.05125,0.17875,0.4465,0.30825,4,5
401,0.062,0.19875,0.36675,0.291,0.0815,3,3
402,0.079,0.24275,0.3715,0.24175,0.065,3,3
403,0.00625,0.025,0.08825,0.35625,0.52425,5,5
404,0.013,0.03575,0.14875,0.4335,0.369,4,3
405,0.10225,0.2645,0.36725,0.21825,0.04775,3,1
406,0.09175,0.2645,0.378,0.20875,0.057,3,2
407,0.23625,0.3835,0.2715,0.08925,0.0195,2,1
408,0.32425,0.39025,0.206,0.0685,0.011,2,2
409,0.01375,0.06,0.2155,0.447,0.26375,4,4
410,0.0665,0.21275,0.36625,0.27725,0.07725,3,2
411,0.01575,0.06425,0.215,0.4325,0.2725,4,3
412,0.245,0.3745,0.26175,0.09825,0.0205,2,1
413,0.09625,0.258,0.37325,0.214,0.0585,3,3
414,0.065,0.19875,0.36675,0.29025,0.07925,3,3
415,0.0185,0.06125,0.2125,0.42825,0.2795,4,4
416,0.0085,0.0235,0.101,0.36775,0.49925,5,4
417,0.013,0.0515,0.17975,0.43775,0.318,4,3
418,0.0805,0.2225,0.387,0.25,0.06,3,4
419,0.0065,0.02,0.09075,0.357,0.52575,5,4
420,0.068,0.19825,0.38,0.27325,0.0805,3,3
421,0.132,0.31175,0.35025,0.16425,0.04175,3,3
422,0.0775,0.2415,0.378,0.23475,0.06825,3,4
423,0.01075,0.04625,0.16375,0.42225,0.357,4,5
424,0.00575,0.024,0.0895,0.342,0.53875,5,4
425,0.01625,0.063,0.19975,0.4395,0.2815,4,1
426,0.1215,0.3255,0.35525,0.16,0.03775,3,3
427,0.06675,0.20425,0.373,0.27075,0.08525,3,4
428,0.09675,0.26075,0.364,0.2205,0.058,3,3
429,0.0675,0.205,0.3555,0.276,0.096,3,4
430,0.007,0.02425,0.0965,0.353,0.51925,5,5
431,0.0665,0.21075,0.37675,0.2755,0.0705,3,4
432,0.0925,0.2645,0.37075,0.2195,0.05275,3,3
433,0.31875,0.38175,0.2175,0.06925,0.01275,2,2
434,0.071,0.2005,0.363,0.289,0.0765,3,4
435,0.01275,0.0395,0.1585,0.417,0.37225,4,5
436,0.07525,0.20975,0.36075,0.27925,0.075,3,4
437,0.24975,0.38275,0.26125,0.089,0.01725,2,2
438,0.01225,0.063,0.1965,0.42975,0.2985,4,3
439,0.09075,0.26775,0.37475,0.211,0.05575,3,2
440,0.014,0.05525,0.206,0.438,0.28675,4,3
441,0.012,0.044,0.162,0.41125,0.37075,4,4
442,0.00575,0.0225,0.099,0.3475,0.52525,5,5
443,0.0625,0.2035,0.3625,0.289,0.0825,3,4
444,0.0705,0.20325,0.37125,0.2755,0.0795,3,2
445,0.25025,0.37825,0.26,0.092,0.0195,2,1
446,0.0095,0.0365,0.171,0.41875,0.36425,4,4
447,0.006,0.0185,0.09325,0.36325,0.519,5,4
448,0.009,0.04475,0.156,0.4095,0.38075,4,5
449,0.0145,0.0475,0.1695,0.4205,0.348,4,5
450,0.09625,0.27125,0.372,0.20925,0.05125,3,2
451,0.12075,0.325,0.351,0.1635,0.03975,3,3
452,0.002,0.01275,0.05,0.259,0.67625,5,1
453,0.00475,0.02275,0.101,0.3545,0.517,5,5
454,0.13575,0.2965,0.3535,0.174,0.04025,3,4
455,0.09575,0.26525,0.36475,0.21875,0.0555,3,4
456,0.0115,0.03725,0.163,0.41525,0.373,4,5
457,0.006,0.028,0.10575,0.35675,0.5035,5,5
458,0.009,0.04375,0.15375,0.42275,0.37075,4,4
459,0.0045,0.0225,0.092,0.3535,0.5275,5,4
460,0.07275,0.2085,0.36425,0.26775,0.08675,3,3
461,0.1315,0.3005,0.3645,0.165,0.0385,3,3
462,0.12575,0.31975,0.34125,0.16675,0.0465,3,5
463,0.0685,0.22,0.35225,0.28275,0.0765,3,2
464,0.08525,0.23175,0.365,0.25125,0.06675,3,1
465,0.003,0.01375,0.059,0.249,0.67525,5,4
466,0.226,0.38425,0.278,0.094,0.01775,2,4
467,0.1315,0.30325,0.3565,0.16875,0.04,3,3
468,0.00925,0.0225,0.09225,0.34675,0.52925,5,5
469,0.01475,0.05775,0.214,0.44,0.2735,4,5
470,0.0175,0.061,0.20725,0.446,0.26825,4,5
471,0.0125,0.04725,0.151,0.415,0.37425,4,4
472,0.08,0.2225,0.3775,0.254,0.066,3,3
473,0.1255,0.31325,0.349,0.1705,0.04175,3,3
474,0.125,0.30175,0.3655,0.1645,0.04325,3,1
475,0.092,0.2655,0.366,0.227,0.0495,3,2
476,0.086,0.2265,0.379,0.2475,0.061,3,4
477,0.00575,0.02125,0.0995,0.34875,0.52475,5,5
478,0.24075,0.3805,0.271,0.091,0.01675,2,3
479,0.0145,0.06975,0.209,0.4255,0.28125,4,4
480,0.0045,0.02125,0.0875,0.3535,0.53325,5,5
481,0.07925,0.24125,0.36875,0.2545,0.05625,3,2
482,0.0705,0.20975,0.3655,0.27825,0.076,3,4
483,0.06575,0.218,0.3585,0.27625,0.0815,3,2
484,0.00575,0.02075,0.09625,0.36375,0.5135,5,4
485,0.013,0.046,0.17225,0.42625,0.3425,4,4
486,0.0075,0.0215,0.09275,0.3605,0.51775,5,5
487,0.014,0.05675,0.21,0.4275,0.29175,4,3
488,0.23,0.38625,0.2665,0.09425,0.023,2,1
489,0.01,0.0425,0.173,0.42275,0.35175,4,4
490,0.07275,0.21075,0.36725,0.27325,0.076,3,4
491,0.07125,0.20825,0.36775,0.28325,0.0695,3,3
492,0.06625,0.21325,0.368,0.26875,0.08375,3,3
493,0.009,0.04625,0.15675,0.4205,0.3675,4,2
494,0.31925,0.3945,0.21175,0.06075,0.01375,2,2
495,0.064,0.20175,0.38175,0.26675,0.08575,3,4
496,0.01125,0.049,0.18375,0.42575,0.33025,4,2
497,0.32525,0.3885,0.205,0.06725,0.014,2,2
498,0.00525,0.02625,0.10375,0.36375,0.501,5,5
499,0.0815,0.2445,0.37475,0.23825,0.061,3,3
500,0.249,0.3795,0.26,0.09425,0.01725,2,3
501,0.09425,0.2705,0.381,0.20575,0.0485,3,3
502,0.004,0.024,0.08425,0.34975,0.538,5,5
503,0.00375,0.02175,0.09575,0.3635,0.51525,5,5
504,0.32925,0.387,0.21325,0.0575,0.013,2,3
505,0.23575,0.3705,0.27725,0.0955,0.021,2,1
506,0.12775,0.3035,0.34725,0.18025,0.04125,3,3
507,0.00475,0.02325,0.09325,0.358,0.52075,5,5
508,0.0795,0.19975,0.37425,0.271,0.0755,3,3
509,0.234,0.38975,0.2605,0.0965,0.01925,2,3
510,0.01425,0.04925,0.191,0.43625,0.30925,4,4
511,0.06925,0.197,0.37475,0.28775,0.07125,3,2
512,0.00425,0.00975,0.04825,0.2635,0.67425,5,5
513,0.0795,0.23525,0.3675,0.25125,0.0665,3,3
514,0.01175,0.0545,0.1755,0.44075,0.3175,4,3
515,0.012,0.04125,0.1565,0.424,0.36625,4,5
516,0.0075,0.02875,0.10425,0.36025,0.49925,5,5
517,0.19875,0.367,0.28725,0.12175,0.02525,2,2
518,0.2485,0.366,0.2665,0.10275,0.01625,2,1
519,0.00975,0.0485,0.17775,0.44075,0.32325,4,5
520,0.0695,0.22175,0.363,0.27375,0.072,3,3
521,0.016,0.05925,0.2065,0.4285,0.28975,4,5
522,0.07325,0.21075,0.38025,0.26525,0.0705,3,3
523,0.0115,0.04175,0.157,0.43125,0.3585,4,3
524,0.0035,0.02225,0.0905,0.352,0.53175,5,3
525,0.0025,0.013,0.056,0.255,0.6735,5,4
526,0.06,0.1995,0.37725,0.2825,0.08075,3,4
527,0.133,0.297,0.35325,0.1765,0.04025,3,3
528,0.1265,0.3165,0.343,0.17375,0.04025,3,3
529,0.0035,0.01425,0.05225,0.2495,0.6805,5,5
530,0.0055,0.026,0.09,0.3715,0.507,5,5
531,0.017,0.063,0.20325,0.43025,0.2865,4,5
532,0.01525,0.0635,0.20475,0.4375,0.279,4,5
533,0.25075,0.3715,0.2585,0.10025,0.019,2,3
534,0.0055,0.025,0.09225,0.357,0.52025,5,5
535,0.01675,0.0645,0.20975,0.436,0.273,4,5
536,0.22725,0.3735,0.27225,0.1045,0.0225,2,1
537,0.128,0.3035,0.35475,0.17325,0.0405,3,3
538,0.014,0.05225,0.1785,0.44075,0.3145,4,4
539,0.243,0.391,0.26,0.087,0.019,2,1
540,0.01175,0.043,0.15775,0.435,0.3525,4,3
541,0.08675,0.23025,0.37275,0.246,0.06425,3,3
542,0.003,0.01375,0.0485,0.25775,0.677,5,5
543,0.19775,0.3515,0.31625,0.11225,0.02225,2,1
544,0.06575,0.20825,0.374,0.2705,0.0815,3,2
545,0.243,0.3685,0.27075,0.09575,0.022,2,2
546,0.00625,0.025,0.09,0.35,0.52875,5,5
547,0.0055,0.0235,0.094,0.36,0.517,5,5
548,0.017,0.06225,0.2,0.439,0.28175,4,4
549,0.1,0.25925,0.37675,0.20825,0.05575,3,3
550,0.00375,0.0255,0.0955,0.36825,0.507,5,5
551,0.245,0.39,0.24775,0.097,0.02025,2,2
552,0.0845,0.244,0.35225,0.2575,0.06175,3,3
553,0.00825,0.04575,0.16425,0.421,0.36075,4,4
554,0.063,0.20425,0.38275,0.2725,0.0775,3,2
555,0.08925,0.255,0.3935,0.2085,0.05375,3,4
556,0.005,0.02675,0.10225,0.369,0.497,5,4
557,0.10775,0.26475,0.355,0.21825,0.05425,3,1
558,0.0155,0.062,0.21825,0.42525,0.279,4,3
559,0.01175,0.04075,0.152,0.42925,0.36625,4,5
560,0.071,0.20625,0.3645,0.28425,0.074,3,3
561,0.0015,0.011,0.05225,0.2555,0.67975,5,4
562,0.00325,0.0115,0.0495,0.257,0.67875,5,5
563,0.01025,0.0455,0.173,0.4075,0.36375,4,4
564,0.01175,0.039,0.167,0.43525,0.347,4,4
565,0.01525,0.05525,0.18125,0.43025,0.318,4,4
566,0.0115,0.04325,0.168,0.425,0.35225,4,3
567,0.0995,0.26275,0.36225,0.22175,0.05375,3,1
568,0.233,0.37875,0.27475,0.09625,0.01725,2,2
569,0.00625,0.0285,0.0975,0.341,0.52675,5,4
570,0.12475,0.31075,0.348,0.17225,0.04425,3,5
571,0.08325,0.23975,0.3675,0.2455,0.064,3,3
572,0.004,0.02425,0.10275,0.36275,0.50625,5,4
573,0.00525,0.02975,0.10475,0.35475,0.5055,5,3
574,0.2015,0.34775,0.30625,0.122,0.0225,2,3
575,0.24075,0.3875,0.2575,0.095,0.01925,2,3
576,0.0735,0.213,0.35725,0.27425,0.082,3,4
577,0.23025,0.40075,0.25975,0.09125,0.018,2,3
578,0.0085,0.049,0.19025,0.4375,0.31475,4,4
579,0.09475,0.263,0.377,0.2115,0.05375,3,4
580,0.0025,0.01075,0.05575,0.25475,0.67625,5,3
581,0.08425,0.245,0.37625,0.2355,0.059,3,3
582,0.0675,0.202,0.36525,0.28725,0.078,3,4
583,0.01275,0.05125,0.1785,0.448,0.3095,4,5
584,0.06575,0.20375,0.3665,0.28475,0.07925,3,3
585,0.01675,0.06925,0.20075,0.4265,0.28675,4,5
586,0.00375,0.02175,0.1095,0.34225,0.52275,5,5
587,0.01425,0.06125,0.20525,0.42775,0.2915,4,3
588,0.00975,0.04,0.15625,0.4295,0.3645,4,4
589,0.01275,0.043,0.15825,0.428,0.358,4,4
590,0.0665,0.21075,0.3715,0.278,0.07325,3,3
591,0.01525,0.06025,0.21525,0.4395,0.26975,4,4
592,0.33575,0.38525,0.20475,0.06225,0.012,2,2
593,0.00325,0.01025,0.05075,0.262,0.67375,5,5
594,0.01525,0.04575,0.18275,0.434,0.32225,4,5
595,0.07775,0.23675,0.3685,0.2545,0.0625,3,2
596,0.06425,0.21725,0.3605,0.28125,0.07675,3,5
597,0.00475,0.025,0.09425,0.3565,0.5195,5,4
598,0.065,0.2045,0.36375,0.28225,0.0845,3,4
599,0.09775,0.26825,0.3655,0.21375,0.05475,3,4
600,0.0105,0.0455,0.1525,0.421,0.3705,4,3
601,0.0035,0.01425,0.0515,0.25025,0.6805,5,5
602,0.017,0.06275,0.214,0.4245,0.28175,4,2
603,0.0825,0.23,0.36325,0.254,0.07025,3,4
604,0.00525,0.02475,0.1025,0.349,0.5185,5,4
605,0.0785,0.23175,0.36125,0.2585,0.07,3,4
606,0.01625,0.055,0.21675,0.43225,0.27975,4,4
607,0.068,0.205,0.3685,0.283,0.0755,3,3
608,0.066,0.20625,0.35925,0.29525,0.07325,3,5
609,0.24825,0.38725,0.25325,0.09325,0.018,2,1
610,0.3325,0.38575,0.207,0.064,0.01075,2,1
611,0.19575,0.3665,0.31225,0.10525,0.02025,2,2
612,0.13075,0.31,0.34475,0.1775,0.037,3,1
613,0.012,0.0505,0.1785,0.44025,0.31875,4,3
614,0.0645,0.20225,0.374,0.2675,0.09175,3,2
615,0.09725,0.2575,0.36975,0.217,0.0585,3,4
616,0.06675,0.20625,0.37175,0.28025,0.075,3,3
617,0.014,0.04275,0.18375,0.43925,0.32025,4,5
618,0.01075,0.04175,0.15675,0.41775,0.373,4,3
619,0.06475,0.215,0.37375,0.27725,0.06925,3,3
620,0.1955,0.359,0.302,0.12075,0.02275,2,4
621,0.069,0.217,0.3685,0.26775,0.07775,3,2
622,0.102,0.25325,0.36875,0.22025,0.05575,3,2
623,0.0125,0.03925,0.17375,0.43225,0.34225,4,5
624,0.3185,0.3935,0.21425,0.05925,0.0145,2,2
625,0.00525,0.024,0.08725,0.3615,0.522,5,5
626,0.0765,0.2,0.36025,0.282,0.08125,3,5
627,0.0935,0.26675,0.36,0.2225,0.05725,3,5
628,0.06875,0.21275,0.37825,0.265,0.07525,3,3
629,0.22275,0.3775,0.279,0.0985,0.02225,2,4
630,0.13825,0.292,0.3555,0.1795,0.03475,3,1
631,0.07825,0.2305,0.384,0.24775,0.0595,3,4
632,0.33325,0.38425,0.21775,0.05325,0.0115,2,3
633,0.00975,0.042,0.141,0.43725,0.37,4,5
634,0.0825,0.23375,0.3735,0.2365,0.07375,3,2
635,0.0845,0.224,0.37675,0.24725,0.0675,3,3
636,0.075,0.23575,0.38475,0.2415,0.063,3,3
637,0.134,0.30675,0.35275,0.16675,0.03975,3,2
638,0.13175,0.31875,0.337,0.17475,0.03775,3,4
639,0.00425,0.0235,0.0905,0.35125,0.5305,5,5
640,0.08975,0.25475,0.3705,0.23275,0.05225,3,3
641,0.069,0.207,0.3655,0.28025,0.07825,3,4
642,0.31825,0.3915,0.21375,0.0625,0.014,2,2
643,0.00375,0.01225,0.0565,0.253,0.6745,5,5
644,0.0995,0.2585,0.36075,0.22675,0.0545,3,4
645,0.0085,0.02475,0.1025,0.3425,0.52175,5,5
646,0.13525,0.29925,0.35475,0.17375,0.037,3,3
647,0.01125,0.0495,0.18875,0.4385,0.312,4,2
648,0.2025,0.36025,0.30125,0.10925,0.02675,2,3
649,0.0055,0.023,0.10675,0.37525,0.4895,5,4
650,0.24875,0.37125,0.269,0.09175,0.01925,2,3
651,0.2055,0.3635,0.29225,0.1105,0.02825,2,1
652,0.08625,0.22775,0.377,0.23825,0.07075,3,3
653,0.1375,0.31275,0.3385,0.1725,0.03875,3,3
654,0.10025,0.2645,0.35325,0.2225,0.0595,3,4
655,0.00625,0.02675,0.09925,0.356,0.51175,5,3
656,0.00425,0.01125,0.058,0.25725,0.66925,5,4
657,0.216,0.36575,0.289,0.10675,0.0225,2,3
658,0.326,0.3875,0.2085,0.06525,0.01275,2,3
659,0.0775,0.2375,0.37875,0.23875,0.0675,3,3
660,0.195,0.347,0.30575,0.12575,0.0265,2,3
661,0.0895,0.23,0.365,0.2525,0.063,3,3
662,0.01575,0.058,0.209,0.42725,0.29,4,5
663,0.0045,0.02325,0.09825,0.3535,0.5205,5,5
664,0.2225,0.376,0.2715,0.10575,0.02425,2,3
665,0.13175,0.3145,0.3495,0.167,0.03725,3,4
666,0.0715,0.20925,0.3635,0.2815,0.07425,3,3
667,0.21725,0.3755,0.28375,0.1035,0.02,2,2
668,0.02,0.06325,0.1985,0.4445,0.27375,4,4
669,0.227,0.3695,0.2705,0.10725,0.02575,2,4
670,0.00575,0.03075,0.106,0.36625,0.49125,5,4
671,0.1355,0.304,0.356,0.16675,0.03775,3,5
672,0.2485,0.37525,0.27475,0.08425,0.01725,2,3
673,0.012,0.0605,0.20575,0.44275,0.279,4,4
674,0.22675,0.3715,0.28175,0.098,0.022,2,3
675,0.0035,0.012,0.0515,0.25675,0.67625,5,4
676,0.22625,0.381,0.27225,0.096,0.0245,2,2
677,0.01275,0.05325,0.18725,0.4195,0.32725,4,3
678,0.09375,0.26075,0.35575,0.2365,0.05325,3,3
679,0.0665,0.20925,0.35925,0.28825,0.07675,3,4
680,0.23425,0.37725,0.264,0.104,0.0205,2,2
681,0.12675,0.31575,0.348,0.16825,0.04125,3,3
682,0.007,0.03675,0.16225,0.4225,0.3715,4,5
683,0.0675,0.212,0.35175,0.2925,0.07625,3,4
684,0.06225,0.2105,0.368,0.2785,0.08075,3,4
685,0.07575,0.2085,0.36025,0.28175,0.07375,3,4
686,0.012,0.04925,0.195,0.43125,0.3125,4,3
687,0.067,0.22175,0.35675,0.27275,0.08175,3,3
688,0.2515,0.37225,0.26275,0.09125,0.02225,2,2
689,0.00875,0.04075,0.156,0.4325,0.362,4,5
690,0.3235,0.38375,0.21125,0.068,0.0135,2,4
691,0.071,0.20525,0.369,0.278,0.07675,3,4
692,0.0025,0.01,0.05525,0.247,0.68525,5,5
693,0.0055,0.0225,0.10625,0.36375,0.502,5,4
694,0.0025,0.0095,0.0525,0.24675,0.68875,5,5
695,0.20125,0.36025,0.28925,0.1215,0.02775,2,3
696,0.01025,0.048,0.165,0.409,0.36775,4,4
697,0.00675,0.02,0.10025,0.3455,0.5275,5,5
698,0.00325,0.00925,0.05775,0.2475,0.68225,5,4
699,0.2515,0.3815,0.26525,0.0865,0.01525,2,1
700,0.012,0.04825,0.18525,0.43,0.3245,4,5
701,0.009,0.04975,0.157,0.4265,0.35775,4,3
702,0.01325,0.0705,0.19125,0.44975,0.27525,4,5
703,0.06675,0.20725,0.38025,0.27475,0.071,3,3
704,0.00825,0.02525,0.0925,0.35025,0.52375,5,4
705,0.08125,0.233,0.38075,0.24675,0.05825,3,4
706,0.0185,0.05925,0.20225,0.441,0.279,4,5
707,0.069,0.20675,0.366,0.27425,0.084,3,4
708,0.06775,0.20775,0.378,0.273,0.0735,3,3
709,0.112,0.25175,0.37325,0.20275,0.06025,3,2
710,0.228,0.3795,0.2715,0.104,0.017,2,1
711,0.25825,0.37825,0.255,0.09,0.0185,2,1
712,0.3215,0.39025,0.213,0.06275,0.0125,2,2
713,0.009,0.021,0.09975,0.36225,0.508,5,4
714,0.0055,0.024,0.104,0.36675,0.49975,5,4
715,0.01575,0.06225,0.21725,0.429,0.27575,4,2
716,0.01075,0.04175,0.1575,0.4265,0.3635,4,4
717,0.00625,0.02525,0.09475,0.35675,0.517,5,5
718,0.013,0.05525,0.1825,0.4435,0.30575,4,4
719,0.01075,0.044,0.1555,0.42875,0.361,4,4
720,0.01125,0.046,0.16625,0.41075,0.36575,4,5
721,0.0715,0.21675,0.36525,0.2745,0.072,3,5
722,0.00925,0.0445,0.15825,0.42875,0.35925,4,3
723,0.00375,0.014,0.05325,0.2505,0.6785,5,4
724,0.021,0.05525,0.2125,0.42925,0.282,4,4
725,0.00325,0.0125,0.052,0.254,0.67825,5,3
726,0.19575,0.37425,0.29075,0.11625,0.023,2,4
727,0.243,0.3915,0.25875,0.08925,0.0175,2,1
728,0.23325,0.37975,0.26675,0.09975,0.0205,2,1
729,0.1265,0.2955,0.3505,0.1855,0.042,3,2
730,0.0655,0.21225,0.36175,0.27575,0.08475,3,3
731,0.19375,0.362,0.304,0.11075,0.0295,2,2
732,0.09475,0.2665,0.364,0.2145,0.06025,3,4
733,0.00625,0.0245,0.08975,0.3445,0.535,5,5
734,0.0625,0.221,0.35575,0.284,0.07675,3,2
735,0.07975,0.23175,0.37525,0.2495,0.06375,3,3
736,0.01075,0.03925,0.151,0.41875,0.38025,4,3
737,0.00275,0.0245,0.10225,0.3455,0.525,5,5
738,0.06275,0.20525,0.37825,0.275,0.07875,3,3
739,0.3135,0.38975,0.2135,0.072,0.01125,2,2
740,0.003,0.0105,0.05775,0.2535,0.67525,5,3
741,0.31125,0.385,0.22775,0.06675,0.00925,2,1
742,0.0995,0.25475,0.36425,0.223,0.0585,3,4
743,0.0165,0.05875,0.2025,0.4345,0.28775,4,1
744,0.00175,0.013,0.0605,0.263,0.66175,5,4
745,0.23775,0.3585,0.275,0.10425,0.0245,2,1
746,0.0145,0.04525,0.1855,0.43825,0.3165,4,4
747,0.09625,0.265,0.36225,0.22125,0.05525,3,2
748,0.00225,0.01225,0.05675,0.254,0.67475,5,5
749,0.01025,0.0415,0.1705,0.42125,0.3565,4,5
750,0.01175,0.05125,0.1845,0.4355,0.317,4,4
751,0.09775,0.256,0.37325,0.2135,0.0595,3,3
752,0.0105,0.03525,0.1595,0.42075,0.374,4,5
753,0.3205,0.38825,0.20775,0.07075,0.01275,2,3
754,0.07125,0.19525,0.36475,0.28725,0.0815,3,3
755,0.13125,0.307,0.3465,0.18225,0.033,3,3
756,0.128,0.317,0.3385,0.17425,0.04225,3,3
757,0.005,0.0225,0.096,0.36,0.5165,5,5
758,0.0075,0.025,0.088,0.3475,0.532,5,4
759,0.22875,0.3665,0.28075,0.10375,0.02025,2,1
760,0.07925,0.23575,0.3605,0.25675,0.06775,3,4
761,0.129,0.31275,0.3535,0.16375,0.041,3,1
762,0.0655,0.20775,0.37075,0.2745,0.0815,3,3
763,0.013,0.053,0.174,0.4525,0.3075,4,5
764,0.01275,0.04625,0.18375,0.44425,0.313,4,4
765,0.246,0.379,0.26025,0.09275,0.022,2,3
766,0.00625,0.021,0.09675,0.335,0.541,5,4
767,0.2425,0.3925,0.25925,0.09075,0.015,2,1
768,0.0135,0.04275,0.15775,0.43025,0.35575,4,5
769,0.01,0.02575,0.096,0.359,0.50925,5,4
770,0.0715,0.24425,0.3695,0.248,0.06675,3,4
771,0.01375,0.0515,0.17575,0.43375,0.32525,4,4
772,0.07025,0.202,0.3605,0.28775,0.0795,3,3
773,0.06475,0.21025,0.374,0.27425,0.07675,3,2
774,0.07575,0.2365,0.38375,0.242,0.062,3,3
775,0.0665,0.20625,0.37675,0.27375,0.07675,3,4
776,0.006,0.0235,0.09775,0.35225,0.5205,5,5
777,0.01975,0.0615,0.2055,0.42775,0.2855,4,4
778,0.00575,0.02525,0.10125,0.362,0.50575,5,3
779,0.0145,0.0515,0.18925,0.4305,0.31425,4,5
780,0.06975,0.21625,0.3735,0.26025,0.08025,3,2
781,0.0055,0.026,0.0935,0.3635,0.5115,5,5
782,0.076,0.2025,0.358,0.2835,0.08,3,1
783,0.197,0.37475,0.2865,0.1185,0.02325,2,2
784,0.0115,0.0455,0.1585,0.4195,0.365,4,5
785,0.014,0.05125,0.18675,0.443,0.305,4,4
786,0.07425,0.23475,0.3685,0.253,0.0695,3,4
787,0.331,0.39675,0.204,0.056,0.01225,2,1
788,0.0035,0.014,0.05175,0.2595,0.67125,5,4
789,0.1825,0.36575,0.3135,0.11425,0.024,2,3
790,0.12575,0.30625,0.356,0.174,0.038,3,3
791,0.012,0.04,0.163,0.4175,0.3675,4,4
792,0.2345,0.377,0.2655,0.10075,0.02225,2,3
793,0.0115,0.0505,0.18775,0.43175,0.3185,4,3
794,0.01225,0.0415,0.1505,0.4225,0.37325,4,4
795,0.06425,0.20425,0.3725,0.28025,0.07875,3,3
796,0.24875,0.382,0.25975,0.09,0.0195,2,1
797,0.0675,0.208,0.37175,0.275,0.07775,3,2
798,0.2425,0.38475,0.26025,0.09,0.0225,2,3
799,0.23525,0.377,0.263,0.10425,0.0205,2,1
800,0.013,0.0695,0.21625,0.428,0.27325,4,4
801,0.0645,0.2035,0.36775,0.2885,0.07575,3,4
802,0.187,0.37825,0.29475,0.11575,0.02425,2,2
803,0.22025,0.40025,0.26075,0.09675,0.022,2,1
804,0.06475,0.206,0.3735,0.27875,0.077,3,2
805,0.01075,0.043,0.16225,0.41625,0.36775,4,3
806,0.2185,0.38625,0.27625,0.0995,0.0195,2,3
807,0.21875,0.37825,0.28075,0.09975,0.0225,2,1
808,0.013,0.059,0.207,0.436,0.285,4,2
809,0.188,0.36075,0.3025,0.12025,0.0285,2,2
810,0.01475,0.04775,0.185,0.4335,0.319,4,5
811,0.00625,0.02525,0.09,0.34825,0.53025,5,5
812,0.068,0.20425,0.36075,0.2865,0.0805,3,3
813,0.0135,0.05275,0.1765,0.43325,0.324,4,4
814,0.07,0.2145,0.3595,0.28025,0.07575,3,3
815,0.0695,0.20725,0.3535,0.29225,0.0775,3,2
816,0.2215,0.39275,0.267,0.1,0.01875,2,4
817,0.01225,0.033,0.1615,0.428,0.36525,4,5
818,0.00275,0.013,0.05225,0.25375,0.67825,5,4
819,0.2435,0.38825,0.254,0.097,0.01725,2,3
820,0.2145,0.3655,0.289,0.10775,0.02325,2,2
821,0.0055,0.025,0.09775,0.363,0.50875,5,4
822,0.22175,0.38475,0.2725,0.10025,0.02075,2,1
823,0.0075,0.027,0.097,0.3555,0.513,5,5
824,0.0875,0.22175,0.376,0.24825,0.0665,3,4
825,0.00875,0.0425,0.17225,0.4155,0.361,4,4
826,0.0645,0.208,0.35975,0.2835,0.08425,3,3
827,0.0845,0.22925,0.373,0.2485,0.06475,3,4
828,0.06475,0.2075,0.36,0.2855,0.08225,3,3
829,0.2295,0.38,0.26225,0.1065,0.02175,2,1
830,0.134,0.3065,0.34225,0.178,0.03925,3,3
831,0.07525,0.20775,0.36675,0.277,0.07325,3,2
832,0.068,0.2075,0.38075,0.2685,0.07525,3,2
833,0.238,0.379,0.26975,0.094,0.01925,2,2
834,0.09825,0.26725,0.37175,0.20625,0.0565,3,3
835,0.10525,0.2565,0.36525,0.22025,0.05275,3,2
836,0.0635,0.20425,0.36425,0.28775,0.08025,3,4
837,0.32075,0.39175,0.20325,0.07025,0.014,2,1
838,0.0865,0.23025,0.37725,0.24575,0.06025,3,2
839,0.012,0.04525,0.15875,0.42525,0.35875,4,4
840,0.009,0.04475,0.1625,0.41875,0.365,4,5
841,0.196,0.359,0.30325,0.11725,0.0245,2,3
842,0.0095,0.04425,0.16575,0.41325,0.36725,4,5
843,0.01075,0.04525,0.1545,0.42825,0.36125,4,5
844,0.235,0.37075,0.27325,0.0985,0.0225,2,3
845,0.0085,0.05,0.19825,0.4305,0.31275,4,2
846,0.19775,0.3575,0.30025,0.11975,0.02475,2,1
847,0.0665,0.19975,0.364,0.2825,0.08725,3,2
848,0.19175,0.35875,0.301,0.11775,0.03075,2,3
849,0.01075,0.0465,0.16125,0.4145,0.367,4,4
850,0.23875,0.3755,0.27525,0.0895,0.021,2,4
851,0.222,0.3785,0.27625,0.102,0.02125,2,2
852,0.0875,0.27375,0.37175,0.21375,0.05325,3,3
853,0.00525,0.02425,0.10175,0.34725,0.5215,5,3
854,0.111,0.25525,0.35775,0.2255,0.0505,3,2
855,0.009,0.044,0.16575,0.41,0.37125,4,5
856,0.005,0.0205,0.09925,0.35725,0.518,5,4
857,0.0605,0.2015,0.37375,0.28275,0.0815,3,3
858,0.00675,0.02,0.098,0.35825,0.517,5,4
859,0.019,0.06,0.203,0.43425,0.28375,4,3
860,0.012,0.0425,0.1645,0.43175,0.34925,4,4
861,0.082,0.23175,0.389,0.23425,0.063,3,4
862,0.199,0.35975,0.30175,0.11625,0.02325,2,3
863,0.0165,0.0565,0.21675,0.42775,0.2825,4,5
864,0.00175,0.014,0.04925,0.261,0.674,5,3
865,0.311,0.39025,0.21675,0.068,0.014,2,1
866,0.0705,0.21025,0.363,0.2735,0.08275,3,4
867,0.0115,0.0505,0.1635,0.423,0.3515,4,5
868,0.005,0.02525,0.0965,0.35225,0.521,5,5
869,0.08,0.22875,0.389,0.24075,0.0615,3,2
870,0.312,0.38975,0.21,0.07625,0.012,2,1
871,0.02,0.05575,0.21575,0.4375,0.271,4,4
872,0.06825,0.206,0.37575,0.2725,0.0775,3,1
873,0.0115,0.0465,0.15625,0.42425,0.3615,4,4
874,0.31625,0.3905,0.213,0.069,0.01125,2,1
875,0.10225,0.2715,0.36375,0.21,0.0525,3,5
876,0.24925,0.37375,0.27225,0.0855,0.01925,2,3
877,0.10075,0.258,0.37625,0.21075,0.05425,3,3
878,0.003,0.01025,0.05575,0.2465,0.6845,5,5
879,0.0665,0.21625,0.37125,0.2745,0.0715,3,3
880,0.064,0.2105,0.36625,0.28275,0.0765,3,2
881,0.01075,0.041,0.15975,0.42325,0.36525,4,4
882,0.20625,0.388,0.275,0.1065,0.02425,2,4
883,0.32525,0.38925,0.20625,0.06575,0.0135,2,3
884,0.01175,0.0435,0.18775,0.45925,0.29775,4,4
885,0.06775,0.208,0.3705,0.27475,0.079,3,4
886,0.0845,0.23825,0.36525,0.24425,0.06775,3,4
887,0.007,0.02325,0.09075,0.34875,0.53025,5,5
888,0.0105,0.04225,0.15925,0.43225,0.35575,4,4
889,0.0045,0.02025,0.09175,0.34175,0.54175,5,4
890,0.01175,0.0405,0.149,0.4345,0.36425,4,5
891,0.0045,0.022,0.10025,0.36625,0.507,5,5
892,0.08225,0.23525,0.36875,0.2465,0.06725,3,3
893,0.015,0.052,0.17425,0.43975,0.319,4,3
894,0.0125,0.04675,0.1535,0.4115,0.37575,4,2
895,0.00225,0.00825,0.05525,0.25325,0.681,5,5
896,0.00725,0.026,0.103,0.35975,0.504,5,4
897,0.00375,0.01175,0.05625,0.26225,0.666,5,4
898,0.07075,0.2165,0.365,0.2685,0.07925,3,3
899,0.004,0.02575,0.08825,0.34925,0.53275,5,4
900,0.018,0.06175,0.21375,0.44475,0.26175,4,5
901,0.13225,0.31925,0.3445,0.16575,0.03825,3,2
902,0.07275,0.199,0.36075,0.284,0.0835,3,3
903,0.01075,0.043,0.16925,0.42175,0.35525,4,2
904,0.08925,0.2725,0.36925,0.21425,0.05475,3,2
905,0.1925,0.357,0.3095,0.11725,0.02375,2,3
906,0.0625,0.19775,0.369,0.2865,0.08425,3,2
907,0.3145,0.387,0.2175,0.06625,0.01475,2,2
908,0.01375,0.0535,0.1905,0.43,0.31225,4,5
909,0.008,0.0455,0.15475,0.42775,0.364,4,5
910,0.003,0.01225,0.0535,0.24325,0.688,5,5
911,0.011,0.039,0.16775,0.432,0.35025,4,5
912,0.22475,0.371,0.2885,0.09525,0.0205,2,2
913,0.13425,0.31225,0.34175,0.17,0.04175,3,2
914,0.19425,0.36525,0.29075,0.1215,0.02825,2,2
915,0.06225,0.19275,0.37075,0.29325,0.081,3,3
916,0.00575,0.02125,0.11175,0.34925,0.512,5,4
917,0.01275,0.06675,0.20825,0.43175,0.2805,4,4
918,0.313,0.39825,0.21125,0.0665,0.011,2,2
919,0.19775,0.36225,0.29425,0.118,0.02775,2,3
920,0.01125,0.045,0.161,0.4245,0.35825,4,5
921,0.13675,0.308,0.3475,0.17025,0.0375,3,3
922,0.00325,0.01075,0.04825,0.26275,0.675,5,5
923,0.07875,0.21225,0.3595,0.27425,0.07525,3,3
924,0.00525,0.02675,0.1065,0.36775,0.49375,5,4
925,0.082,0.231,0.37925,0.24125,0.0665,3,3
926,0.01025,0.042,0.1755,0.41475,0.3575,4,4
927,0.06375,0.201,0.38125,0.2775,0.0765,3,3
928,0.0105,0.038,0.148,0.43325,0.37025,4,5
929,0.066,0.20575,0.36075,0.2835,0.084,3,3
930,0.0125,0.0465,0.17825,0.44725,0.3155,4,4
931,0.2305,0.3715,0.28275,0.092,0.02325,2,1
932,0.0095,0.04825,0.15275,0.42475,0.36475,4,5
933,0.01525,0.05075,0.19225,0.43175,0.31,4,4
934,0.01225,0.044,0.156,0.42575,0.362,4,3
935,0.00875,0.0425,0.165,0.4085,0.37525,4,5
936,0.099,0.27275,0.353,0.222,0.05325,3,2
937,0.01175,0.04775,0.16475,0.4375,0.33825,4,5
938,0.007,0.02325,0.102,0.35575,0.512,5,5
939,0.01025,0.0455,0.155,0.42175,0.3675,4,2
940,0.07075,0.20075,0.37275,0.27825,0.0775,3,1
941,0.19975,0.3765,0.2815,0.12125,0.021,2,2
942,0.07925,0.23675,0.37875,0.241,0.06425,3,4
943,0.0115,0.04125,0.1625,0.43775,0.347,4,5
944,0.07,0.20775,0.368,0.27975,0.0745,3,3
945,0.24375,0.3765,0.271,0.0905,0.01825,2,2
946,0.3325,0.389,0.199,0.06675,0.01275,2,1
947,0.005,0.02175,0.106,0.351,0.51625,5,5
948,0.00675,0.0265,0.09825,0.35625,0.51225,5,4
949,0.243,0.3795,0.26675,0.09325,0.0175,2,1
950,0.015,0.052,0.17725,0.43825,0.3175,4,5
951,0.1385,0.297,0.3475,0.17675,0.04025,3,4
952,0.19175,0.363,0.298,0.1225,0.02475,2,2
953,0.06025,0.215,0.363,0.281,0.08075,3,3
954,0.0105,0.04075,0.15775,0.42325,0.36775,4,4
955,0.32175,0.386,0.2105,0.0695,0.01225,2,3
956,0.06925,0.19825,0.3725,0.28425,0.07575,3,2
957,0.07175,0.20625,0.36025,0.286,0.07575,3,4
958,0.0055,0.02075,0.09225,0.3535,0.528,5,3
959,0.01,0.039,0.16725,0.42475,0.359,4,4
960,0.0675,0.20025,0.373,0.281,0.07825,3,3
961,0.0035,0.0245,0.09825,0.35175,0.522,5,2
962,0.00275,0.0115,0.0555,0.267,0.66325,5,3
963,0.06725,0.20475,0.36275,0.28025,0.085,3,2
964,0.0645,0.221,0.37,0.2715,0.073,3,2
965,0.2065,0.35425,0.30575,0.11075,0.02275,2,1
966,0.01,0.04625,0.1755,0.417,0.35125,4,5
967,0.06675,0.20775,0.3765,0.27225,0.07675,3,4
968,0.072,0.192,0.371,0.28225,0.08275,3,1
969,0.06925,0.2015,0.38225,0.2745,0.0725,3,2
970,0.251,0.39075,0.25025,0.08925,0.01875,2,3
971,0.00725,0.02425,0.097,0.36725,0.50425,5,4
972,0.01225,0.0505,0.20225,0.42925,0.30575,4,4
973,0.011,0.04475,0.15625,0.428,0.36,4,4
974,0.006,0.01875,0.092,0.357,0.52625,5,2
975,0.00375,0.0255,0.09275,0.352,0.526,5,5
976,0.00775,0.04025,0.15675,0.42375,0.3715,4,4
977,0.19175,0.3725,0.29475,0.11525,0.02575,2,2
978,0.31825,0.3905,0.20375,0.07125,0.01625,2,2
979,0.00475,0.02275,0.102,0.35225,0.51825,5,5
980,0.13325,0.31425,0.34425,0.16775,0.0405,3,3
981,0.006,0.02125,0.094,0.34775,0.531,5,5
982,0.06325,0.1995,0.36175,0.29,0.0855,3,4
983,0.0045,0.0195,0.09525,0.35375,0.527,5,5
984,0.1295,0.3165,0.3525,0.16725,0.03425,3,3
985,0.01275,0.044,0.1565,0.43325,0.3535,4,4
986,0.0675,0.20825,0.37875,0.27325,0.07225,3,4
987,0.00625,0.02225,0.0955,0.35125,0.52475,5,5
988,0.13425,0.3115,0.34625,0.17075,0.03725,3,1
989,0.01425,0.048,0.18325,0.4335,0.321,4,3
990,0.0155,0.05575,0.20275,0.43975,0.28625,4,4
991,0.009,0.046,0.16375,0.4215,0.35975,4,4
992,0.06125,0.208,0.3775,0.271,0.08225,3,3
993,0.12725,0.31375,0.34925,0.16875,0.041,3,2
994,0.00825,0.0445,0.154,0.41825,0.375,4,3
995,0.067,0.21125,0.37175,0.2745,0.0755,3,4
996,0.134,0.29725,0.35225,0.17825,0.03825,3,1
997,0.1925,0.3615,0.3075,0.1145,0.024,2,4
998,0.006,0.026,0.09675,0.35925,0.512,5,2
999,0.01175,0.04625,0.16125,0.42575,0.355,4,4
1000,0.00475,0.02375,0.09025,0.3725,0.50875,5,4
1001,0.25275,0.38625,0.24925,0.09225,0.0195,2,2
1002,0.07925,0.229,0.37275,0.25225,0.06675,3,3
1003,0.19875,0.36525,0.2975,0.117,0.0215,2,2
1004,0.317,0.39175,0.213,0.067,0.01125,2,2
1005,0.1285,0.3035,0.3465,0.182,0.0395,3,3
1006,0.32175,0.3875,0.2185,0.05725,0.015,2,2
1007,0.1365,0.304,0.347,0.17325,0.03925,3,4
1008,0.07425,0.2005,0.374,0.2775,0.07375,3,2
1009,0.069,0.21275,0.35475,0.2805,0.083,3,2
1010,0.01625,0.04825,0.1945,0.447,0.294,4,4
1011,0.00525,0.0265,0.0985,0.359,0.51075,5,5
1012,0.08025,0.2325,0.368,0.2545,0.06475,3,4
1013,0.12525,0.30375,0.3725,0.16625,0.03225,3,3
1014,0.06725,0.19775,0.36725,0.28775,0.08,3,4
1015,0.011,0.04225,0.15975,0.41675,0.37025,4,4
1016,0.0585,0.20725,0.376,0.2845,0.07375,3,3
1017,0.19525,0.3625,0.3035,0.111,0.02775,2,3
1018,0.133,0.3095,0.36,0.164,0.0335,3,3
1019,0.06225,0.199,0.371,0.285,0.08275,3,4
1020,0.01025,0.057,0.17825,0.443,0.3115,4,3
1021,0.01275,0.0465,0.1815,0.4335,0.32575,4,3
1022,0.00675,0.02225,0.10575,0.37325,0.492,5,5
1023,0.071,0.20975,0.35575,0.28525,0.07825,3,3
1024,0.12675,0.30425,0.35525,0.175,0.03875,3,3
1025,0.0775,0.249,0.36425,0.249,0.06025,3,1
1026,0.01375,0.045,0.153,0.42975,0.3585,4,4
1027,0.0095,0.04475,0.1635,0.43075,0.3515,4,3
1028,0.01375,0.05225,0.18,0.439,0.315,4,5
1029,0.06975,0.19975,0.37775,0.27625,0.0765,3,3
1030,0.2495,0.38575,0.2685,0.08,0.01625,2,1
1031,0.22325,0.381,0.27825,0.1,0.0175,2,1
1032,0.316,0.39925,0.20325,0.067,0.0145,2,1
1033,0.24025,0.38975,0.25275,0.0985,0.01875,2,3
1034,0.015,0.068,0.20375,0.43375,0.2795,4,4
1035,0.097,0.26525,0.37925,0.21,0.0485,3,3
1036,0.066,0.2015,0.36225,0.28875,0.0815,3,4
1037,0.316,0.3925,0.2135,0.06625,0.01175,2,2
1038,0.0705,0.20475,0.3685,0.28025,0.076,3,3
1039,0.0775,0.243,0.3715,0.242,0.066,3,2
1040,0.0685,0.204,0.3795,0.27225,0.07575,3,5
1041,0.01375,0.0475,0.16275,0.4155,0.3605,4,5
1042,0.23775,0.387,0.26675,0.0895,0.019,2,4
1043,0.0815,0.23975,0.3625,0.24975,0.0665,3,3
1044,0.011,0.0445,0.17175,0.4265,0.34625,4,5
1045,0.00275,0.0085,0.0485,0.256,0.68425,5,5
1046,0.22875,0.37575,0.2815,0.095,0.019,2,2
1047,0.241,0.38875,0.2545,0.09225,0.0235,2,2
1048,0.0135,0.05625,0.18425,0.4295,0.3165,4,3
1049,0.19225,0.36875,0.29525,0.12075,0.023,2,2
1050,0.0155,0.05325,0.184,0.4455,0.30175,4,4
1051,0.09325,0.26075,0.374,0.22125,0.05075,3,3
1052,0.09675,0.255,0.3685,0.22625,0.0535,3,1
1053,0.132,0.31375,0.3485,0.161,0.04475,3,4
1054,0.0665,0.206,0.36775,0.27675,0.083,3,4
1055,0.0685,0.21025,0.36875,0.27975,0.07275,3,3
1056,0.06475,0.193,0.38125,0.28325,0.07775,3,3
1057,0.104,0.2595,0.36675,0.2175,0.05225,3,2
1058,0.0655,0.206,0.37325,0.27075,0.0845,3,4
1059,0.0675,0.19925,0.37475,0.28425,0.07425,3,3
1060,0.219,0.37875,0.26825,0.1125,0.0215,2,2
1061,0.077,0.236,0.36625,0.25025,0.0705,3,3
1062,0.19375,0.36275,0.29725,0.12275,0.0235,2,2
1063,0.0685,0.2075,0.3705,0.279,0.0745,3,4
1064,0.0135,0.058,0.18825,0.432,0.30825,4,4
1065,0.06575,0.20625,0.371,0.28175,0.07525,3,4
1066,0.082,0.2325,0.36725,0.251,0.06725,3,3
1067,0.00925,0.04575,0.16125,0.431,0.35275,4,4
1068,0.1985,0.36025,0.2995,0.11875,0.023,2,4
1069,0.0045,0.02375,0.093,0.368,0.51075,5,3
1070,0.191,0.36975,0.304,0.11225,0.023,2,3
1071,0.06825,0.1995,0.364,0.279,0.08925,3,2
1072,0.0065,0.0265,0.097,0.3555,0.5145,5,5
1073,0.01575,0.064,0.21525,0.4345,0.2705,4,2
1074,0.01075,0.05075,0.1595,0.4295,0.3495,4,5
1075,0.01025,0.046,0.15925,0.41975,0.36475,4,3
1076,0.00475,0.01925,0.1005,0.36175,0.51375,5,5
1077,0.09575,0.27525,0.36075,0.218,0.05025,3,3
1078,0.23875,0.3715,0.26975,0.097,0.023,2,3
1079,0.01425,0.06,0.211,0.417,0.29775,4,4
1080,0.19175,0.37225,0.293,0.11325,0.02975,2,3
1081,0.2265,0.3615,0.2975,0.09625,0.01825,2,4
1082,0.24175,0.3865,0.25675,0.09525,0.01975,2,1
1083,0.07575,0.21375,0.35475,0.282,0.07375,3,3
1084,0.067,0.2065,0.37525,0.27475,0.0765,3,3
1085,0.00525,0.02625,0.09475,0.35225,0.5215,5,2
1086,0.134,0.30075,0.34375,0.18125,0.04025,3,3
1087,0.01675,0.0595,0.20925,0.42875,0.28575,4,4
1088,0.011,0.05025,0.18,0.4445,0.31425,4,4
1089,0.1,0.27025,0.35975,0.21625,0.05375,3,5
1090,0.22925,0.382,0.28175,0.08575,0.02125,2,5
1091,0.231,0.3865,0.274,0.0885,0.02,2,2
1092,0.01525,0.03975,0.162,0.42425,0.35875,4,5
1093,0.31,0.399,0.21575,0.06125,0.014,2,1
1094,0.01375,0.066,0.21175,0.43675,0.27175,4,3
1095,0.0755,0.23525,0.3745,0.249,0.06575,3,4
1096,0.24725,0.3795,0.2665,0.08975,0.017,2,2
1097,0.19025,0.3675,0.3075,0.1125,0.02225,2,3
1098,0.00175,0.01125,0.0545,0.255,0.6775,5,4
1099,0.0115,0.04125,0.17525,0.4135,0.3585,4,4
1100,0.0055,0.02625,0.09525,0.36325,0.50975,5,5
1101,0.329,0.39425,0.2005,0.066,0.01025,2,1
1102,0.23775,0.3755,0.27575,0.0905,0.0205,2,2
1103,0.1965,0.35675,0.30525,0.11225,0.02925,2,2
1104,0.19525,0.36825,0.30325,0.1085,0.02475,2,2
1105,0.06625,0.2025,0.3575,0.285,0.08875,3,4
1106,0.009,0.042,0.15375,0.42675,0.3685,4,4
1107,0.069,0.21475,0.36225,0.27425,0.07975,3,3
1108,0.1935,0.3705,0.2985,0.11425,0.02325,2,2
1109,0.09775,0.26025,0.3605,0.22125,0.06025,3,3
1110,0.01,0.045,0.16475,0.42825,0.352,4,5
1111,0.06525,0.20675,0.364,0.281,0.083,3,3
1112,0.05975,0.195,0.38825,0.28475,0.07225,3,3
1113,0.009,0.044,0.1745,0.4245,0.348,4,4
1114,0.014,0.0555,0.19325,0.4245,0.31275,4,4
1115,0.006,0.0225,0.1025,0.36475,0.50425,5,4
1116,0.0225,0.06,0.20775,0.42825,0.2815,4,4
1117,0.195,0.36325,0.298,0.11975,0.024,2,4
1118,0.00275,0.01225,0.05325,0.25225,0.6795,5,5
1119,0.06875,0.219,0.37025,0.27225,0.06975,3,4
1120,0.221,0.3945,0.2665,0.10075,0.01725,2,3
1121,0.06575,0.20525,0.362,0.2855,0.0815,3,3
1122,0.11725,0.3015,0.36975,0.171,0.0405,3,3
1123,0.085,0.23125,0.378,0.2415,0.06425,3,2
1124,0.01625,0.063,0.2045,0.4335,0.28275,4,3
1125,0.126,0.30475,0.3495,0.18075,0.039,3,2
1126,0.23225,0.38025,0.2755,0.096,0.016,2,4
1127,0.01125,0.0535,0.17275,0.43875,0.32375,4,5
1128,0.0075,0.03925,0.1655,0.421,0.36675,4,4
1129,0.01075,0.042,0.15775,0.43025,0.35925,4,4
1130,0.0625,0.20525,0.362,0.28625,0.084,3,3
1131,0.09425,0.249,0.38075,0.22025,0.05575,3,2
1132,0.09925,0.26125,0.369,0.2185,0.052,3,3
1133,0.187,0.356,0.303,0.128,0.026,2,3
1134,0.067,0.19875,0.38025,0.27025,0.08375,3,2
1135,0.0045,0.01,0.04775,0.258,0.67975,5,4
1136,0.08225,0.2345,0.374,0.24375,0.0655,3,3
1137,0.00475,0.0245,0.10675,0.35725,0.50675,5,5
1138,0.0125,0.0465,0.17975,0.3955,0.36575,4,3
1139,0.098,0.25925,0.37625,0.218,0.0485,3,3
1140,0.00875,0.0395,0.1565,0.42925,0.366,4,5
1141,0.06475,0.212,0.36675,0.27675,0.07975,3,4
1142,0.0705,0.206,0.3625,0.28525,0.07575,3,3
1143,0.09325,0.2615,0.37025,0.22375,0.05125,3,2
1144,0.05975,0.19525,0.3665,0.2935,0.085,3,2
1145,0.19725,0.3535,0.30975,0.118,0.0215,2,2
1146,0.00375,0.02425,0.0935,0.3575,0.521,5,5
1147,0.13775,0.3075,0.35475,0.166,0.034,3,2
1148,0.079,0.2055,0.36675,0.27675,0.072,3,4
1149,0.24325,0.402,0.25275,0.08325,0.01875,2,3
1150,0.09525,0.259,0.3655,0.21975,0.0605,3,3
1151,0.10425,0.26175,0.3575,0.221,0.0555,3,3
1152,0.126,0.32025,0.34025,0.17275,0.04075,3,1
1153,0.011,0.04525,0.15475,0.43025,0.35875,4,4
1154,0.2275,0.37175,0.2785,0.1055,0.01675,2,4
1155,0.247,0.3835,0.2525,0.0965,0.0205,2,4
1156,0.3115,0.39775,0.21675,0.06375,0.01025,2,2
1157,0.0125,0.04575,0.1735,0.42275,0.3455,4,5
1158,0.00725,0.0245,0.105,0.35275,0.5105,5,5
1159,0.005,0.0225,0.0935,0.35975,0.51925,5,4
1160,0.1265,0.28875,0.36525,0.1785,0.041,3,3
1161,0.22225,0.40125,0.27375,0.08475,0.018,2,3
1162,0.0145,0.068,0.213,0.424,0.2805,4,5
1163,0.06775,0.224,0.361,0.263,0.08425,3,2
1164,0.01275,0.054,0.18525,0.426,0.322,4,5
1165,0.0835,0.226,0.377,0.24075,0.07275,3,2
1166,0.00525,0.02775,0.0955,0.358,0.5135,5,5
1167,0.0065,0.02225,0.09175,0.3515,0.528,5,5
1168,0.2355,0.3725,0.2735,0.09925,0.01925,2,1
1169,0.067,0.20225,0.36575,0.28825,0.07675,3,2
1170,0.12725,0.3095,0.3485,0.17825,0.0365,3,2
1171,0.31225,0.383,0.2245,0.06675,0.0135,2,2
1172,0.00475,0.013,0.05325,0.261,0.668,5,5
1173,0.10375,0.25575,0.36575,0.2215,0.05325,3,4
1174,0.0035,0.01375,0.04775,0.2585,0.6765,5,5
1175,0.07725,0.2335,0.3605,0.26775,0.061,3,3
1176,0.00925,0.02525,0.0975,0.3625,0.5055,5,3
1177,0.205,0.3585,0.29875,0.115,0.02275,2,3
1178,0.2415,0.38275,0.25575,0.101,0.019,2,1
1179,0.06725,0.20625,0.36275,0.28175,0.082,3,3
1180,0.1275,0.30625,0.34975,0.175,0.0415,3,2
1181,0.1335,0.3125,0.34425,0.1675,0.04225,3,3
1182,0.13275,0.30675,0.35075,0.17,0.03975,3,4
1183,0.01725,0.056,0.20875,0.43325,0.28475,4,5
1184,0.18325,0.36375,0.30475,0.12175,0.0265,2,2
1185,0.189,0.36575,0.30125,0.1205,0.0235,2,2
1186,0.191,0.3715,0.28975,0.122,0.02575,2,4
1187,0.192,0.36575,0.295,0.12125,0.026,2,3
1188,0.324,0.39975,0.2025,0.0605,0.01325,2,2
1189,0.0675,0.20175,0.37425,0.2755,0.081,3,2
1190,0.014,0.05525,0.192,0.42575,0.313,4,4
1191,0.094,0.26625,0.3875,0.1995,0.05275,3,1
1192,0.111,0.25825,0.36575,0.21075,0.05425,3,3
1193,0.23425,0.387,0.266,0.095,0.01775,2,4
1194,0.25225,0.37875,0.26075,0.09025,0.018,2,2
1195,0.004,0.02075,0.09475,0.35075,0.52975,5,5
1196,0.0655,0.2065,0.371,0.289,0.068,3,4
1197,0.1005,0.25425,0.37925,0.211,0.055,3,2
1198,0.2275,0.3715,0.2785,0.0965,0.026,2,1
1199,0.3155,0.3845,0.2215,0.065,0.0135,2,2
1200,0.0795,0.243,0.3725,0.2435,0.0615,3,2
1201,0.0635,0.21875,0.37,0.2705,0.07725,3,2
1202,0.07325,0.20225,0.35625,0.28725,0.081,3,2
1203,0.0745,0.206,0.36175,0.27975,0.078,3,3
1204,0.0075,0.0215,0.103,0.36725,0.50075,5,5
1205,0.004,0.02025,0.093,0.37775,0.505,5,2
1206,0.016,0.05375,0.17925,0.43025,0.32075,4,2
1207,0.0705,0.20275,0.37425,0.2755,0.077,3,3
1208,0.2435,0.38375,0.26275,0.09,0.02,2,4
1209,0.0025,0.01175,0.04725,0.254,0.6845,5,4
1210,0.0105,0.04625,0.1695,0.409,0.36475,4,5
1211,0.069,0.19425,0.3775,0.28,0.07925,3,3
1212,0.0635,0.2025,0.3695,0.28725,0.07725,3,4
1213,0.076,0.2515,0.371,0.233,0.0685,3,4
1214,0.01025,0.04275,0.16225,0.42925,0.3555,4,5
1215,0.2485,0.38225,0.2715,0.07775,0.02,2,2
1216,0.01375,0.04075,0.15525,0.431,0.35925,4,5
1217,0.12275,0.323,0.33825,0.17425,0.04175,3,4
1218,0.1035,0.2625,0.3665,0.21325,0.05425,3,4
1219,0.014,0.0595,0.2105,0.4345,0.2815,4,4
1220,0.313,0.40025,0.22025,0.05375,0.01275,2,3
1221,0.00725,0.02025,0.101,0.35275,0.51875,5,3
1222,0.0025,0.01375,0.0525,0.255,0.67625,5,5
1223,0.007,0.022,0.09675,0.3485,0.52575,5,3
1224,0.00875,0.04525,0.16625,0.42225,0.3575,4,5
1225,0.00725,0.0445,0.16475,0.40775,0.37575,4,5
1226,0.0025,0.0135,0.05375,0.25725,0.673,5,5
1227,0.31175,0.40125,0.20975,0.065,0.01225,2,2
1228,0.08025,0.226,0.38625,0.24175,0.06575,3,3
1229,0.0105,0.042,0.164,0.40475,0.37875,4,4
1230,0.32475,0.37475,0.22075,0.0675,0.01225,2,3
1231,0.00225,0.011,0.05275,0.256,0.678,5,5
1232,0.0045,0.02125,0.091,0.35825,0.525,5,3
1233,0.00675,0.02025,0.0945,0.34275,0.53575,5,3
1234,0.07025,0.1995,0.3755,0.26975,0.085,3,2
1235,0.0065,0.02075,0.082,0.35775,0.533,5,5
1236,0.23825,0.37825,0.2715,0.096,0.016,2,2
1237,0.11775,0.30175,0.373,0.164,0.0435,3,1
1238,0.0115,0.04525,0.1625,0.42675,0.354,4,4
1239,0.08725,0.2475,0.36825,0.2325,0.0645,3,4
1240,0.00525,0.02075,0.09775,0.35825,0.518,5,5
1241,0.2305,0.37225,0.2765,0.09925,0.0215,2,3
1242,0.18925,0.367,0.312,0.10775,0.024,2,1
1243,0.32925,0.38825,0.207,0.0645,0.011,2,2
1244,0.2405,0.382,0.259,0.09925,0.01925,2,2
1245,0.24625,0.394,0.25225,0.09,0.0175,2,4
1246,0.01025,0.03975,0.15925,0.42475,0.366,4,5
1247,0.003,0.015,0.05675,0.26075,0.6645,5,4
1248,0.003,0.01175,0.0515,0.25175,0.682,5,5
1249,0.23775,0.37925,0.27075,0.08975,0.0225,2,3
1250,0.002,0.013,0.0535,0.255,0.6765,5,5
1251,0.0045,0.02575,0.0985,0.34375,0.5275,5,5
1252,0.09975,0.26325,0.37425,0.2085,0.05425,3,3
1253,0.089,0.25925,0.3735,0.2195,0.05875,3,4
1254,0.09625,0.25825,0.37375,0.22075,0.051,3,4
1255,0.00675,0.023,0.11075,0.34975,0.50975,5,5
1256,0.01125,0.0435,0.1605,0.41,0.37475,4,5
1257,0.31475,0.4035,0.2025,0.0645,0.01475,2,1
1258,0.00625,0.0265,0.09425,0.3405,0.5325,5,4
1259,0.01525,0.0525,0.1825,0.44,0.30975,4,4
1260,0.00475,0.0245,0.096,0.357,0.51775,5,4
1261,0.012,0.04675,0.1655,0.415,0.36075,4,3
1262,0.00575,0.02325,0.09275,0.33925,0.539,5,5
1263,0.22375,0.37075,0.284,0.10375,0.01775,2,1
1264,0.10025,0.26475,0.36225,0.22325,0.0495,3,2
1265,0.0675,0.212,0.36525,0.2675,0.08775,3,4
1266,0.00625,0.024,0.10625,0.34125,0.52225,5,5
1267,0.011,0.0415,0.159,0.43,0.3585,4,4
1268,0.014,0.052,0.1855,0.4375,0.311,4,5
1269,0.01425,0.053,0.21025,0.443,0.2795,4,3
1270,0.09825,0.27275,0.36475,0.20875,0.0555,3,2
1271,0.06075,0.20025,0.377,0.2805,0.0815,3,3
1272,0.004,0.01325,0.0575,0.24025,0.685,5,4
1273,0.116,0.318,0.363,0.17025,0.03275,3,2
1274,0.0685,0.20525,0.378,0.2615,0.08675,3,3
1275,0.32075,0.39325,0.20925,0.065,0.01175,2,2
1276,0.0065,0.0285,0.1035,0.35975,0.50175,5,5
1277,0.09675,0.26825,0.36025,0.2225,0.05225,3,1
1278,0.13,0.321,0.3445,0.163,0.0415,3,2
1279,0.10225,0.25775,0.3685,0.21875,0.05275,3,1
1280,0.1875,0.361,0.30575,0.12175,0.024,2,2
1281,0.06075,0.20725,0.3645,0.2895,0.078,3,3
1282,0.31575,0.381,0.225,0.067,0.01125,2,1
1283,0.0065,0.02775,0.1,0.358,0.50775,5,5
1284,0.07525,0.1965,0.3625,0.289,0.07675,3,2
1285,0.06725,0.21125,0.37075,0.269,0.08175,3,4
1286,0.25075,0.37925,0.26,0.0895,0.0205,2,4
1287,0.00975,0.0345,0.16275,0.4245,0.3685,4,4
1288,0.0685,0.2145,0.3595,0.28375,0.07375,3,2
1289,0.19875,0.35175,0.30625,0.117,0.02625,2,1
1290,0.133,0.301,0.35525,0.1725,0.03825,3,2
1291,0.00275,0.014,0.0555,0.25525,0.6725,5,4
1292,0.0105,0.03675,0.16275,0.4195,0.3705,4,5
1293,0.23425,0.392,0.267,0.091,0.01575,2,3
1294,0.082,0.2385,0.37075,0.24325,0.0655,3,2
1295,0.00275,0.00925,0.05225,0.25275,0.683,5,4
1296,0.013,0.05525,0.181,0.44,0.31075,4,5
1297,0.00475,0.0235,0.095,0.36225,0.5145,5,5
1298,0.01325,0.05675,0.186,0.42775,0.31625,4,5
1299,0.004,0.0135,0.06175,0.26425,0.6565,5,4
1300,0.017,0.06475,0.20475,0.435,0.2785,4,3
1301,0.0795,0.23425,0.36975,0.25125,0.06525,3,4
1302,0.24475,0.3815,0.264,0.09125,0.0185,2,1
1303,0.31975,0.387,0.2185,0.0645,0.01025,2,2
1304,0.10025,0.25575,0.376,0.208,0.06,3,4
1305,0.06775,0.20775,0.37425,0.278,0.07225,3,3
1306,0.312,0.397,0.21425,0.0625,0.01425,2,2
1307,0.01125,0.05175,0.18425,0.4295,0.32325,4,3
1308,0.32825,0.37575,0.2135,0.0685,0.014,2,2
1309,0.12875,0.3115,0.34,0.17925,0.0405,3,2
1310,0.00325,0.01425,0.05675,0.25,0.67575,5,5
1311,0.1985,0.36575,0.28925,0.12425,0.02225,2,2
1312,0.2425,0.3845,0.26325,0.08875,0.021,2,2
1313,0.1885,0.36475,0.2985,0.1175,0.03075,2,4
1314,0.0995,0.28,0.36425,0.19725,0.059,3,2
1315,0.071,0.2125,0.36075,0.2765,0.07925,3,1
1316,0.2275,0.37725,0.27075,0.10175,0.02275,2,2
1317,0.073,0.19375,0.37325,0.28425,0.07575,3,3
1318,0.06575,0.21525,0.36925,0.27525,0.0745,3,4
1319,0.0655,0.20425,0.369,0.2875,0.07375,3,2
1320,0.059,0.2055,0.3695,0.288,0.078,3,3
1321,0.24475,0.375,0.26275,0.0995,0.018,2,4
1322,0.33325,0.38025,0.21125,0.06225,0.013,2,3
1323,0.0175,0.0635,0.205,0.43875,0.27525,4,4
1324,0.19575,0.35525,0.2995,0.11975,0.02975,2,2
1325,0.24175,0.38675,0.25275,0.097,0.02175,2,3
1326,0.0155,0.0585,0.18025,0.433,0.31275,4,5
1327,0.069,0.20475,0.35725,0.28025,0.08875,3,4
1328,0.01525,0.052,0.18075,0.44275,0.30925,4,5
1329,0.1755,0.362,0.311,0.12425,0.02725,2,2
1330,0.33075,0.38625,0.20575,0.063,0.01425,2,2
1331,0.00375,0.01275,0.054,0.24675,0.68275,5,5
1332,0.01225,0.0575,0.2025,0.4455,0.28225,4,4
1333,0.01125,0.0445,0.157,0.42975,0.3575,4,2
1334,0.12075,0.31125,0.36125,0.16475,0.042,3,3
1335,0.1865,0.365,0.29025,0.13225,0.026,2,2
1336,0.016,0.0535,0.2065,0.43925,0.28475,4,5
1337,0.01325,0.063,0.21175,0.4275,0.2845,4,2
1338,0.00675,0.0285,0.097,0.3565,0.51125,5,4
1339,0.00675,0.0275,0.09725,0.356,0.5125,5,5
1340,0.10525,0.2645,0.35925,0.21575,0.05525,3,3
1341,0.0925,0.27275,0.37025,0.21475,0.04975,3,3
1342,0.01775,0.065,0.21025,0.434,0.273,4,5
1343,0.01,0.05275,0.15275,0.42525,0.35925,4,3
1344,0.07025,0.2415,0.36525,0.25375,0.06925,3,3
1345,0.00225,0.01175,0.054,0.25375,0.67825,5,5
1346,0.00325,0.0125,0.0565,0.25,0.67775,5,5
1347,0.13525,0.3045,0.34625,0.1745,0.0395,3,2
1348,0.07375,0.204,0.3655,0.2735,0.08325,3,5
1349,0.00525,0.0235,0.10675,0.36075,0.50375,5,5
1350,0.20075,0.355,0.3055,0.11625,0.0225,2,3
1351,0.20025,0.35875,0.2865,0.128,0.0265,2,3
1352,0.006,0.022,0.1055,0.361,0.5055,5,4
1353,0.12625,0.3065,0.3525,0.17275,0.042,3,2
1354,0.00475,0.01,0.05525,0.25425,0.67575,5,5
1355,0.197,0.364,0.30125,0.11425,0.0235,2,3
1356,0.00975,0.0455,0.1675,0.4265,0.35075,4,4
1357,0.015,0.047,0.192,0.42525,0.32075,4,4
1358,0.1975,0.36475,0.295,0.1175,0.02525,2,3
1359,0.19925,0.3485,0.31375,0.11525,0.02325,2,2
1360,0.0705,0.1925,0.3555,0.29925,0.08225,3,2
1361,0.0685,0.208,0.375,0.2705,0.078,3,2
1362,0.063,0.20625,0.374,0.28025,0.0765,3,2
1363,0.06925,0.21025,0.3685,0.27575,0.07625,3,4
1364,0.2395,0.38625,0.264,0.09375,0.0165,2,3
1365,0.002,0.0125,0.05375,0.25075,0.681,5,5
1366,0.00225,0.0115,0.0535,0.24925,0.6835,5,4
1367,0.07075,0.2065,0.36,0.28275,0.08,3,2
1368,0.01525,0.05,0.19025,0.43775,0.30675,4,3
1369,0.01275,0.0545,0.1845,0.42025,0.328,4,3
1370,0.00425,0.02925,0.10275,0.35375,0.51,5,5
1371,0.22825,0.3685,0.27925,0.099,0.025,2,2
1372,0.09775,0.272,0.37325,0.207,0.05,3,4
1373,0.01375,0.06175,0.20675,0.4345,0.28325,4,5
1374,0.13275,0.30875,0.3495,0.169,0.04,3,2
1375,0.06875,0.207,0.36375,0.286,0.0745,3,4
1376,0.006,0.045,0.17475,0.4155,0.35875,4,5
1377,0.0125,0.04425,0.15875,0.4315,0.353,4,5
1378,0.01425,0.051,0.185,0.443,0.30675,4,5
1379,0.125,0.311,0.3595,0.16675,0.03775,3,3
1380,0.07525,0.19775,0.36675,0.27775,0.0825,3,2
1381,0.07375,0.193,0.35625,0.295,0.082,3,4
1382,0.1975,0.36325,0.296,0.12,0.02325,2,3
1383,0.21075,0.382,0.27725,0.1095,0.0205,2,2
1384,0.0045,0.0225,0.09675,0.3465,0.52975,5,5
1385,0.0595,0.20575,0.3805,0.27825,0.076,3,3
1386,0.1965,0.3695,0.2975,0.112,0.0245,2,1
1387,0.00975,0.043,0.1705,0.4285,0.34825,4,5
1388,0.209,0.34,0.304,0.1175,0.0295,2,1
1389,0.13675,0.3145,0.33725,0.175,0.0365,3,2
1390,0.24825,0.377,0.26225,0.093,0.0195,2,2
1391,0.06175,0.2055,0.36375,0.28675,0.08225,3,4
1392,0.0085,0.04375,0.14625,0.4355,0.366,4,4
1393,0.002,0.0095,0.0425,0.26225,0.68375,5,4
1394,0.13175,0.2985,0.34425,0.18225,0.04325,3,2
1395,0.062,0.206,0.37,0.28075,0.08125,3,2
1396,0.00625,0.02575,0.09625,0.36125,0.5105,5,4
1397,0.066,0.2135,0.35775,0.28625,0.0765,3,2
1398,0.06825,0.2135,0.36275,0.28125,0.07425,3,4
1399,0.065,0.21125,0.36325,0.285,0.0755,3,4
1400,0.086,0.229,0.358,0.25925,0.06775,3,2
1401,0.245,0.39575,0.2525,0.0915,0.01525,2,4
1402,0.011,0.04575,0.15425,0.423,0.366,4,2
1403,0.1965,0.3615,0.30225,0.12025,0.0195,2,3
1404,0.0065,0.0255,0.09925,0.33475,0.534,5,5
1405,0.013,0.06525,0.2015,0.44575,0.2745,4,4
1406,0.3155,0.38575,0.22225,0.06475,0.01175,2,2
1407,0.0065,0.0205,0.10225,0.3515,0.51925,5,5
1408,0.014,0.05925,0.1835,0.425,0.31825,4,3
1409,0.20025,0.3735,0.28775,0.1135,0.025,2,3
1410,0.01025,0.05025,0.1585,0.409,0.372,4,5
1411,0.32375,0.394,0.207,0.06325,0.012,2,1
1412,0.06875,0.19625,0.37825,0.2835,0.07325,3,2
1413,0.00725,0.023,0.10175,0.35575,0.51225,5,3
1414,0.01175,0.038,0.162,0.4215,0.36675,4,5
1415,0.00275,0.0115,0.051,0.26925,0.6655,5,5
1416,0.012,0.04275,0.15875,0.42525,0.36125,4,5
1417,0.227,0.37875,0.27875,0.093,0.0225,2,2
1418,0.2,0.359,0.2985,0.118,0.0245,2,2
1419,0.09075,0.23175,0.377,0.23675,0.06375,3,3
1420,0.22325,0.37325,0.27975,0.09875,0.025,2,3
1421,0.011,0.052,0.177,0.432,0.328,4,5
1422,0.0105,0.04125,0.17425,0.41725,0.35675,4,4
1423,0.095,0.259,0.37025,0.22125,0.0545,3,4
1424,0.2285,0.387,0.261,0.10025,0.02325,2,1
1425,0.01125,0.0395,0.15925,0.42375,0.36625,4,1
1426,0.085,0.2725,0.37575,0.21575,0.051,3,4
1427,0.00625,0.02175,0.09,0.35225,0.52975,5,5
1428,0.19625,0.3665,0.29025,0.1195,0.0275,2,4
1429,0.193,0.3615,0.30675,0.11775,0.021,2,2
1430,0.01125,0.04225,0.167,0.42325,0.35625,4,4
1431,0.1985,0.3645,0.295,0.11875,0.02325,2,2
1432,0.0685,0.2025,0.36375,0.2885,0.07675,3,4
1433,0.0855,0.23625,0.379,0.23725,0.062,3,2
1434,0.1275,0.325,0.3395,0.16575,0.04225,3,3
1435,0.06325,0.21025,0.371,0.27625,0.07925,3,2
1436,0.06975,0.212,0.35525,0.28225,0.08075,3,4
1437,0.08225,0.2245,0.384,0.24725,0.062,3,4
1438,0.01275,0.045,0.163,0.4205,0.35875,4,5
1439,0.0105,0.04925,0.16325,0.414,0.363,4,4
1440,0.3115,0.40925,0.20525,0.0585,0.0155,2,2
1441,0.0115,0.0465,0.164,0.426,0.352,4,2
1442,0.01325,0.05225,0.18175,0.4305,0.32225,4,3
1443,0.01225,0.05875,0.1805,0.44325,0.30525,4,4
1444,0.21775,0.3715,0.29475,0.095,0.021,2,2
1445,0.017,0.05025,0.18375,0.43725,0.31175,4,5
1446,0.002,0.012,0.05275,0.25525,0.678,5,5
1447,0.18925,0.3575,0.3095,0.1185,0.02525,2,3
1448,0.01225,0.0555,0.1775,0.435,0.31975,4,4
1449,0.082,0.2325,0.37225,0.24675,0.0665,3,2
1450,0.129,0.315,0.33775,0.176,0.04225,3,3
1451,0.24125,0.379,0.27125,0.08875,0.01975,2,1
1452,0.062,0.20725,0.37,0.28325,0.0775,3,4
1453,0.3285,0.38925,0.19875,0.0695,0.014,2,2
1454,0.004,0.02675,0.097,0.353,0.51925,5,3
1455,0.319,0.38825,0.20725,0.07225,0.01325,2,2
1456,0.07025,0.20575,0.35975,0.28575,0.0785,3,4
1457,0.006,0.0235,0.103,0.365,0.5025,5,4
1458,0.21875,0.3915,0.27075,0.0995,0.0195,2,3
1459,0.19375,0.3635,0.29775,0.11825,0.02675,2,2
1460,0.243,0.3785,0.26525,0.09725,0.016,2,3
1461,0.00575,0.024,0.0915,0.3645,0.51425,5,4
1462,0.06,0.20975,0.36375,0.28225,0.08425,3,3
1463,0.079,0.24525,0.3715,0.243,0.06125,3,3
1464,0.015,0.05375,0.1795,0.441,0.31075,4,3
1465,0.0055,0.02025,0.097,0.35075,0.5265,5,5
1466,0.0105,0.03625,0.1625,0.4265,0.36425,4,4
1467,0.07075,0.19575,0.38,0.26475,0.08875,3,4
1468,0.00975,0.053,0.1905,0.4375,0.30925,4,5
1469,0.00475,0.02925,0.10275,0.34925,0.514,5,5
1470,0.08325,0.24175,0.36825,0.243,0.06375,3,3
1471,0.1295,0.3025,0.36,0.1675,0.0405,3,1
1472,0.0105,0.04475,0.1775,0.42075,0.3465,4,4
1473,0.01575,0.04775,0.1895,0.43025,0.31675,4,5
1474,0.13475,0.3075,0.34325,0.1745,0.04,3,4
1475,0.1985,0.3595,0.3085,0.109,0.0245,2,2
1476,0.0705,0.20175,0.37625,0.274,0.0775,3,4
1477,0.09825,0.26825,0.3555,0.218,0.06,3,3
1478,0.072,0.19675,0.368,0.285,0.07825,3,4
1479,0.07875,0.251,0.3695,0.2325,0.06825,3,4
1480,0.07875,0.23975,0.36375,0.251,0.06675,3,2
1481,0.06125,0.21675,0.36725,0.2735,0.08125,3,4
1482,0.3295,0.38325,0.21325,0.05975,0.01425,2,3
1483,0.09725,0.26275,0.36775,0.2145,0.05775,3,3
1484,0.01175,0.0505,0.19275,0.42975,0.31525,4,3
1485,0.24425,0.3905,0.25525,0.0915,0.0185,2,3
1486,0.007,0.022,0.09775,0.35525,0.518,5,3
1487,0.067,0.20325,0.36825,0.28225,0.07925,3,3
1488,0.003,0.025,0.0875,0.348,0.5365,5,5
1489,0.06925,0.21225,0.3575,0.27625,0.08475,3,5
1490,0.014,0.06425,0.2125,0.42475,0.2845,4,2
1491,0.006,0.02225,0.10125,0.351,0.5195,5,4
1492,0.25775,0.369,0.26175,0.09125,0.02025,2,2
1493,0.00925,0.04675,0.15325,0.41075,0.38,4,4
1494,0.00275,0.0105,0.0635,0.24875,0.6745,5,5
1495,0.00775,0.04625,0.15825,0.44075,0.347,4,3
1496,0.01925,0.0655,0.19775,0.4485,0.269,4,4
1497,0.06825,0.18575,0.379,0.28675,0.08025,3,3
1498,0.0635,0.21175,0.36575,0.272,0.087,3,3
1499,0.00625,0.0235,0.10375,0.3605,0.506,5,5
1500,0.0695,0.217,0.36125,0.272,0.08025,3,2
1501,0.0855,0.23975,0.35925,0.25325,0.06225,3,3
1502,0.00425,0.02225,0.093,0.35375,0.52675,5,5
1503,0.0115,0.05575,0.18975,0.43475,0.30825,4,5
1504,0.005,0.02175,0.09575,0.35225,0.52525,5,4
1505,0.002,0.01275,0.05075,0.25575,0.67875,5,5
1506,0.00475,0.024,0.09775,0.34525,0.52825,5,4
1507,0.067,0.2055,0.37125,0.2795,0.07675,3,4
1508,0.08575,0.223,0.377,0.25275,0.0615,3,4
1509,0.31725,0.38875,0.21525,0.06975,0.009,2,1
1510,0.071,0.212,0.37375,0.266,0.07725,3,4
1511,0.2485,0.3815,0.24825,0.1045,0.01725,2,1
1512,0.01025,0.051,0.1695,0.44025,0.329,4,3
1513,0.069,0.2025,0.37175,0.26775,0.089,3,4
1514,0.07625,0.23075,0.38,0.24625,0.06675,3,3
1515,0.0715,0.18525,0.374,0.28675,0.0825,3,3
1516,0.06775,0.20875,0.374,0.273,0.0765,3,1
1517,0.09975,0.268,0.36525,0.21375,0.05325,3,3
1518,0.009,0.02625,0.0965,0.3565,0.51175,5,5
1519,0.227,0.38375,0.26725,0.10225,0.01975,2,3
1520,0.06775,0.20425,0.37575,0.2755,0.07675,3,4
1521,0.065,0.2105,0.3605,0.284,0.08,3,3
1522,0.0065,0.021,0.08675,0.35625,0.5295,5,5
1523,0.0725,0.193,0.3815,0.27925,0.07375,3,4
1524,0.01425,0.067,0.2165,0.43025,0.272,4,5
1525,0.203,0.36675,0.29375,0.1115,0.025,2,3
1526,0.01,0.04425,0.1555,0.4265,0.36375,4,3
1527,0.00975,0.04,0.16025,0.43325,0.35675,4,4
1528,0.062,0.20975,0.36875,0.28175,0.07775,3,3
1529,0.075,0.20375,0.3645,0.278,0.07875,3,2
1530,0.007,0.0215,0.0995,0.353,0.519,5,4
1531,0.32325,0.37975,0.2175,0.0665,0.013,2,4
1532,0.00275,0.01175,0.05475,0.24925,0.6815,5,5
1533,0.22375,0.38525,0.27025,0.0995,0.02125,2,2
1534,0.33575,0.377,0.21175,0.0625,0.013,2,3
1535,0.24175,0.37425,0.2665,0.0955,0.022,2,4
1536,0.012,0.0425,0.168,0.41,0.3675,4,4
1537,0.0685,0.213,0.37,0.27625,0.07225,3,3
1538,0.12,0.31375,0.34725,0.18,0.039,3,3
1539,0.0705,0.2115,0.36275,0.27525,0.08,3,4
1540,0.19275,0.3655,0.29325,0.12375,0.02475,2,3
1541,0.01075,0.03575,0.15725,0.4365,0.35975,4,2
1542,0.098,0.255,0.3665,0.22275,0.05775,3,3
1543,0.3255,0.38625,0.20825,0.06175,0.01825,2,4
1544,0.07025,0.2025,0.36025,0.28325,0.08375,3,3
1545,0.06325,0.20475,0.383,0.2705,0.0785,3,3
1546,0.066,0.19975,0.3795,0.281,0.07375,3,3
1547,0.077,0.24425,0.36625,0.249,0.0635,3,3
1548,0.067,0.203,0.3555,0.29025,0.08425,3,4
1549,0.10225,0.2495,0.37775,0.216,0.0545,3,2
1550,0.067,0.2075,0.35875,0.27825,0.0885,3,2
1551,0.315,0.38675,0.21725,0.067,0.014,2,1
1552,0.07025,0.201,0.378,0.27175,0.079,3,2
1553,0.0115,0.04275,0.1615,0.43625,0.348,4,5
1554,0.1315,0.30325,0.348,0.1785,0.03875,3,2
1555,0.0965,0.2595,0.36975,0.2215,0.05275,3,3
1556,0.00275,0.01125,0.0545,0.25425,0.67725,5,5
1557,0.2015,0.35775,0.29575,0.11875,0.02625,2,1
1558,0.08225,0.237,0.37325,0.246,0.0615,3,5
1559,0.0065,0.0225,0.0925,0.35475,0.52375,5,5
1560,0.01175,0.05075,0.18275,0.44275,0.312,4,4
1561,0.1255,0.30675,0.3615,0.17075,0.0355,3,4
1562,0.32575,0.37925,0.21,0.07,0.015,2,1
1563,0.218,0.38275,0.27175,0.10575,0.02175,2,4
1564,0.072,0.204,0.364,0.281,0.079,3,3
1565,0.231,0.354,0.289,0.10475,0.02125,2,2
1566,0.10125,0.26375,0.362,0.221,0.052,3,3
1567,0.01225,0.045,0.16075,0.4285,0.3535,4,5
1568,0.0035,0.01175,0.05275,0.25625,0.67575,5,4
1569,0.20175,0.35575,0.30025,0.11325,0.029,2,3
1570,0.323,0.39525,0.2005,0.06775,0.0135,2,3
1571,0.01525,0.058,0.21725,0.4395,0.27,4,2
1572,0.01775,0.06475,0.213,0.426,0.2785,4,5
1573,0.01025,0.04725,0.16575,0.43275,0.344,4,4
1574,0.10525,0.268,0.3645,0.2145,0.04775,3,4
1575,0.06975,0.20625,0.363,0.27425,0.08675,3,2
1576,0.2425,0.39175,0.2575,0.08875,0.0195,2,1
1577,0.06575,0.19925,0.3725,0.28275,0.07975,3,3
1578,0.06375,0.20375,0.3805,0.2715,0.0805,3,2
1579,0.238,0.37725,0.26375,0.1005,0.0205,2,1
1580,0.01,0.04175,0.163,0.42675,0.3585,4,3
1581,0.064,0.20325,0.36775,0.281,0.084,3,4
1582,0.00525,0.0195,0.0995,0.358,0.51775,5,3
1583,0.31675,0.38425,0.21675,0.06875,0.0135,2,1
1584,0.01125,0.0435,0.15725,0.42925,0.35875,4,4
1585,0.0155,0.0625,0.21,0.43175,0.28025,4,4
1586,0.06325,0.2055,0.3685,0.2785,0.08425,3,3
1587,0.2215,0.37575,0.27175,0.1085,0.0225,2,3
1588,0.0635,0.20875,0.37525,0.27075,0.08175,3,4
1589,0.0175,0.06025,0.20425,0.42175,0.29625,4,4
1590,0.0145,0.0515,0.1955,0.4265,0.312,4,3
1591,0.062,0.20925,0.3665,0.28175,0.0805,3,5
1592,0.065,0.2025,0.362,0.2915,0.079,3,2
1593,0.0105,0.04525,0.1635,0.41425,0.3665,4,5
1594,0.30425,0.39025,0.2245,0.06625,0.01475,2,2
1595,0.016,0.05325,0.18025,0.43175,0.31875,4,1
1596,0.292,0.40625,0.211,0.07675,0.014,2,1
1597,0.06225,0.19825,0.36875,0.28525,0.0855,3,4
1598,0.0035,0.01,0.05325,0.2595,0.67375,5,5
1599,0.19175,0.37325,0.28775,0.12225,0.025,2,2
1600,0.2065,0.34875,0.306,0.11925,0.0195,2,2
1601,0.128,0.30475,0.35325,0.1725,0.0415,3,3
1602,0.00625,0.02525,0.09225,0.356,0.52025,5,4
1603,0.0635,0.20825,0.3745,0.279,0.07475,3,3
1604,0.20125,0.3525,0.2955,0.121,0.02975,2,2
1605,0.2235,0.389,0.2715,0.099,0.017,2,2
1606,0.015,0.05975,0.21125,0.4435,0.2705,4,5
1607,0.01125,0.047,0.155,0.43075,0.356,4,4
1608,0.1025,0.26325,0.36775,0.21525,0.05125,3,2
1609,0.11925,0.296,0.3715,0.17475,0.0385,3,4
1610,0.073,0.21525,0.36675,0.27325,0.07175,3,5
1611,0.08675,0.23825,0.364,0.247,0.064,3,3
1612,0.23175,0.37675,0.27925,0.0935,0.01875,2,1
1613,0.07775,0.2125,0.365,0.2665,0.07825,3,2
1614,0.23075,0.36575,0.27225,0.10875,0.0225,2,1
1615,0.07825,0.23925,0.37825,0.2375,0.06675,3,3
1616,0.0115,0.04225,0.15875,0.42225,0.36525,4,4
1617,0.0135,0.06,0.18625,0.41975,0.3205,4,4
1618,0.24225,0.38975,0.2575,0.09125,0.01925,2,3
1619,0.09125,0.263,0.3705,0.22075,0.0545,3,3
1620,0.2465,0.37975,0.2635,0.0915,0.01875,2,1
1621,0.25075,0.38275,0.24675,0.0995,0.02025,2,2
1622,0.3185,0.381,0.22425,0.0645,0.01175,2,1
1623,0.0705,0.214,0.3665,0.27,0.079,3,4
1624,0.06825,0.20175,0.3725,0.28275,0.07475,3,4
1625,0.06525,0.21775,0.3745,0.273,0.0695,3,3
1626,0.087,0.238,0.36,0.24825,0.06675,3,5
1627,0.07625,0.2375,0.36825,0.2555,0.0625,3,2
1628,0.06925,0.20375,0.36775,0.27875,0.0805,3,4
1629,0.1315,0.30725,0.35,0.17325,0.038,3,2
1630,0.00875,0.024,0.0995,0.36725,0.5005,5,3
1631,0.06675,0.21125,0.361,0.27975,0.08125,3,3
1632,0.206,0.34525,0.30575,0.11925,0.02375,2,3
1633,0.01375,0.0485,0.194,0.43075,0.313,4,5
1634,0.1355,0.3135,0.347,0.164,0.04,3,3
1635,0.01175,0.04325,0.1515,0.41875,0.37475,4,5
1636,0.009,0.03975,0.16975,0.43375,0.34775,4,5
1637,0.0065,0.02175,0.09225,0.3435,0.536,5,4
1638,0.1055,0.25775,0.36325,0.2175,0.056,3,4
1639,0.00475,0.02125,0.091,0.35325,0.52975,5,4
1640,0.19075,0.36,0.3,0.12275,0.0265,2,3
1641,0.06725,0.20375,0.37475,0.27625,0.078,3,2
1642,0.24925,0.3775,0.264,0.0965,0.01275,2,2
1643,0.13525,0.30775,0.34175,0.179,0.03625,3,5
1644,0.01375,0.05775,0.2105,0.42975,0.28825,4,4
1645,0.0795,0.20325,0.36325,0.27325,0.08075,3,2
1646,0.0055,0.02425,0.09925,0.3505,0.5205,5,4
1647,0.23925,0.38025,0.2665,0.096,0.018,2,4
1648,0.00475,0.02325,0.09175,0.362,0.51825,5,3
1649,0.06675,0.20275,0.383,0.2705,0.077,3,3
1650,0.00425,0.019,0.1005,0.3595,0.51675,5,4
1651,0.013,0.05375,0.18275,0.4275,0.323,4,5
1652,0.01325,0.04625,0.181,0.445,0.3145,4,5
1653,0.00225,0.01,0.054,0.26275,0.671,5,5
1654,0.01875,0.0635,0.211,0.4455,0.26125,4,4
1655,0.00725,0.023,0.0965,0.342,0.53125,5,5
1656,0.2285,0.381,0.28375,0.0885,0.01825,2,2
1657,0.19375,0.36225,0.3035,0.117,0.0235,2,1
1658,0.13075,0.3005,0.3465,0.177,0.04525,3,4
1659,0.0095,0.04625,0.1675,0.41175,0.365,4,4
1660,0.009,0.04325,0.1485,0.42,0.37925,4,3
1661,0.22625,0.36625,0.28125,0.099,0.02725,2,2
1662,0.007,0.019,0.106,0.34325,0.52475,5,4
1663,0.071,0.20775,0.373,0.27375,0.0745,3,2
1664,0.118,0.30025,0.35075,0.187,0.044,3,2
1665,0.00325,0.01,0.0535,0.25875,0.6745,5,5
1666,0.1895,0.36625,0.306,0.115,0.02325,2,1
1667,0.06675,0.21725,0.3715,0.2675,0.077,3,3
1668,0.069,0.20125,0.373,0.28125,0.0755,3,2
1669,0.00975,0.04175,0.15925,0.42975,0.3595,4,5
1670,0.24775,0.3725,0.268,0.0925,0.01925,2,2
1671,0.08625,0.234,0.37075,0.24225,0.06675,3,4
1672,0.24025,0.39125,0.25825,0.0895,0.02075,2,1
1673,0.30575,0.39425,0.213,0.07,0.017,2,3
1674,0.128,0.309,0.355,0.16775,0.04025,3,3
1675,0.0145,0.05,0.19225,0.4295,0.31375,4,2
1676,0.072,0.19725,0.36375,0.27875,0.08825,3,2
1677,0.196,0.35825,0.30275,0.11475,0.02825,2,3
1678,0.00975,0.042,0.16425,0.42825,0.35575,4,3
1679,0.129,0.3105,0.34225,0.17675,0.0415,3,3
1680,0.2035,0.3535,0.30175,0.11975,0.0215,2,4
1681,0.00525,0.021,0.09875,0.36275,0.51225,5,4
1682,0.0055,0.021,0.08775,0.34525,0.5405,5,5
1683,0.01325,0.0585,0.2075,0.452,0.26875,4,5
1684,0.084,0.2485,0.3675,0.23425,0.06575,3,2
1685,0.0915,0.26075,0.389,0.20425,0.0545,3,2
1686,0.193,0.36325,0.294,0.1225,0.02725,2,3
1687,0.0715,0.2095,0.3545,0.288,0.0765,3,2
1688,0.00825,0.02275,0.097,0.35775,0.51425,5,4
1689,0.07925,0.231,0.3765,0.246,0.06725,3,2
1690,0.2475,0.37975,0.25925,0.094,0.0195,2,3
1691,0.0035,0.0145,0.0515,0.25375,0.67675,5,4
1692,0.2335,0.37175,0.27925,0.098,0.0175,2,1
1693,0.09325,0.263,0.376,0.213,0.05475,3,3
1694,0.12275,0.307,0.344,0.18525,0.041,3,2
1695,0.072,0.21625,0.36975,0.265,0.077,3,4
1696,0.01325,0.04125,0.1695,0.41175,0.36425,4,4
1697,0.1975,0.3635,0.29525,0.11775,0.026,2,1
1698,0.012,0.05375,0.1775,0.45225,0.3045,4,4
1699,0.006,0.02175,0.0975,0.37275,0.502,5,2
1700,0.24475,0.38,0.2595,0.09225,0.0235,2,2
1701,0.0055,0.02475,0.10275,0.35975,0.50725,5,5
1702,0.097,0.24825,0.3845,0.21425,0.056,3,4
1703,0.12175,0.30075,0.3545,0.1785,0.0445,3,2
1704,0.07,0.22,0.35475,0.28225,0.073,3,4
1705,0.00475,0.02125,0.10275,0.36075,0.5105,5,5
1706,0.0935,0.261,0.3725,0.21775,0.05525,3,3
1707,0.006,0.023,0.09525,0.35525,0.5205,5,5
1708,0.0725,0.211,0.36725,0.27575,0.0735,3,2
1709,0.01425,0.0575,0.184,0.42,0.32425,4,5
1710,0.1965,0.36325,0.2975,0.11675,0.026,2,2
1711,0.064,0.20175,0.3635,0.286,0.08475,3,3
1712,0.313,0.39425,0.211,0.07175,0.01,2,1
1713,0.00325,0.01175,0.054,0.2595,0.6715,5,5
1714,0.002,0.0095,0.04925,0.24625,0.693,5,5
1715,0.06675,0.20075,0.365,0.2815,0.086,3,3
1716,0.00725,0.02175,0.095,0.3525,0.5235,5,5
1717,0.06575,0.2095,0.3705,0.27675,0.0775,3,3
1718,0.0625,0.20925,0.3775,0.27025,0.0805,3,2
1719,0.2385,0.3815,0.26475,0.0975,0.01775,2,3
1720,0.2235,0.391,0.26825,0.10025,0.017,2,2
1721,0.01175,0.05425,0.18325,0.42625,0.3245,4,5
1722,0.081,0.2395,0.36775,0.24325,0.0685,3,2
1723,0.071,0.2065,0.37325,0.27425,0.075,3,4
1724,0.10025,0.26325,0.35025,0.2285,0.05775,3,2
1725,0.31725,0.388,0.21275,0.0665,0.0155,2,2
1726,0.0035,0.01225,0.05575,0.253,0.6755,5,4
1727,0.00225,0.01275,0.05275,0.259,0.67325,5,4
1728,0.2135,0.37875,0.28375,0.10425,0.01975,2,2
1729,0.00625,0.024,0.0995,0.35925,0.511,5,5
1730,0.225,0.37425,0.27775,0.096,0.027,2,1
1731,0.00675,0.02175,0.0955,0.36375,0.51225,5,5
1732,0.06025,0.19825,0.3755,0.28075,0.08525,3,2
1733,0.11725,0.31025,0.35975,0.1725,0.04025,3,4
1734,0.0645,0.208,0.36325,0.29475,0.0695,3,5
1735,0.011,0.04325,0.15125,0.43625,0.35825,4,5
1736,0.0145,0.062,0.2135,0.43575,0.27425,4,3
1737,0.00675,0.0215,0.09925,0.368,0.5045,5,3
1738,0.23075,0.38425,0.2585,0.107,0.0195,2,1
1739,0.01025,0.04525,0.1815,0.453,0.31,4,5
1740,0.24075,0.3835,0.25725,0.09975,0.01875,2,2
1741,0.012,0.0545,0.194,0.4355,0.304,4,4
1742,0.12875,0.3175,0.3465,0.167,0.04025,3,2
1743,0.0035,0.012,0.0495,0.25225,0.68275,5,5
1744,0.20025,0.35925,0.29675,0.11625,0.0275,2,4
1745,0.0175,0.06275,0.20625,0.43975,0.27375,4,4
1746,0.01325,0.04175,0.16275,0.41775,0.3645,4,4
1747,0.22325,0.38775,0.27475,0.09625,0.018,2,3
1748,0.00725,0.023,0.10175,0.364,0.504,5,4
1749,0.074,0.20875,0.36375,0.279,0.0745,3,4
1750,0.1975,0.3555,0.298,0.125,0.024,2,1
1751,0.011,0.048,0.16725,0.405,0.36875,4,4
1752,0.09725,0.2585,0.369,0.22225,0.053,3,3
1753,0.004,0.028,0.093,0.35525,0.51975,5,4
1754,0.0635,0.21875,0.36375,0.275,0.079,3,4
1755,0.0105,0.0425,0.15825,0.41275,0.376,4,5
1756,0.2315,0.37325,0.2775,0.09975,0.018,2,2
1757,0.19175,0.37325,0.29625,0.11375,0.025,2,2
1758,0.232,0.391,0.267,0.08975,0.02025,2,1
1759,0.0135,0.06125,0.2115,0.433,0.28075,4,5
1760,0.021,0.0575,0.20275,0.44925,0.2695,4,4
1761,0.01225,0.05525,0.18125,0.43325,0.318,4,5
1762,0.0835,0.2365,0.35725,0.25675,0.066,3,1
1763,0.07075,0.20675,0.35975,0.278,0.08475,3,3
1764,0.01175,0.042,0.1625,0.41675,0.367,4,5
1765,0.06875,0.21875,0.3625,0.273,0.077,3,4
1766,0.3155,0.37675,0.22225,0.0705,0.015,2,2
1767,0.066,0.211,0.36075,0.28625,0.076,3,3
1768,0.00675,0.02125,0.08925,0.357,0.52575,5,5
1769,0.00425,0.0205,0.09,0.34675,0.5385,5,5
1770,0.0625,0.19825,0.36325,0.287,0.089,3,4
1771,0.00275,0.01175,0.05475,0.26675,0.664,5,5
1772,0.231,0.378,0.27875,0.0915,0.02075,2,5
1773,0.011,0.046,0.15875,0.425,0.35925,4,1
1774,0.06425,0.206,0.381,0.27125,0.0775,3,4
1775,0.0055,0.0285,0.09525,0.36375,0.507,5,5
1776,0.3125,0.387,0.222,0.0655,0.013,2,2
1777,0.00925,0.046,0.15825,0.42425,0.36225,4,4
1778,0.129,0.31525,0.35,0.1665,0.03925,3,1
1779,0.0055,0.02775,0.091,0.34275,0.533,5,5
1780,0.0025,0.01225,0.04925,0.2645,0.6715,5,5
1781,0.0115,0.04475,0.15825,0.4235,0.362,4,3
1782,0.066,0.211,0.36725,0.2755,0.08025,3,2
1783,0.06625,0.21425,0.36775,0.2775,0.07425,3,3
1784,0.22675,0.371,0.27525,0.10675,0.02025,2,2
1785,0.081,0.205,0.354,0.275,0.085,3,3
1786,0.2315,0.37625,0.27375,0.098,0.0205,2,4
1787,0.2345,0.38725,0.269,0.09025,0.019,2,3
1788,0.0725,0.21075,0.37175,0.26775,0.07725,3,4
1789,0.00175,0.01375,0.05225,0.25725,0.675,5,5
1790,0.0785,0.22725,0.377,0.2535,0.06375,3,5
1791,0.00425,0.0185,0.0935,0.36375,0.52,5,4
1792,0.309,0.39225,0.22275,0.06275,0.01325,2,1
1793,0.2515,0.3725,0.264,0.08975,0.02225,2,2
1794,0.018,0.05975,0.22675,0.42875,0.26675,4,3
1795,0.06975,0.206,0.37025,0.2775,0.0765,3,4
1796,0.23725,0.382,0.26025,0.10075,0.01975,2,3
1797,0.01225,0.04175,0.163,0.4245,0.3585,4,4
1798,0.09325,0.25125,0.379,0.21625,0.06025,3,2
1799,0.09825,0.2685,0.364,0.2135,0.05575,3,5
1800,0.0745,0.24175,0.365,0.25,0.06875,3,3
1801,0.00525,0.022,0.086,0.36025,0.5265,5,5
1802,0.1965,0.354,0.30275,0.12325,0.0235,2,4
1803,0.0815,0.2435,0.37275,0.24175,0.0605,3,3
1804,0.067,0.20525,0.377,0.2715,0.07925,3,2
1805,0.01225,0.05325,0.15775,0.41525,0.3615,4,5
1806,0.07275,0.212,0.37275,0.268,0.0745,3,3
1807,0.003,0.0105,0.05,0.249,0.6875,5,5
1808,0.005,0.0205,0.0935,0.35325,0.52775,5,5
1809,0.091,0.26725,0.3655,0.22575,0.0505,3,3
1810,0.0055,0.0245,0.09775,0.343,0.52925,5,5
1811,0.01675,0.061,0.202,0.445,0.27525,4,3
1812,0.133,0.31,0.35275,0.16625,0.038,3,3
1813,0.06825,0.202,0.37775,0.27975,0.07225,3,3
1814,0.00225,0.01325,0.05625,0.25625,0.672,5,5
1815,0.02075,0.06375,0.213,0.40575,0.29675,4,5
1816,0.2495,0.38125,0.2695,0.0825,0.01725,2,2
1817,0.0675,0.20725,0.3735,0.27375,0.078,3,4
1818,0.13425,0.3035,0.34975,0.16975,0.04275,3,2
1819,0.00625,0.0285,0.09275,0.359,0.5135,5,4
1820,0.078,0.2345,0.3605,0.25425,0.07275,3,3
1821,0.193,0.37025,0.28475,0.128,0.024,2,1
1822,0.08075,0.234,0.37175,0.242,0.0715,3,4
1823,0.06375,0.213,0.3655,0.27825,0.0795,3,4
1824,0.00275,0.01525,0.05525,0.2605,0.66625,5,5
1825,0.00875,0.0405,0.1635,0.4195,0.36775,4,5
1826,0.0705,0.21525,0.36675,0.27525,0.07225,3,4
1827,0.012,0.05525,0.18225,0.43375,0.31675,4,4
1828,0.131,0.31525,0.345,0.16925,0.0395,3,3
1829,0.31325,0.39,0.2185,0.06325,0.015,2,1
1830,0.06325,0.2085,0.35725,0.2885,0.0825,3,4
1831,0.08225,0.23775,0.3555,0.25525,0.06925,3,4
1832,0.0135,0.04675,0.188,0.43475,0.317,4,4
1833,0.01225,0.04525,0.1455,0.40425,0.39275,4,5
1834,0.01025,0.047,0.169,0.41325,0.3605,4,4
1835,0.06725,0.212,0.3645,0.281,0.07525,3,2
1836,0.012,0.032,0.154,0.42625,0.37575,4,4
1837,0.0765,0.201,0.37,0.2805,0.072,3,3
1838,0.016,0.04825,0.19425,0.44325,0.29825,4,4
1839,0.06675,0.2115,0.369,0.27525,0.0775,3,3
1840,0.01775,0.06825,0.21325,0.43,0.27075,4,3
1841,0.22825,0.37775,0.27875,0.10025,0.015,2,2
1842,0.00975,0.058,0.177,0.43975,0.3155,4,4
1843,0.315,0.397,0.216,0.05975,0.01225,2,5
1844,0.196,0.36275,0.301,0.11525,0.025,2,2
1845,0.0115,0.0385,0.16825,0.422,0.35975,4,4
1846,0.00275,0.0125,0.051,0.261,0.67275,5,5
1847,0.007,0.02375,0.097,0.36,0.51225,5,3
1848,0.01425,0.05325,0.1865,0.44125,0.30475,4,4
1849,0.07525,0.20675,0.36025,0.2885,0.06925,3,3
1850,0.19375,0.35825,0.31,0.116,0.022,2,3
1851,0.00375,0.0145,0.053,0.245,0.68375,5,5
1852,0.19175,0.3635,0.30275,0.119,0.023,2,2
1853,0.12625,0.31475,0.348,0.1735,0.0375,3,3
1854,0.00975,0.04225,0.158,0.419,0.371,4,4
1855,0.0075,0.04025,0.158,0.428,0.36625,4,5
1856,0.222,0.3785,0.27175,0.10325,0.0245,2,5
1857,0.0045,0.02375,0.098,0.3665,0.50725,5,5
1858,0.00225,0.0115,0.054,0.264,0.66825,5,5
1859,0.23175,0.37575,0.2705,0.1,0.022,2,2
1860,0.004,0.0225,0.086,0.366,0.5215,5,3
1861,0.2215,0.378,0.28425,0.0995,0.01675,2,3
1862,0.01475,0.0435,0.17225,0.4295,0.34,4,5
1863,0.06875,0.20225,0.3735,0.2765,0.079,3,5
1864,0.12675,0.297,0.36675,0.17075,0.03875,3,3
1865,0.01225,0.0535,0.191,0.419,0.32425,4,4
1866,0.00975,0.0415,0.1725,0.433,0.34325,4,5
1867,0.0685,0.2035,0.368,0.281,0.079,3,4
1868,0.25575,0.37,0.26525,0.09225,0.01675,2,5
1869,0.00575,0.0235,0.09025,0.35225,0.52825,5,4
1870,0.0985,0.25525,0.3765,0.222,0.04775,3,4
1871,0.00425,0.023,0.0965,0.36375,0.5125,5,5
1872,0.0105,0.044,0.154,0.435,0.3565,4,4
1873,0.23575,0.3765,0.26975,0.099,0.019,2,1
1874,0.071,0.2095,0.379,0.26975,0.07075,3,4
1875,0.05725,0.2045,0.365,0.287,0.08625,3,3
1876,0.0745,0.22725,0.38575,0.2475,0.065,3,3
1877,0.005,0.01825,0.097,0.368,0.51175,5,4
1878,0.02125,0.064,0.22025,0.434,0.2605,4,4
1879,0.0145,0.05325,0.192,0.42825,0.312,4,3
1880,0.25325,0.3785,0.26525,0.085,0.018,2,1
1881,0.19675,0.37075,0.288,0.11875,0.02575,2,2
1882,0.21925,0.372,0.28475,0.103,0.021,2,1
1883,0.0025,0.0105,0.05525,0.26375,0.668,5,4
1884,0.19375,0.351,0.30875,0.11625,0.03025,2,2
1885,0.18725,0.3605,0.3105,0.11475,0.027,2,1
1886,0.00375,0.01575,0.05175,0.2515,0.67725,5,5
1887,0.06025,0.20025,0.373,0.28025,0.08625,3,2
1888,0.20275,0.35675,0.2965,0.1195,0.0245,2,3
1889,0.06625,0.209,0.37875,0.2695,0.0765,3,3
1890,0.09375,0.2645,0.37975,0.21225,0.04975,3,4
1891,0.2005,0.369,0.2875,0.12275,0.02025,2,2
1892,0.13075,0.30775,0.3535,0.174,0.034,3,4
1893,0.129,0.30475,0.348,0.175,0.04325,3,1
1894,0.0025,0.0135,0.05175,0.247,0.68525,5,5
1895,0.19,0.3545,0.31875,0.11325,0.0235,2,4
1896,0.0775,0.19575,0.3555,0.29125,0.08,3,3
1897,0.24675,0.37775,0.26775,0.09225,0.0155,2,3
1898,0.06625,0.19725,0.368,0.27425,0.09425,3,3
1899,0.08425,0.23625,0.37475,0.23875,0.066,3,3
1900,0.095,0.272,0.359,0.2185,0.0555,3,4
1901,0.22725,0.37325,0.2805,0.1025,0.0165,2,4
1902,0.20225,0.35,0.30575,0.11875,0.02325,2,4
1903,0.0075,0.02275,0.0965,0.34675,0.5265,5,3
1904,0.095,0.255,0.36975,0.22575,0.0545,3,3
1905,0.01875,0.056,0.2165,0.43775,0.271,4,3
1906,0.0635,0.20425,0.378,0.27275,0.0815,3,4
1907,0.012,0.04075,0.16425,0.4195,0.3635,4,4
1908,0.227,0.375,0.27625,0.10275,0.019,2,4
1909,0.012,0.0445,0.162,0.42875,0.35275,4,5
1910,0.061,0.2015,0.369,0.291,0.0775,3,4
1911,0.07125,0.2025,0.3665,0.28475,0.075,3,2
1912,0.014,0.05125,0.1875,0.44525,0.302,4,2
1913,0.01225,0.03975,0.1575,0.4205,0.37,4,3
1914,0.1185,0.31675,0.35675,0.1645,0.0435,3,2
1915,0.128,0.309,0.35125,0.16975,0.042,3,2
1916,0.147,0.3085,0.34725,0.16375,0.0335,3,2
1917,0.32225,0.38875,0.20275,0.07025,0.016,2,1
1918,0.01375,0.045,0.18625,0.434,0.321,4,4
1919,0.0935,0.26725,0.3625,0.2155,0.06125,3,1
1920,0.015,0.0625,0.19925,0.4395,0.28375,4,4
1921,0.123,0.311,0.347,0.178,0.041,3,4
1922,0.06925,0.2065,0.37275,0.26625,0.08525,3,3
1923,0.24025,0.39575,0.25375,0.09075,0.0195,2,2
1924,0.01025,0.041,0.16575,0.423,0.36,4,5
1925,0.08225,0.23425,0.3875,0.2295,0.0665,3,3
1926,0.0145,0.068,0.21775,0.4205,0.27925,4,5
1927,0.235,0.3755,0.2735,0.0985,0.0175,2,2
1928,0.06525,0.21575,0.383,0.26575,0.07025,3,3
1929,0.07475,0.195,0.37275,0.27575,0.08175,3,3
1930,0.187,0.3625,0.30275,0.1225,0.02525,2,2
1931,0.2305,0.3745,0.272,0.10225,0.02075,2,4
1932,0.22225,0.37975,0.28275,0.09575,0.0195,2,4
1933,0.01025,0.0425,0.15175,0.422,0.3735,4,4
1934,0.0065,0.0265,0.0945,0.344,0.5285,5,5
1935,0.0725,0.20275,0.37125,0.2815,0.072,3,3
1936,0.00975,0.047,0.15975,0.42425,0.35925,4,4
1937,0.00175,0.01325,0.05475,0.253,0.67725,5,5
1938,0.00225,0.00975,0.05725,0.25,0.68075,5,5
1939,0.235,0.37675,0.26625,0.10325,0.01875,2,3
1940,0.011,0.056,0.1815,0.4365,0.315,4,5
1941,0.06275,0.2075,0.373,0.277,0.07975,3,4
1942,0.01175,0.045,0.163,0.42425,0.356,4,4
1943,0.01575,0.05825,0.21125,0.44375,0.271,4,4
1944,0.055,0.2105,0.368,0.277,0.0895,3,2
1945,0.06575,0.20775,0.374,0.2735,0.079,3,4
1946,0.06425,0.21225,0.36425,0.283,0.07625,3,3
1947,0.12825,0.29375,0.36025,0.18075,0.037,3,4
1948,0.00475,0.021,0.0945,0.352,0.52775,5,4
1949,0.10025,0.261,0.35775,0.22525,0.05575,3,4
1950,0.00575,0.0195,0.095,0.36675,0.513,5,5
1951,0.19225,0.37825,0.29425,0.111,0.02425,2,2
1952,0.18425,0.3815,0.28525,0.12425,0.02475,2,2
1953,0.002,0.0135,0.05225,0.26575,0.6665,5,5
1954,0.07125,0.21325,0.3595,0.2715,0.0845,3,3
1955,0.007,0.02375,0.09875,0.35875,0.51175,5,4
1956,0.132,0.3125,0.34025,0.17725,0.038,3,1
1957,0.08575,0.23775,0.3605,0.25175,0.06425,3,3
1958,0.00525,0.02225,0.098,0.3585,0.516,5,5
1959,0.31325,0.39475,0.21225,0.066,0.01375,2,1
1960,0.00575,0.0235,0.09475,0.35925,0.51675,5,5
1961,0.09925,0.249,0.36375,0.2335,0.0545,3,2
1962,0.013,0.06525,0.20775,0.4305,0.2835,4,5
1963,0.06925,0.2135,0.36225,0.287,0.068,3,5
1964,0.07225,0.20475,0.36025,0.281,0.08175,3,3
1965,0.328,0.3765,0.21675,0.0645,0.01425,2,2
1966,0.194,0.37,0.28775,0.12125,0.027,2,1
1967,0.00425,0.026,0.0955,0.36575,0.5085,5,5
1968,0.009,0.0405,0.16925,0.42975,0.3515,4,5
1969,0.0195,0.06125,0.2135,0.4345,0.27125,4,3
1970,0.232,0.39025,0.27125,0.0905,0.016,2,4
1971,0.08225,0.2295,0.37575,0.24675,0.06575,3,2
1972,0.00175,0.011,0.054,0.2555,0.67775,5,5
1973,0.3155,0.4005,0.2025,0.0685,0.013,2,1
1974,0.10025,0.2665,0.361,0.218,0.05425,3,2
1975,0.0615,0.209,0.37525,0.27675,0.0775,3,2
1976,0.1295,0.31375,0.3565,0.16275,0.0375,3,3
1977,0.09025,0.2645,0.37425,0.2205,0.0505,3,3
1978,0.00625,0.023,0.09125,0.35625,0.52325,5,3
1979,0.0045,0.0215,0.09525,0.35475,0.524,5,5
1980,0.003,0.014,0.04375,0.26075,0.6785,5,5
1981,0.00225,0.01,0.05575,0.27575,0.65625,5,5
1982,0.011,0.04125,0.153,0.43575,0.359,4,4
1983,0.01375,0.05275,0.186,0.4225,0.325,4,3
1984,0.004,0.01125,0.05175,0.25825,0.67475,5,5
1985,0.06675,0.218,0.36325,0.2715,0.0805,3,3
1986,0.075,0.23025,0.3925,0.24625,0.056,3,2
1987,0.01225,0.052,0.18825,0.43,0.3175,4,5
1988,0.3335,0.3795,0.21925,0.05425,0.0135,2,3
1989,0.01175,0.042,0.1595,0.4195,0.36725,4,2
1990,0.10125,0.25575,0.367,0.22925,0.04675,3,4
1991,0.101,0.26225,0.3795,0.2055,0.05175,3,2
1992,0.19425,0.367,0.29475,0.1235,0.0205,2,3
1993,0.0855,0.225,0.37525,0.25225,0.062,3,3
1994,0.2015,0.35425,0.3015,0.11875,0.024,2,5
1995,0.06,0.211,0.37425,0.281,0.07375,3,4
1996,0.32,0.39725,0.20475,0.0665,0.0115,2,3
1997,0.01725,0.0595,0.2015,0.435,0.28675,4,4
1998,0.00675,0.023,0.09,0.35125,0.529,5,5
1999,0.2195,0.373,0.28275,0.10375,0.021,2,1
2000,0.00925,0.0415,0.159,0.418,0.37225,4,5
2001,0.00325,0.01275,0.0535,0.255,0.6755,5,5
2002,0.0035,0.01225,0.05025,0.249,0.685,5,5
2003,0.087,0.26675,0.371,0.222,0.05325,3,2
2004,0.102,0.2595,0.37075,0.2165,0.05125,3,2
2005,0.0725,0.19425,0.36575,0.2825,0.085,3,4
2006,0.06575,0.20925,0.355,0.281,0.089,3,2
2007,0.06825,0.21425,0.36575,0.2745,0.07725,3,4
2008,0.062,0.211,0.3775,0.27475,0.07475,3,3
2009,0.00425,0.02475,0.09225,0.36575,0.513,5,4
2010,0.003,0.0135,0.055,0.2545,0.674,5,5
2011,0.01275,0.064,0.209,0.4335,0.28075,4,5
2012,0.0115,0.044,0.1495,0.4105,0.3845,4,5
2013,0.0975,0.26075,0.3795,0.204,0.05825,3,2
2014,0.22825,0.38325,0.26925,0.09875,0.0205,2,4
2015,0.06375,0.21125,0.36875,0.27725,0.079,3,3
2016,0.066,0.20675,0.3765,0.28025,0.0705,3,3
2017,0.06325,0.205,0.374,0.2745,0.08325,3,3
2018,0.071,0.2035,0.371,0.278,0.0765,3,4
2019,0.07025,0.20475,0.3825,0.2665,0.076,3,1
2020,0.0065,0.02225,0.095,0.34225,0.534,5,5
2021,0.0115,0.054,0.193,0.434,0.3075,4,5
2022,0.068,0.206,0.37725,0.273,0.07575,3,3
2023,0.32675,0.382,0.21025,0.06725,0.01375,2,4
2024,0.002,0.01275,0.05825,0.254,0.673,5,4
2025,0.01675,0.0545,0.21475,0.43325,0.28075,4,2
2026,0.2445,0.373,0.25875,0.10475,0.019,2,1
2027,0.01175,0.04175,0.1585,0.4215,0.3665,4,3
2028,0.14025,0.29975,0.34575,0.17325,0.041,3,1
2029,0.018,0.04925,0.18,0.43775,0.315,4,4
2030,0.06825,0.20425,0.3825,0.26775,0.07725,3,2
2031,0.003,0.02275,0.103,0.3625,0.50875,5,5
2032,0.087,0.229,0.36775,0.2545,0.06175,3,3
2033,0.121,0.30325,0.3545,0.1765,0.04475,3,4
2034,0.0985,0.25675,0.366,0.22375,0.055,3,4
2035,0.01475,0.0405,0.15575,0.42825,0.36075,4,4
2036,0.075,0.241,0.37175,0.24375,0.0685,3,3
2037,0.00425,0.02325,0.09,0.37025,0.51225,5,5
2038,0.00325,0.0095,0.04825,0.25625,0.68275,5,5
2039,0.06425,0.19825,0.382,0.276,0.0795,3,4
2040,0.2275,0.371,0.28275,0.09875,0.02,2,3
2041,0.068,0.20775,0.3625,0.28625,0.0755,3,3
2042,0.31325,0.3875,0.226,0.06375,0.0095,2,1
2043,0.1295,0.3025,0.3435,0.1845,0.04,3,1
2044,0.06625,0.215,0.36175,0.28,0.077,3,3
2045,0.079,0.24975,0.3625,0.25025,0.0585,3,2
2046,0.01875,0.05725,0.19375,0.43875,0.2915,4,2
2047,0.22475,0.37625,0.2725,0.10525,0.02125,2,2
2048,0.01175,0.04525,0.16875,0.418,0.35625,4,5
2049,0.071,0.21175,0.36625,0.27325,0.07775,3,4
2050,0.1315,0.312,0.34475,0.17175,0.04,3,4
2051,0.07,0.199,0.371,0.28,0.08,3,5
2052,0.3225,0.389,0.21075,0.0685,0.00925,2,2
2053,0.136,0.3125,0.34875,0.16425,0.0385,3,3
2054,0.0045,0.012,0.0525,0.25875,0.67225,5,5
2055,0.322,0.38275,0.2185,0.069,0.00775,2,3
2056,0.00675,0.0185,0.09075,0.35375,0.53025,5,4
2057,0.0135,0.06325,0.201,0.42375,0.2985,4,4
2058,0.006,0.0205,0.098,0.334,0.5415,5,4
2059,0.23125,0.36825,0.283,0.099,0.0185,2,3
2060,0.06825,0.20075,0.36925,0.2825,0.07925,3,3
2061,0.01025,0.0455,0.1575,0.41375,0.373,4,4
2062,0.014,0.04,0.16,0.41575,0.37025,4,5
2063,0.00575,0.0225,0.097,0.351,0.52375,5,5
2064,0.078,0.237,0.375,0.2415,0.0685,3,3
2065,0.099,0.26625,0.373,0.20975,0.052,3,1
2066,0.083,0.23725,0.36525,0.25375,0.06075,3,4
2067,0.00625,0.0215,0.093,0.378,0.50125,5,4
2068,0.2295,0.37925,0.27475,0.096,0.0205,2,1
2069,0.093,0.258,0.37525,0.223,0.05075,3,3
2070,0.07125,0.248,0.3615,0.2495,0.06975,3,4
2071,0.09425,0.26025,0.36525,0.22475,0.0555,3,3
2072,0.2025,0.3585,0.29925,0.1165,0.02325,2,4
2073,0.0085,0.04575,0.157,0.43125,0.3575,4,5
2074,0.128,0.3015,0.36475,0.162,0.04375,3,2
2075,0.082,0.2275,0.36925,0.2635,0.05775,3,4
2076,0.011,0.0395,0.159,0.41625,0.37425,4,5
2077,0.077,0.2315,0.37975,0.24575,0.066,3,3
2078,0.0135,0.0485,0.15775,0.426,0.35425,4,5
2079,0.1385,0.30025,0.353,0.16875,0.0395,3,2
2080,0.10075,0.2715,0.35975,0.2075,0.0605,3,2
2081,0.00525,0.02325,0.09775,0.3665,0.50725,5,5
2082,0.0135,0.06675,0.20125,0.43275,0.28575,4,5
2083,0.017,0.063,0.1935,0.442,0.2845,4,4
2084,0.006,0.02875,0.1015,0.34425,0.5195,5,4
2085,0.012,0.04475,0.155,0.4315,0.35675,4,4
2086,0.06325,0.21325,0.3625,0.28075,0.08025,3,3
2087,0.08775,0.245,0.36225,0.2405,0.0645,3,2
2088,0.2275,0.3735,0.2735,0.10575,0.01975,2,3
2089,0.0735,0.211,0.3425,0.29275,0.08025,3,3
2090,0.00675,0.0235,0.10325,0.35775,0.50875,5,5
2091,0.09675,0.2615,0.3815,0.20725,0.053,3,3
2092,0.23275,0.38475,0.266,0.09675,0.01975,2,2
2093,0.22375,0.37375,0.277,0.105,0.0205,2,1
2094,0.004,0.01275,0.05475,0.2575,0.671,5,2
2095,0.23075,0.3675,0.285,0.09625,0.0205,2,2
2096,0.01225,0.0455,0.159,0.4285,0.35475,4,4
2097,0.06675,0.21025,0.373,0.264,0.086,3,4
2098,0.00475,0.0285,0.0895,0.3595,0.51775,5,4
2099,0.234,0.3675,0.27975,0.096,0.02275,2,1
2100,0.06675,0.202,0.3805,0.26825,0.0825,3,1
2101,0.01525,0.06475,0.21075,0.4385,0.27075,4,4
2102,0.30125,0.395,0.2235,0.06925,0.011,2,1
2103,0.01775,0.05975,0.2105,0.42475,0.28725,4,3
2104,0.0075,0.02175,0.09125,0.35725,0.52225,5,5
2105,0.21725,0.37525,0.27725,0.10925,0.021,2,1
2106,0.07575,0.20625,0.374,0.26225,0.08175,3,3
2107,0.0095,0.04025,0.1545,0.4345,0.36125,4,4
2108,0.08125,0.23975,0.3585,0.25475,0.06575,3,3
2109,0.077,0.22675,0.39175,0.23925,0.06525,3,4
2110,0.004,0.014,0.05125,0.26075,0.67,5,4
2111,0.0145,0.06,0.21275,0.4245,0.28825,4,5
2112,0.00275,0.01175,0.05175,0.24775,0.686,5,5
2113,0.06425,0.19625,0.38425,0.2805,0.07475,3,4
2114,0.1905,0.3535,0.31125,0.1215,0.02325,2,3
2115,0.0055,0.0235,0.094,0.3445,0.5325,5,5
2116,0.00625,0.02175,0.0935,0.337,0.5415,5,4
2117,0.0665,0.2165,0.35425,0.2815,0.08125,3,5
2118,0.31375,0.39425,0.2175,0.0605,0.014,2,3
2119,0.319,0.39925,0.20375,0.06525,0.01275,2,2
2120,0.00325,0.01625,0.04975,0.25425,0.6765,5,2
2121,0.0115,0.04775,0.179,0.43125,0.3305,4,3
2122,0.00225,0.0115,0.0515,0.25875,0.676,5,5
2123,0.00375,0.01175,0.0475,0.248,0.689,5,5
2124,0.0685,0.20825,0.35775,0.29125,0.07425,3,1
2125,0.002,0.013,0.0545,0.25675,0.67375,5,4
2126,0.017,0.06275,0.205,0.43975,0.2755,4,1
2127,0.25375,0.377,0.252,0.10075,0.0165,2,2
2128,0.10075,0.25925,0.359,0.22575,0.05525,3,4
2129,0.2535,0.38475,0.24875,0.09525,0.01775,2,5
2130,0.31875,0.3965,0.209,0.0635,0.01225,2,1
2131,0.01275,0.0405,0.16275,0.42775,0.35625,4,4
2132,0.08225,0.23125,0.3805,0.233,0.073,3,3
2133,0.05975,0.21025,0.3655,0.28,0.0845,3,3
2134,0.00325,0.01275,0.05575,0.262,0.66625,5,5
2135,0.0025,0.014,0.061,0.2455,0.677,5,5
2136,0.0035,0.0215,0.095,0.33625,0.54375,5,2
2137,0.0155,0.06375,0.2135,0.4275,0.27975,4,4
2138,0.00675,0.0235,0.1055,0.36525,0.499,5,5
2139,0.12575,0.30125,0.354,0.18,0.039,3,2
2140,0.19325,0.35775,0.30725,0.118,0.02375,2,2
2141,0.085,0.2295,0.36625,0.25025,0.069,3,3
2142,0.23225,0.37,0.2665,0.1095,0.02175,2,1
2143,0.23,0.375,0.27625,0.098,0.02075,2,1
2144,0.06475,0.2075,0.36875,0.287,0.072,3,3
2145,0.06525,0.20375,0.36925,0.2815,0.08025,3,4
2146,0.069,0.19575,0.37375,0.2845,0.077,3,2
2147,0.0815,0.23525,0.38575,0.23675,0.06075,3,3
2148,0.105,0.2665,0.356,0.21225,0.06025,3,3
2149,0.06775,0.2035,0.368,0.27925,0.0815,3,3
2150,0.009,0.043,0.15,0.4255,0.3725,4,4
2151,0.01,0.04,0.15325,0.42575,0.371,4,4
2152,0.0175,0.05975,0.2085,0.425,0.28925,4,5
2153,0.32075,0.38825,0.21525,0.06375,0.012,2,2
2154,0.0725,0.206,0.36975,0.27425,0.0775,3,4
2155,0.00625,0.02325,0.097,0.34975,0.52375,5,3
2156,0.07425,0.2065,0.369,0.266,0.08425,3,3
2157,0.09475,0.24725,0.37925,0.22625,0.0525,3,3
2158,0.01125,0.03725,0.15775,0.4215,0.37225,4,4
2159,0.01625,0.0535,0.18775,0.42875,0.31375,4,5
2160,0.01025,0.0435,0.16525,0.42475,0.35625,4,4
2161,0.12975,0.30625,0.341,0.181,0.042,3,1
2162,0.241,0.391,0.25925,0.08925,0.0195,2,2
2163,0.1265,0.31475,0.3545,0.16325,0.041,3,1
2164,0.0645,0.214,0.361,0.28075,0.07975,3,2
2165,0.086,0.22975,0.38375,0.24025,0.06025,3,4
2166,0.09825,0.25475,0.38575,0.20625,0.055,3,2
2167,0.0735,0.1965,0.3655,0.2875,0.077,3,3
2168,0.00925,0.03975,0.164,0.43075,0.35625,4,5
2169,0.2005,0.36325,0.30575,0.10775,0.02275,2,3
2170,0.32025,0.3935,0.2075,0.065,0.01375,2,5
2171,0.18775,0.36225,0.305,0.1225,0.0225,2,1
2172,0.3215,0.384,0.21275,0.06775,0.014,2,1
2173,0.18825,0.36825,0.302,0.11625,0.02525,2,2
2174,0.19625,0.35775,0.3005,0.11775,0.02775,2,2
2175,0.063,0.205,0.372,0.286,0.074,3,3
2176,0.22525,0.37425,0.27675,0.10225,0.0215,2,5
2177,0.0675,0.21025,0.37525,0.27325,0.07375,3,3
2178,0.00825,0.0415,0.149,0.42775,0.3735,4,4
2179,0.01775,0.06,0.2195,0.44025,0.2625,4,4
2180,0.06975,0.2075,0.36625,0.2785,0.078,3,2
2181,0.004,0.0295,0.1035,0.356,0.507,5,5
2182,0.00425,0.0225,0.0935,0.37125,0.5085,5,4
2183,0.065,0.212,0.35575,0.28725,0.08,3,3
2184,0.32,0.3855,0.2195,0.06275,0.01225,2,2
2185,0.31425,0.39,0.21825,0.064,0.0135,2,1
2186,0.128,0.3065,0.35275,0.1775,0.03525,3,3
2187,0.06625,0.2015,0.37825,0.278,0.076,3,1
2188,0.00575,0.02,0.096,0.35725,0.521,5,5
2189,0.068,0.2065,0.377,0.26525,0.08325,3,3
2190,0.08075,0.23225,0.364,0.26125,0.06175,3,3
2191,0.0165,0.0635,0.20725,0.43775,0.275,4,5
2192,0.01225,0.06275,0.21375,0.44,0.27125,4,3
2193,0.12575,0.30275,0.351,0.17675,0.04375,3,4
2194,0.01825,0.056,0.19875,0.44375,0.28325,4,3
2195,0.0105,0.037,0.1565,0.4235,0.3725,4,5
2196,0.07225,0.208,0.36025,0.277,0.0825,3,4
2197,0.2335,0.3665,0.28225,0.097,0.02075,2,4
2198,0.08125,0.2385,0.3665,0.2525,0.06125,3,2
2199,0.0065,0.024,0.109,0.35525,0.50525,5,5
2200,0.01325,0.0505,0.18825,0.44075,0.30725,4,4
2201,0.014,0.051,0.1785,0.4325,0.324,4,1
2202,0.00625,0.028,0.09325,0.35825,0.51425,5,5
2203,0.06825,0.203,0.35975,0.29275,0.07625,3,1
2204,0.1335,0.3025,0.35125,0.175,0.03775,3,1
2205,0.08125,0.23025,0.37475,0.24675,0.067,3,2
2206,0.003,0.0105,0.0555,0.254,0.677,5,4
2207,0.1945,0.3575,0.306,0.11525,0.02675,2,1
2208,0.1855,0.356,0.304,0.12875,0.02575,2,4
2209,0.01275,0.0525,0.19525,0.44375,0.29575,4,5
2210,0.067,0.20875,0.365,0.284,0.07525,3,4
2211,0.006,0.021,0.1075,0.36575,0.49975,5,5
2212,0.23225,0.38675,0.26875,0.09375,0.0185,2,1
2213,0.1345,0.31675,0.337,0.17075,0.041,3,3
2214,0.0025,0.009,0.05625,0.25075,0.6815,5,4
2215,0.19225,0.3645,0.298,0.11925,0.026,2,4
2216,0.1325,0.30875,0.347,0.17675,0.035,3,4
2217,0.23275,0.36375,0.2735,0.11175,0.01825,2,1
2218,0.08425,0.23825,0.3765,0.2385,0.0625,3,2
2219,0.007,0.02075,0.0885,0.364,0.51975,5,4
2220,0.0155,0.05925,0.20675,0.4275,0.291,4,4
2221,0.108,0.252,0.38325,0.20475,0.052,3,3
2222,0.09375,0.262,0.37275,0.21275,0.05875,3,4
2223,0.12875,0.29675,0.3505,0.18025,0.04375,3,3
2224,0.06675,0.21575,0.36425,0.27125,0.082,3,3
2225,0.2225,0.38325,0.27275,0.09975,0.02175,2,1
2226,0.0845,0.225,0.37925,0.2385,0.07275,3,4
2227,0.06925,0.2195,0.353,0.27925,0.079,3,2
2228,0.22075,0.373,0.28,0.10275,0.0235,2,4
2229,0.194,0.36625,0.29575,0.12175,0.02225,2,2
2230,0.10225,0.255,0.3705,0.2135,0.05875,3,1
2231,0.133,0.302,0.34575,0.1745,0.04475,3,3
2232,0.00575,0.02175,0.09425,0.34825,0.53,5,4
2233,0.1005,0.27725,0.35325,0.2105,0.0585,3,4
2234,0.064,0.20425,0.3615,0.28525,0.085,3,3
2235,0.01225,0.046,0.154,0.421,0.36675,4,5
2236,0.00575,0.02,0.097,0.3535,0.52375,5,5
2237,0.1335,0.3135,0.34175,0.17525,0.036,3,1
2238,0.00575,0.0275,0.099,0.3575,0.51025,5,4
2239,0.0725,0.23325,0.37025,0.257,0.067,3,3
2240,0.016,0.0675,0.219,0.4085,0.289,4,4
2241,0.0875,0.21325,0.369,0.26375,0.0665,3,2
2242,0.01525,0.05375,0.18475,0.433,0.31325,4,3
2243,0.07425,0.20275,0.373,0.2795,0.0705,3,2
2244,0.22475,0.38875,0.27375,0.09375,0.019,2,4
2245,0.01175,0.039,0.1705,0.4345,0.34425,4,4
2246,0.002,0.013,0.047,0.268,0.67,5,5
2247,0.12725,0.31675,0.3515,0.1695,0.035,3,3
2248,0.202,0.35925,0.29925,0.11775,0.02175,2,3
2249,0.00875,0.04975,0.1555,0.4255,0.3605,4,4
2250,0.01075,0.0435,0.1555,0.4325,0.35775,4,2
2251,0.32075,0.3995,0.20525,0.06175,0.01275,2,1
2252,0.22575,0.37925,0.26725,0.10575,0.022,2,3
2253,0.01,0.04,0.15775,0.4275,0.36475,4,4
2254,0.103,0.26225,0.367,0.21325,0.0545,3,2
2255,0.3225,0.3915,0.2135,0.0625,0.01,2,3
2256,0.0845,0.23,0.37225,0.24775,0.0655,3,2
2257,0.06925,0.214,0.362,0.27775,0.077,3,4
2258,0.01525,0.06375,0.20525,0.43775,0.278,4,5
2259,0.079,0.22975,0.3775,0.2495,0.06425,3,3
2260,0.0025,0.0105,0.05925,0.253,0.67475,5,3
2261,0.18675,0.36975,0.3095,0.10975,0.02425,2,1
2262,0.32875,0.38775,0.20875,0.06475,0.01,2,1
2263,0.22775,0.3625,0.292,0.09575,0.022,2,2
2264,0.00575,0.02225,0.092,0.358,0.522,5,5
2265,0.07875,0.24225,0.3575,0.2565,0.065,3,4
2266,0.01,0.043,0.18025,0.4135,0.35325,4,5
2267,0.00475,0.0255,0.10125,0.36475,0.50375,5,5
2268,0.0675,0.21275,0.362,0.28175,0.076,3,2
2269,0.0055,0.02375,0.086,0.35475,0.53,5,5
2270,0.06825,0.20675,0.376,0.2805,0.0685,3,3
2271,0.09325,0.26675,0.36325,0.22375,0.053,3,1
2272,0.005,0.0235,0.09325,0.36325,0.515,5,5
2273,0.0745,0.21875,0.362,0.2735,0.07125,3,3
2274,0.0115,0.04525,0.1645,0.43625,0.3425,4,4
2275,0.06525,0.1925,0.38275,0.28375,0.07575,3,4
2276,0.0635,0.21125,0.372,0.274,0.07925,3,2
2277,0.254,0.38125,0.25025,0.095,0.0195,2,2
2278,0.01325,0.05075,0.18025,0.44125,0.3145,4,4
2279,0.01425,0.05475,0.206,0.4405,0.2845,4,5
2280,0.0125,0.04575,0.158,0.42525,0.3585,4,4
2281,0.0785,0.24175,0.3695,0.2425,0.06775,3,3
2282,0.0705,0.2095,0.36425,0.2815,0.07425,3,2
2283,0.0045,0.02325,0.0995,0.3515,0.52125,5,5
2284,0.09825,0.2575,0.369,0.2235,0.05175,3,5
2285,0.21575,0.3865,0.2735,0.106,0.01825,2,1
2286,0.068,0.19575,0.37325,0.28125,0.08175,3,5
2287,0.13575,0.30575,0.3525,0.16525,0.04075,3,2
2288,0.01,0.0405,0.16625,0.4195,0.36375,4,3
2289,0.233,0.377,0.263,0.10675,0.02025,2,2
2290,0.073,0.2165,0.36575,0.26675,0.078,3,3
2291,0.01525,0.064,0.20275,0.4275,0.2905,4,2
2292,0.074,0.203,0.3755,0.275,0.0725,3,2
2293,0.07525,0.2305,0.3755,0.25125,0.0675,3,3
2294,0.087,0.26075,0.379,0.21725,0.056,3,2
2295,0.00325,0.01225,0.05425,0.2535,0.67675,5,5
2296,0.01475,0.06675,0.211,0.43725,0.27025,4,4
2297,0.06325,0.21225,0.368,0.2745,0.082,3,3
2298,0.00375,0.011,0.05,0.25425,0.681,5,5
2299,0.06525,0.20025,0.36325,0.28875,0.0825,3,2
2300,0.2195,0.36525,0.28575,0.10625,0.02325,2,4
2301,0.19275,0.3645,0.2975,0.12025,0.025,2,2
2302,0.06175,0.21375,0.37025,0.277,0.07725,3,2
2303,0.23675,0.3885,0.2555,0.097,0.02225,2,1
2304,0.065,0.20175,0.3725,0.276,0.08475,3,5
2305,0.233,0.37725,0.2665,0.10775,0.0155,2,2
2306,0.012,0.04025,0.16375,0.42475,0.35925,4,3
2307,0.0715,0.21175,0.36,0.276,0.08075,3,4
2308,0.00475,0.02575,0.0945,0.34775,0.52725,5,5
2309,0.01475,0.0675,0.206,0.44525,0.2665,4,3
2310,0.071,0.2145,0.3675,0.2735,0.0735,3,3
2311,0.007,0.02225,0.089,0.35925,0.5225,5,5
2312,0.01175,0.053,0.18075,0.4205,0.334,4,5
2313,0.06725,0.19925,0.37025,0.28725,0.076,3,3
2314,0.01775,0.06425,0.21675,0.43025,0.271,4,4
2315,0.13,0.2975,0.35,0.17875,0.04375,3,4
2316,0.23675,0.3765,0.265,0.10225,0.0195,2,3
2317,0.061,0.21125,0.3705,0.2835,0.07375,3,4
2318,0.217,0.3925,0.26975,0.10075,0.02,2,3
2319,0.071,0.20925,0.361,0.287,0.07175,3,2
2320,0.00725,0.02575,0.098,0.3685,0.5005,5,4
2321,0.0095,0.0415,0.15275,0.431,0.36525,4,5
2322,0.00325,0.01,0.0615,0.26525,0.66,5,5
2323,0.2225,0.36925,0.284,0.09875,0.0255,2,2
2324,0.0025,0.01275,0.04875,0.23775,0.69825,5,5
2325,0.00525,0.02525,0.09875,0.36675,0.504,5,5
2326,0.01475,0.055,0.19575,0.42225,0.31225,4,5
2327,0.13175,0.3025,0.3665,0.16525,0.034,3,3
2328,0.00625,0.02525,0.10475,0.357,0.50675,5,4
2329,0.3225,0.40275,0.2,0.06075,0.014,2,5
2330,0.097,0.26175,0.3675,0.218,0.05575,3,3
2331,0.01825,0.06025,0.21275,0.429,0.27975,4,4
2332,0.25,0.382,0.25675,0.09425,0.017,2,3
2333,0.01375,0.06225,0.22275,0.4215,0.27975,4,3
2334,0.32375,0.397,0.19525,0.07225,0.01175,2,2
2335,0.01425,0.06525,0.21225,0.44425,0.264,4,4
2336,0.005,0.02675,0.10025,0.35375,0.51425,5,1
2337,0.32925,0.386,0.2145,0.06,0.01025,2,3
2338,0.017,0.07,0.2065,0.4325,0.274,4,5
2339,0.012,0.05125,0.18525,0.4385,0.313,4,3
2340,0.13125,0.309,0.351,0.172,0.03675,3,1
2341,0.00375,0.02175,0.086,0.35075,0.53775,5,5
2342,0.10375,0.2615,0.36425,0.21175,0.05875,3,3
2343,0.005,0.021,0.0985,0.36925,0.50625,5,3
2344,0.06675,0.193,0.36975,0.288,0.0825,3,3
2345,0.00175,0.00875,0.05525,0.259,0.67525,5,5
2346,0.00525,0.025,0.1005,0.364,0.50525,5,4
2347,0.3235,0.39375,0.20725,0.06175,0.01375,2,1
2348,0.2385,0.38275,0.2615,0.09925,0.018,2,1
2349,0.22975,0.365,0.284,0.09675,0.0245,2,3
2350,0.068,0.2025,0.372,0.2755,0.082,3,3
2351,0.00425,0.01375,0.04925,0.25575,0.677,5,5
2352,0.00425,0.013,0.05125,0.2465,0.685,5,5
2353,0.01725,0.0615,0.21725,0.42725,0.27675,4,4
2354,0.013,0.0545,0.1755,0.4315,0.3255,4,5
2355,0.01175,0.04925,0.19275,0.43875,0.3075,4,5
2356,0.00575,0.023,0.10025,0.3405,0.5305,5,5
2357,0.32025,0.39975,0.19925,0.07025,0.0105,2,2
2358,0.23,0.37125,0.26975,0.11,0.019,2,3
2359,0.086,0.23325,0.3725,0.2445,0.06375,3,3
2360,0.32025,0.395,0.21375,0.06125,0.00975,2,1
2361,0.0795,0.23275,0.3745,0.248,0.06525,3,3
2362,0.01175,0.052,0.1855,0.4375,0.31325,4,3
2363,0.01675,0.06475,0.1995,0.431,0.288,4,4
2364,0.07175,0.209,0.36525,0.27975,0.07425,3,4
2365,0.003,0.01275,0.048,0.255,0.68125,5,4
2366,0.07525,0.22625,0.37975,0.2505,0.06825,3,5
2367,0.01475,0.056,0.2145,0.4405,0.27425,4,3
2368,0.004,0.023,0.0955,0.342,0.5355,5,5
2369,0.07475,0.18625,0.3785,0.28625,0.07425,3,2
2370,0.074,0.2455,0.3735,0.24425,0.06275,3,2
2371,0.08425,0.24325,0.36425,0.24175,0.0665,3,2
2372,0.0175,0.056,0.21125,0.43275,0.2825,4,1
2373,0.0815,0.23025,0.37375,0.2505,0.064,3,4
2374,0.0025,0.01275,0.054,0.25,0.68075,5,5
2375,0.01325,0.0435,0.15525,0.4125,0.3755,4,4
2376,0.013,0.053,0.1905,0.4245,0.319,4,4
2377,0.003,0.01325,0.0495,0.254,0.68025,5,5
2378,0.0155,0.06825,0.20725,0.4255,0.2835,4,4
2379,0.24575,0.37925,0.25925,0.09875,0.017,2,2
2380,0.005,0.0255,0.099,0.3605,0.51,5,5
2381,0.236,0.385,0.27075,0.09275,0.0155,2,2
2382,0.13525,0.30075,0.34125,0.1795,0.04325,3,2
2383,0.00475,0.02075,0.0885,0.36725,0.51875,5,5
2384,0.07975,0.2315,0.37925,0.243,0.0665,3,2
2385,0.082,0.24625,0.36425,0.2425,0.065,3,4
2386,0.227,0.37375,0.28625,0.09425,0.01875,2,4
2387,0.012,0.04675,0.15575,0.42175,0.36375,4,1
2388,0.18925,0.3735,0.29075,0.1175,0.029,2,3
2389,0.08725,0.24525,0.3685,0.2395,0.0595,3,3
2390,0.01075,0.036,0.152,0.43125,0.37,4,1
2391,0.00425,0.0105,0.057,0.2565,0.67175,5,4
2392,0.22925,0.37,0.28175,0.10025,0.01875,2,1
2393,0.01175,0.04875,0.15325,0.428,0.35825,4,4
2394,0.0105,0.05125,0.1865,0.439,0.31275,4,4
2395,0.31425,0.4,0.206,0.06575,0.014,2,4
2396,0.007,0.025,0.10275,0.36525,0.5,5,5
2397,0.0125,0.04,0.1655,0.41825,0.36375,4,3
2398,0.12575,0.3005,0.35775,0.179,0.037,3,3
2399,0.009,0.03775,0.16925,0.42425,0.35975,4,5
2400,0.00375,0.008,0.05525,0.25975,0.67325,5,5
2401,0.00425,0.012,0.0605,0.24625,0.677,5,5
2402,0.06475,0.20275,0.3675,0.29,0.075,3,3
2403,0.014,0.04875,0.19625,0.429,0.312,4,5
2404,0.0695,0.21275,0.363,0.27525,0.0795,3,4
2405,0.011,0.0515,0.18575,0.44025,0.3115,4,4
2406,0.1205,0.31575,0.35,0.175,0.03875,3,3
2407,0.31625,0.39425,0.2115,0.0645,0.0135,2,1
2408,0.1265,0.3,0.35175,0.1795,0.04225,3,2
2409,0.253,0.37975,0.25875,0.09025,0.01825,2,1
2410,0.0025,0.013,0.05075,0.251,0.68275,5,5
2411,0.016,0.05875,0.209,0.4295,0.28675,4,3
2412,0.0065,0.03125,0.09425,0.34225,0.52575,5,2
2413,0.07025,0.1995,0.39,0.2665,0.07375,3,4
2414,0.31775,0.3855,0.21725,0.06475,0.01475,2,3
2415,0.2315,0.376,0.271,0.09725,0.02425,2,4
2416,0.011,0.04925,0.1565,0.4265,0.35675,4,3
2417,0.00625,0.023,0.105,0.36125,0.5045,5,5
2418,0.06325,0.20725,0.36275,0.2795,0.08725,3,2
2419,0.016,0.0605,0.2175,0.436,0.27,4,4
2420,0.06325,0.214,0.3725,0.274,0.07625,3,4
2421,0.01025,0.043,0.15175,0.427,0.368,4,3
2422,0.00525,0.0235,0.0955,0.36575,0.51,5,5
2423,0.07175,0.198,0.36625,0.28525,0.07875,3,2
2424,0.0095,0.0415,0.1615,0.42825,0.35925,4,5
2425,0.088,0.23225,0.36975,0.248,0.062,3,2
2426,0.006,0.02225,0.09875,0.358,0.515,5,3
2427,0.01125,0.049,0.188,0.42525,0.3265,4,5
2428,0.24675,0.37775,0.267,0.094,0.0145,2,2
2429,0.005,0.02175,0.09975,0.353,0.5205,5,5
2430,0.3235,0.387,0.2175,0.0625,0.0095,2,1
2431,0.014,0.05275,0.179,0.428,0.32625,4,3
2432,0.00525,0.012,0.0495,0.24225,0.691,5,5
2433,0.31525,0.3985,0.21675,0.05975,0.00975,2,2
2434,0.01625,0.05825,0.201,0.43575,0.28875,4,4
2435,0.011,0.039,0.162,0.42925,0.35875,4,5
2436,0.0105,0.045,0.15975,0.41675,0.368,4,4
2437,0.235,0.39,0.25925,0.09575,0.02,2,3
2438,0.01075,0.044,0.162,0.42275,0.3605,4,2
2439,0.0935,0.2605,0.36525,0.22375,0.057,3,3
2440,0.02125,0.05925,0.2115,0.42375,0.28425,4,4
2441,0.2315,0.38825,0.264,0.09425,0.022,2,2
2442,0.12225,0.30175,0.342,0.195,0.039,3,4
2443,0.07025,0.2035,0.36875,0.28225,0.07525,3,4
2444,0.01425,0.0635,0.20725,0.43425,0.28075,4,5
2445,0.2525,0.37425,0.2545,0.0995,0.01925,2,5
2446,0.1895,0.362,0.30075,0.1175,0.03025,2,3
2447,0.09225,0.27625,0.358,0.21875,0.05475,3,3
2448,0.07075,0.22125,0.3535,0.273,0.0815,3,3
2449,0.3285,0.39075,0.20025,0.0685,0.012,2,1
2450,0.20425,0.34625,0.30925,0.11375,0.0265,2,2
2451,0.00475,0.0225,0.08875,0.36025,0.52375,5,4
2452,0.23475,0.38775,0.26525,0.09,0.02225,2,3
2453,0.0075,0.028,0.09575,0.36975,0.499,5,5
2454,0.32825,0.378,0.20825,0.071,0.0145,2,1
2455,0.06825,0.203,0.378,0.27525,0.0755,3,2
2456,0.004,0.02225,0.095,0.34925,0.5295,5,3
2457,0.01375,0.067,0.21125,0.426,0.282,4,3
2458,0.069,0.20225,0.37575,0.279,0.074,3,3
2459,0.1275,0.30425,0.357,0.1705,0.04075,3,2
2460,0.009,0.043,0.16875,0.42525,0.354,4,5
2461,0.06875,0.208,0.3675,0.27325,0.0825,3,2
2462,0.0605,0.2075,0.36675,0.28425,0.081,3,4
2463,0.016,0.05775,0.2115,0.43775,0.277,4,3
2464,0.099,0.25175,0.38725,0.208,0.054,3,2
2465,0.0765,0.23625,0.373,0.2505,0.06375,3,4
2466,0.0045,0.0195,0.101,0.3475,0.5275,5,5
2467,0.3315,0.37925,0.21075,0.06525,0.01325,2,3
2468,0.0105,0.042,0.15825,0.42625,0.363,4,4
2469,0.0675,0.21275,0.36125,0.27975,0.07875,3,3
2470,0.00575,0.024,0.0995,0.349,0.52175,5,5
2471,0.1975,0.36475,0.29975,0.1115,0.0265,2,1
2472,0.00325,0.0115,0.0485,0.24575,0.691,5,5
2473,0.003,0.012,0.0545,0.25375,0.67675,5,5
2474,0.1245,0.30325,0.3635,0.166,0.04275,3,2
2475,0.069,0.19975,0.3695,0.27925,0.0825,3,3
2476,0.132,0.31075,0.3435,0.1715,0.04225,3,2
2477,0.0135,0.04925,0.18075,0.43525,0.32125,4,4
2478,0.222,0.3865,0.27475,0.0965,0.02025,2,2
2479,0.004,0.01025,0.05925,0.243,0.6835,5,5
2480,0.001,0.00975,0.053,0.2415,0.69475,5,5
2481,0.235,0.38125,0.268,0.09575,0.02,2,2
2482,0.06775,0.2,0.37625,0.27175,0.08425,3,3
2483,0.1985,0.362,0.295,0.11975,0.02475,2,1
2484,0.0035,0.01025,0.0555,0.25475,0.676,5,5
2485,0.01875,0.06525,0.20975,0.4275,0.27875,4,4
2486,0.00625,0.0235,0.09825,0.35475,0.51725,5,5
2487,0.01625,0.04875,0.18,0.4525,0.3025,4,4
2488,0.06325,0.21075,0.37825,0.2725,0.07525,3,4
2489,0.06275,0.205,0.365,0.29075,0.0765,3,3
2490,0.19125,0.3655,0.29775,0.1195,0.026,2,3
2491,0.0125,0.0545,0.192,0.43425,0.30675,4,4
2492,0.071,0.216,0.35225,0.28825,0.0725,3,2
2493,0.0165,0.05825,0.214,0.4325,0.27875,4,5
2494,0.00975,0.0445,0.17,0.4125,0.36325,4,4
2495,0.00575,0.02475,0.10225,0.35625,0.511,5,5
2496,0.0065,0.022,0.08775,0.36025,0.5235,5,3
2497,0.06625,0.199,0.37375,0.28075,0.08025,3,3
2498,0.083,0.24425,0.369,0.24,0.06375,3,2
2499,0.13075,0.31075,0.35275,0.17,0.03575,3,4
2500,0.09525,0.27725,0.368,0.20625,0.05325,3,2
2501,0.00625,0.02275,0.107,0.3455,0.5185,5,5
2502,0.071,0.206,0.35725,0.28575,0.08,3,3
2503,0.08,0.2365,0.35525,0.256,0.07225,3,4
2504,0.0135,0.0655,0.2185,0.4405,0.262,4,4
2505,0.0715,0.199,0.3665,0.28525,0.07775,3,4
2506,0.09025,0.25925,0.37075,0.22325,0.0565,3,3
2507,0.06875,0.206,0.3665,0.281,0.07775,3,1
2508,0.3165,0.392,0.20825,0.068,0.01525,2,1
2509,0.00625,0.0255,0.1085,0.3515,0.50825,5,5
2510,0.00325,0.0135,0.05625,0.253,0.674,5,4
2511,0.01025,0.04,0.15225,0.44075,0.35675,4,5
2512,0.01025,0.0435,0.1585,0.41825,0.3695,4,2
2513,0.07325,0.2395,0.37825,0.24475,0.06425,3,3
2514,0.063,0.202,0.365,0.2805,0.0895,3,4
2515,0.00975,0.04825,0.1605,0.417,0.3645,4,5
2516,0.1345,0.30825,0.348,0.17025,0.039,3,3
2517,0.24475,0.3775,0.27225,0.08525,0.02025,2,2
2518,0.00375,0.01275,0.056,0.25275,0.67475,5,5
2519,0.00475,0.02275,0.095,0.353,0.5245,5,5
2520,0.009,0.04475,0.172,0.4225,0.35175,4,4
2521,0.01025,0.05275,0.185,0.43525,0.31675,4,2
2522,0.00525,0.0235,0.101,0.36225,0.508,5,3
2523,0.2245,0.37875,0.28,0.097,0.01975,2,3
2524,0.0655,0.2115,0.37925,0.2665,0.07725,3,3
2525,0.22625,0.374,0.278,0.103,0.01875,2,1
2526,0.23425,0.3715,0.27875,0.091,0.0245,2,2
2527,0.07125,0.2005,0.36725,0.28225,0.07875,3,4
2528,0.238,0.38725,0.2635,0.096,0.01525,2,2
2529,0.1215,0.31575,0.349,0.1755,0.03825,3,1
2530,0.0145,0.04675,0.19275,0.43525,0.31075,4,4
2531,0.06375,0.208,0.3775,0.274,0.07675,3,4
2532,0.06325,0.22075,0.3685,0.26875,0.07875,3,4
2533,0.24875,0.378,0.271,0.083,0.01925,2,3
2534,0.24775,0.385,0.2575,0.09075,0.019,2,4
2535,0.01475,0.053,0.187,0.4305,0.31475,4,3
2536,0.23575,0.37,0.267,0.10325,0.024,2,1
2537,0.017,0.0655,0.215,0.431,0.2715,4,4
2538,0.0115,0.0455,0.15975,0.435,0.34825,4,3
2539,0.32375,0.3895,0.212,0.06425,0.0105,2,3
2540,0.011,0.043,0.16,0.43675,0.34925,4,3
2541,0.229,0.372,0.28625,0.09125,0.0215,2,2
2542,0.19325,0.36025,0.29475,0.126,0.02575,2,1
2543,0.06525,0.21575,0.362,0.284,0.073,3,2
2544,0.2275,0.3765,0.2715,0.1,0.0245,2,1
2545,0.23975,0.37775,0.26475,0.098,0.01975,2,1
2546,0.00275,0.01225,0.063,0.25675,0.66525,5,4
2547,0.323,0.38225,0.21725,0.06575,0.01175,2,1
2548,0.0085,0.023,0.0985,0.3665,0.5035,5,5
2549,0.07075,0.2075,0.3765,0.261,0.08425,3,5
2550,0.06425,0.20575,0.38075,0.26775,0.0815,3,4
2551,0.09575,0.27,0.36675,0.208,0.0595,3,3
2552,0.23675,0.39175,0.25425,0.0975,0.01975,2,1
2553,0.23125,0.37725,0.28075,0.0955,0.01525,2,3
2554,0.01525,0.066,0.21475,0.4385,0.2655,4,5
2555,0.0125,0.04325,0.156,0.42875,0.3595,4,5
2556,0.01,0.03925,0.1595,0.4475,0.34375,4,4
2557,0.0695,0.2085,0.3685,0.27325,0.08025,3,2
2558,0.009,0.0475,0.1505,0.42125,0.37175,4,5
2559,0.07825,0.21225,0.3665,0.2665,0.0765,3,3
2560,0.07575,0.20725,0.3625,0.275,0.0795,3,3
2561,0.00425,0.02125,0.098,0.36,0.5165,5,4
2562,0.0645,0.2035,0.3725,0.2725,0.087,3,3
2563,0.08425,0.23975,0.36775,0.24025,0.068,3,3
2564,0.00425,0.009,0.054,0.2585,0.67425,5,5
2565,0.011,0.03925,0.156,0.423,0.37075,4,5
2566,0.0025,0.01275,0.05275,0.256,0.676,5,5
2567,0.2195,0.36925,0.278,0.11275,0.0205,2,4
2568,0.06775,0.209,0.3695,0.28275,0.071,3,4
2569,0.22975,0.3875,0.267,0.09575,0.02,2,1
2570,0.23175,0.37425,0.272,0.09875,0.02325,2,2
2571,0.0065,0.02475,0.09325,0.364,0.5115,5,5
2572,0.0125,0.058,0.178,0.43675,0.31475,4,5
2573,0.00925,0.044,0.15075,0.427,0.369,4,4
2574,0.10325,0.26075,0.376,0.20325,0.05675,3,4
2575,0.08975,0.253,0.37425,0.2265,0.0565,3,2
2576,0.0935,0.261,0.3625,0.22125,0.06175,3,4
2577,0.07275,0.2075,0.375,0.277,0.06775,3,3
2578,0.18925,0.36925,0.303,0.1105,0.028,2,3
2579,0.01625,0.063,0.19675,0.43775,0.28625,4,5
2580,0.012,0.04325,0.15925,0.43625,0.34925,4,4
2581,0.06775,0.19275,0.3715,0.2885,0.0795,3,4
2582,0.014,0.05075,0.19025,0.43725,0.30775,4,5
2583,0.00575,0.0255,0.09375,0.359,0.516,5,5
2584,0.203,0.35275,0.302,0.1195,0.02275,2,2
2585,0.105,0.262,0.3635,0.22125,0.04825,3,3
2586,0.0645,0.20575,0.36775,0.28275,0.07925,3,3
2587,0.011,0.04675,0.18825,0.4445,0.3095,4,3
2588,0.07575,0.23175,0.37975,0.2465,0.06625,3,3
2589,0.01225,0.04375,0.16625,0.418,0.35975,4,5
2590,0.00525,0.02875,0.09475,0.3505,0.52075,5,3
2591,0.00425,0.011,0.049,0.25875,0.677,5,5
2592,0.22375,0.37425,0.2745,0.1065,0.021,2,2
2593,0.07075,0.199,0.37125,0.287,0.072,3,3
2594,0.24325,0.39475,0.25525,0.089,0.01775,2,1
2595,0.0055,0.0235,0.09625,0.35425,0.5205,5,5
2596,0.2225,0.37775,0.27225,0.10725,0.02025,2,2
2597,0.0965,0.25575,0.37975,0.215,0.053,3,4
2598,0.1245,0.30425,0.35825,0.1715,0.0415,3,1
2599,0.00425,0.02425,0.1005,0.34525,0.52575,5,5
2600,0.07,0.19825,0.373,0.2775,0.08125,3,3
2601,0.0095,0.04375,0.16025,0.432,0.3545,4,4
2602,0.06775,0.20575,0.383,0.264,0.0795,3,3
2603,0.12875,0.30675,0.34925,0.176,0.03925,3,3
2604,0.19475,0.36075,0.2955,0.12075,0.02825,2,1
2605,0.01275,0.04375,0.14925,0.42275,0.3715,4,5
2606,0.01225,0.0405,0.16025,0.4305,0.3565,4,3
2607,0.00225,0.0145,0.054,0.2625,0.66675,5,5
2608,0.18975,0.3755,0.29675,0.1155,0.0225,2,2
2609,0.011,0.0535,0.1785,0.4325,0.3245,4,2
2610,0.2465,0.38225,0.26775,0.08075,0.02275,2,4
2611,0.32525,0.37925,0.21375,0.07025,0.0115,2,3
2612,0.01775,0.0635,0.20825,0.4375,0.273,4,3
2613,0.00675,0.04325,0.15475,0.431,0.36425,4,5
2614,0.07225,0.22025,0.355,0.267,0.0855,3,3
2615,0.3125,0.40275,0.20525,0.06525,0.01425,2,1
2616,0.24475,0.37875,0.27025,0.08925,0.017,2,3
2617,0.08425,0.22725,0.37425,0.2535,0.06075,3,5
2618,0.31525,0.399,0.209,0.06175,0.015,2,2
2619,0.062,0.2145,0.363,0.28825,0.07225,3,3
2620,0.00675,0.02125,0.09375,0.35975,0.5185,5,4
2621,0.06825,0.20075,0.3875,0.26075,0.08275,3,2
2622,0.09575,0.25625,0.37275,0.2255,0.04975,3,2
2623,0.12875,0.31325,0.341,0.1795,0.0375,3,2
2624,0.10275,0.2585,0.36225,0.21775,0.05875,3,4
2625,0.00425,0.0115,0.05175,0.253,0.6795,5,4
2626,0.23975,0.38,0.26675,0.093,0.0205,2,4
2627,0.005,0.02325,0.09025,0.3495,0.532,5,4
2628,0.00575,0.02275,0.09325,0.3685,0.50975,5,5
2629,0.093,0.23925,0.375,0.23775,0.055,3,2
2630,0.0055,0.024,0.09625,0.3605,0.51375,5,4
2631,0.0645,0.20625,0.3755,0.271,0.08275,3,3
2632,0.00575,0.021,0.09025,0.3655,0.5175,5,4
2633,0.00725,0.0185,0.09425,0.358,0.522,5,5
2634,0.13575,0.30325,0.35925,0.164,0.03775,3,2
2635,0.197,0.37275,0.292,0.11725,0.021,2,3
2636,0.24425,0.3755,0.26825,0.09275,0.01925,2,2
2637,0.002,0.01475,0.059,0.25975,0.6645,5,5
2638,0.091,0.23475,0.36775,0.23925,0.06725,3,3
2639,0.318,0.39975,0.208,0.05825,0.016,2,3
2640,0.07725,0.24025,0.37475,0.24375,0.064,3,4
2641,0.1955,0.35275,0.30475,0.1225,0.0245,2,2
2642,0.31975,0.386,0.2155,0.0665,0.01225,2,2
2643,0.00325,0.01175,0.05,0.25225,0.68275,5,4
2644,0.005,0.02375,0.09925,0.345,0.527,5,4
2645,0.07025,0.20975,0.361,0.28225,0.07675,3,4
2646,0.1895,0.366,0.304,0.108,0.0325,2,1
2647,0.3195,0.39025,0.21825,0.0635,0.0085,2,3
2648,0.00325,0.012,0.05325,0.261,0.6705,5,5
2649,0.225,0.3715,0.2755,0.10425,0.02375,2,3
2650,0.0155,0.04825,0.19,0.432,0.31425,4,3
2651,0.0095,0.04475,0.1615,0.40475,0.3795,4,5
2652,0.1035,0.25975,0.35575,0.222,0.059,3,2
2653,0.232,0.38175,0.265,0.0995,0.02175,2,3
2654,0.325,0.385,0.209,0.068,0.013,2,2
2655,0.0995,0.25725,0.3775,0.208,0.05775,3,3
2656,0.32675,0.38925,0.20775,0.06425,0.012,2,3
2657,0.00525,0.017,0.102,0.354,0.52175,5,4
2658,0.07925,0.236,0.36575,0.2495,0.0695,3,2
2659,0.016,0.06475,0.213,0.428,0.27825,4,5
2660,0.06675,0.2075,0.36225,0.28975,0.07375,3,3
2661,0.19375,0.35625,0.29775,0.1275,0.02475,2,4
2662,0.013,0.04075,0.152,0.42475,0.3695,4,1
2663,0.13175,0.30725,0.3485,0.17275,0.03975,3,4
2664,0.01275,0.04575,0.153,0.42075,0.36775,4,4
2665,0.062,0.2085,0.3605,0.29,0.079,3,4
2666,0.237,0.38575,0.259,0.099,0.01925,2,2
2667,0.2345,0.3755,0.27125,0.09725,0.0215,2,1
2668,0.2125,0.3865,0.27825,0.10175,0.021,2,1
2669,0.327,0.40475,0.19625,0.06,0.012,2,2
2670,0.2315,0.37975,0.2825,0.0855,0.02075,2,1
2671,0.0685,0.1965,0.37625,0.27675,0.082,3,3
2672,0.31625,0.39325,0.21575,0.061,0.01375,2,2
2673,0.06825,0.208,0.3715,0.27475,0.0775,3,5
2674,0.31325,0.39775,0.2105,0.06525,0.01325,2,3
2675,0.06675,0.216,0.37325,0.26525,0.07875,3,3
2676,0.136,0.295,0.356,0.17275,0.04025,3,5
2677,0.05875,0.2045,0.372,0.283,0.08175,3,3
2678,0.3215,0.39875,0.20875,0.0595,0.0115,2,1
2679,0.01175,0.05725,0.21625,0.4335,0.28125,4,2
2680,0.063,0.1955,0.36825,0.29375,0.0795,3,3
2681,0.07775,0.2405,0.374,0.24325,0.0645,3,4
2682,0.24375,0.3835,0.256,0.0945,0.02225,2,3
2683,0.219,0.37225,0.27875,0.11075,0.01925,2,2
2684,0.00925,0.0425,0.16675,0.423,0.3585,4,4
2685,0.124,0.3085,0.3505,0.1785,0.0385,3,3
2686,0.003,0.01125,0.05475,0.249,0.682,5,4
2687,0.086,0.24025,0.368,0.244,0.06175,3,2
2688,0.01525,0.05925,0.2005,0.43425,0.29075,4,5
2689,0.00475,0.023,0.08475,0.35975,0.52775,5,5
2690,0.09975,0.2665,0.36825,0.215,0.0505,3,3
2691,0.00375,0.00925,0.05375,0.24825,0.685,5,4
2692,0.01125,0.04125,0.15225,0.4225,0.37275,4,5
2693,0.00525,0.0285,0.101,0.361,0.50425,5,5
2694,0.1305,0.29075,0.36325,0.1725,0.043,3,1
2695,0.013,0.05475,0.183,0.42725,0.322,4,5
2696,0.191,0.37,0.29275,0.12125,0.025,2,2
2697,0.0045,0.024,0.1085,0.356,0.507,5,4
2698,0.063,0.2065,0.3535,0.28825,0.08875,3,4
2699,0.003,0.014,0.0535,0.254,0.6755,5,4
2700,0.071,0.20775,0.36925,0.27825,0.07375,3,4
2701,0.234,0.38125,0.26875,0.09525,0.02075,2,1
2702,0.064,0.204,0.37075,0.28175,0.0795,3,4
2703,0.339,0.37875,0.203,0.067,0.01225,2,2
2704,0.06425,0.19925,0.37325,0.28325,0.08,3,4
2705,0.00675,0.0225,0.1,0.35375,0.517,5,5
2706,0.01825,0.06025,0.203,0.44975,0.26875,4,4
2707,0.22225,0.38325,0.27225,0.0995,0.02275,2,3
2708,0.015,0.06225,0.21525,0.43025,0.27725,4,5
2709,0.32025,0.38025,0.21675,0.07025,0.0125,2,3
2710,0.0815,0.2175,0.392,0.236,0.073,3,2
2711,0.01575,0.06325,0.207,0.4415,0.2725,4,4
2712,0.3225,0.38425,0.21725,0.06375,0.01225,2,2
2713,0.0095,0.04375,0.16025,0.425,0.3615,4,5
2714,0.0085,0.041,0.15375,0.42975,0.367,4,4
2715,0.129,0.30375,0.3615,0.16625,0.0395,3,3
2716,0.004,0.02175,0.09625,0.357,0.521,5,4
2717,0.0615,0.2035,0.36525,0.2925,0.07725,3,4
2718,0.0695,0.2105,0.37125,0.27275,0.076,3,4
2719,0.00925,0.04375,0.16425,0.415,0.36775,4,4
2720,0.25,0.37475,0.26525,0.09025,0.01975,2,3
2721,0.0075,0.022,0.09575,0.37975,0.495,5,3
2722,0.00675,0.02175,0.0995,0.356,0.516,5,5
2723,0.00625,0.02325,0.10825,0.35325,0.509,5,4
2724,0.01275,0.04425,0.1655,0.415,0.3625,4,2
2725,0.012,0.06,0.176,0.4435,0.3085,4,5
2726,0.2315,0.3805,0.277,0.08875,0.02225,2,1
2727,0.01475,0.06125,0.2055,0.43425,0.28425,4,3
2728,0.00975,0.041,0.15825,0.43375,0.35725,4,2
2729,0.244,0.37425,0.2655,0.096,0.02025,2,2
2730,0.32125,0.378,0.2225,0.06625,0.012,2,1
2731,0.01,0.043,0.1615,0.414,0.3715,4,3
2732,0.0695,0.1885,0.38,0.2765,0.0855,3,3
2733,0.00875,0.0415,0.16325,0.4045,0.382,4,5
2734,0.0125,0.0515,0.19575,0.4325,0.30775,4,3
2735,0.01675,0.0605,0.20475,0.44325,0.27475,4,4
2736,0.067,0.1935,0.37125,0.28475,0.0835,3,2
2737,0.006,0.0365,0.1585,0.43825,0.36075,4,4
2738,0.3225,0.3705,0.227,0.0655,0.0145,2,2
2739,0.06275,0.2015,0.3835,0.26175,0.0905,3,2
2740,0.081,0.23275,0.372,0.2435,0.07075,3,3
2741,0.01375,0.05,0.19075,0.4445,0.301,4,5
2742,0.06475,0.1925,0.366,0.28725,0.0895,3,2
2743,0.00875,0.04275,0.16025,0.42575,0.3625,4,4
2744,0.007,0.02425,0.10325,0.3645,0.501,5,5
2745,0.05875,0.196,0.377,0.2875,0.08075,3,4
2746,0.085,0.2345,0.37075,0.23925,0.0705,3,4
2747,0.0115,0.0495,0.19175,0.4255,0.32175,4,5
2748,0.01225,0.04875,0.1785,0.45125,0.30925,4,4
2749,0.1245,0.30425,0.36325,0.1665,0.0415,3,2
2750,0.016,0.06225,0.21525,0.43725,0.26925,4,5
2751,0.06825,0.2015,0.37925,0.27075,0.08025,3,3
2752,0.22325,0.38375,0.28,0.09275,0.02025,2,1
2753,0.07225,0.2025,0.36,0.2855,0.07975,3,2
2754,0.014,0.058,0.21025,0.44625,0.2715,4,5
2755,0.0165,0.05575,0.2105,0.43075,0.2865,4,4
2756,0.129,0.3105,0.3525,0.171,0.037,3,5
2757,0.09825,0.25125,0.3685,0.222,0.06,3,2
2758,0.07175,0.21175,0.36575,0.2835,0.06725,3,5
2759,0.12675,0.30725,0.35825,0.169,0.03875,3,5
2760,0.22575,0.37175,0.2785,0.10525,0.01875,2,2
2761,0.00575,0.023,0.10275,0.36275,0.50575,5,5
2762,0.0085,0.0425,0.16375,0.42375,0.3615,4,4
2763,0.0035,0.01225,0.05875,0.25925,0.66625,5,5
2764,0.019,0.0645,0.2105,0.416,0.29,4,3
2765,0.0035,0.0245,0.10275,0.35275,0.5165,5,5
2766,0.32575,0.39025,0.206,0.0655,0.0125,2,3
2767,0.0735,0.232,0.37725,0.25325,0.064,3,5
2768,0.00475,0.02375,0.10275,0.3635,0.50525,5,4
2769,0.011,0.047,0.16125,0.41525,0.3655,4,3
2770,0.01075,0.04875,0.15675,0.42775,0.356,4,5
2771,0.06625,0.19975,0.36575,0.2845,0.08375,3,5
2772,0.14325,0.29175,0.3505,0.1775,0.037,3,3
2773,0.01575,0.065,0.2055,0.43675,0.277,4,3
2774,0.011,0.038,0.167,0.423,0.361,4,5
2775,0.0175,0.0655,0.211,0.4325,0.2735,4,4
2776,0.00675,0.0245,0.09775,0.3475,0.5235,5,5
2777,0.0065,0.02575,0.09475,0.34925,0.52375,5,5
2778,0.0695,0.206,0.3775,0.26875,0.07825,3,3
2779,0.109,0.2555,0.36475,0.21575,0.055,3,5
2780,0.014,0.05425,0.18,0.434,0.31775,4,4
2781,0.2485,0.388,0.26,0.088,0.0155,2,2
2782,0.012,0.047,0.178,0.4395,0.3235,4,5
2783,0.064,0.212,0.36975,0.27525,0.079,3,4
2784,0.135,0.2985,0.3485,0.1755,0.0425,3,3
2785,0.0055,0.02425,0.0925,0.36,0.51775,5,5
2786,0.193,0.37125,0.2955,0.118,0.02225,2,3
2787,0.0835,0.23525,0.37175,0.25,0.0595,3,3
2788,0.0645,0.21075,0.3645,0.283,0.07725,3,3
2789,0.0055,0.023,0.1045,0.35775,0.50925,5,5
2790,0.00925,0.0405,0.15575,0.43475,0.35975,4,5
2791,0.21825,0.383,0.2735,0.101,0.02425,2,1
2792,0.006,0.02125,0.0985,0.35325,0.521,5,5
2793,0.01275,0.053,0.196,0.4285,0.30975,4,4
2794,0.01025,0.038,0.15975,0.437,0.355,4,4
2795,0.0135,0.058,0.18975,0.41275,0.326,4,5
2796,0.0085,0.04775,0.15425,0.4135,0.376,4,4
2797,0.00725,0.044,0.1575,0.41675,0.3745,4,4
2798,0.23375,0.39475,0.25775,0.0945,0.01925,2,1
2799,0.229,0.37775,0.279,0.09225,0.022,2,1
2800,0.0955,0.259,0.37225,0.2145,0.05875,3,4
2801,0.25,0.3785,0.25975,0.09125,0.0205,2,1
2802,0.01,0.04525,0.16175,0.42725,0.35575,4,4
2803,0.09375,0.26725,0.37175,0.21025,0.057,3,3
2804,0.0095,0.04475,0.16775,0.419,0.359,4,3
2805,0.01275,0.0455,0.15825,0.4165,0.367,4,2
2806,0.00725,0.02575,0.09325,0.361,0.51275,5,5
2807,0.0075,0.02275,0.109,0.3575,0.50325,5,4
2808,0.008,0.04925,0.1635,0.4295,0.34975,4,4
2809,0.1955,0.3575,0.2975,0.1205,0.029,2,1
2810,0.00325,0.011,0.047,0.253,0.68575,5,5
2811,0.01425,0.05175,0.19275,0.424,0.31725,4,4
2812,0.31525,0.39975,0.20925,0.06275,0.013,2,2
2813,0.12725,0.29625,0.36375,0.167,0.04575,3,2
2814,0.09525,0.25975,0.373,0.22425,0.04775,3,1
2815,0.00875,0.04125,0.159,0.413,0.378,4,5
2816,0.00175,0.012,0.0455,0.2715,0.66925,5,5
2817,0.012,0.06275,0.2075,0.45375,0.264,4,2
2818,0.01275,0.05075,0.17975,0.441,0.31575,4,3
2819,0.226,0.38725,0.2765,0.091,0.01925,2,4
2820,0.06425,0.201,0.38175,0.26875,0.08425,3,2
2821,0.323,0.39225,0.208,0.06575,0.011,2,1
2822,0.0665,0.20375,0.368,0.28525,0.0765,3,3
2823,0.0025,0.01325,0.0525,0.25025,0.6815,5,5
2824,0.095,0.266,0.3705,0.21625,0.05225,3,2
2825,0.0715,0.2125,0.36625,0.27925,0.0705,3,1
2826,0.32925,0.38825,0.2035,0.06475,0.01425,2,3
2827,0.12125,0.314,0.34725,0.17975,0.03775,3,2
2828,0.0635,0.19575,0.38275,0.2775,0.0805,3,2
2829,0.0175,0.0615,0.214,0.44275,0.26425,4,5
2830,0.138,0.31725,0.346,0.163,0.03575,3,2
2831,0.228,0.36975,0.2745,0.10625,0.0215,2,1
2832,0.0945,0.25275,0.36925,0.223,0.0605,3,3
2833,0.0065,0.0235,0.09275,0.3465,0.53075,5,4
2834,0.23475,0.361,0.285,0.0965,0.02275,2,4
2835,0.20125,0.35425,0.30025,0.1235,0.02075,2,3
2836,0.31875,0.3965,0.21075,0.06075,0.01325,2,3
2837,0.01125,0.042,0.155,0.425,0.36675,4,3
2838,0.2235,0.37625,0.2815,0.09925,0.0195,2,3
2839,0.09175,0.25825,0.3675,0.227,0.0555,3,4
2840,0.00575,0.02225,0.101,0.35325,0.51775,5,3
2841,0.32475,0.3965,0.20075,0.0635,0.0145,2,1
2842,0.13025,0.303,0.3515,0.17425,0.041,3,3
2843,0.08475,0.24575,0.35925,0.24325,0.067,3,3
2844,0.096,0.26875,0.36325,0.21725,0.05475,3,3
2845,0.009,0.0405,0.15925,0.44,0.35125,4,4
2846,0.01,0.04625,0.1615,0.42025,0.362,4,4
2847,0.0115,0.05925,0.2075,0.44775,0.274,4,4
2848,0.0685,0.201,0.362,0.28225,0.08625,3,4
2849,0.101,0.262,0.366,0.21575,0.05525,3,2
2850,0.08575,0.227,0.3815,0.24575,0.06,3,3
2851,0.00225,0.01075,0.05275,0.251,0.68325,5,5
2852,0.005,0.0275,0.09875,0.36475,0.504,5,5
2853,0.2255,0.37875,0.27425,0.0995,0.022,2,2
2854,0.2015,0.3635,0.29625,0.1165,0.02225,2,3
2855,0.0065,0.02625,0.102,0.356,0.50925,5,3
2856,0.067,0.205,0.3605,0.28275,0.08475,3,3
2857,0.018,0.05975,0.2085,0.42675,0.287,4,5
2858,0.128,0.30425,0.35475,0.17025,0.04275,3,2
2859,0.23625,0.38475,0.264,0.094,0.021,2,2
2860,0.068,0.20525,0.3615,0.28425,0.081,3,3
2861,0.00525,0.023,0.09325,0.349,0.5295,5,3
2862,0.012,0.04825,0.16125,0.41775,0.36075,4,4
2863,0.32025,0.385,0.216,0.0655,0.01325,2,1
2864,0.1305,0.31025,0.348,0.1765,0.03475,3,5
2865,0.0185,0.06,0.21,0.44825,0.26325,4,4
2866,0.06925,0.20375,0.37425,0.273,0.07975,3,4
2867,0.01425,0.0515,0.19875,0.424,0.3115,4,2
2868,0.06725,0.2005,0.37625,0.274,0.082,3,2
2869,0.18275,0.371,0.293,0.1275,0.02575,2,2
2870,0.075,0.20025,0.36425,0.27875,0.08175,3,3
2871,0.097,0.26775,0.36975,0.218,0.0475,3,2
2872,0.23125,0.37125,0.278,0.09775,0.02175,2,1
2873,0.13525,0.30975,0.3515,0.16675,0.03675,3,4
2874,0.21275,0.39425,0.2685,0.1055,0.019,2,1
2875,0.2345,0.366,0.2775,0.10075,0.02125,2,3
2876,0.00825,0.022,0.09875,0.3565,0.5145,5,5
2877,0.00275,0.0095,0.05225,0.2535,0.682,5,5
2878,0.0695,0.20375,0.36525,0.276,0.0855,3,4
2879,0.013,0.05575,0.1885,0.44325,0.2995,4,4
2880,0.0095,0.039,0.16525,0.431,0.35525,4,3
2881,0.0065,0.01875,0.10525,0.35,0.5195,5,1
2882,0.17975,0.3745,0.29925,0.1205,0.026,2,3
2883,0.007,0.02625,0.1,0.363,0.50375,5,5
2884,0.19525,0.3525,0.30225,0.12475,0.02525,2,3
2885,0.00625,0.023,0.09775,0.34875,0.52425,5,4
2886,0.192,0.35775,0.30225,0.1195,0.0285,2,2
2887,0.01125,0.04375,0.15725,0.42425,0.3635,4,1
2888,0.06025,0.2075,0.3655,0.28825,0.0785,3,4
2889,0.19375,0.36925,0.28825,0.11975,0.029,2,2
2890,0.0035,0.01325,0.058,0.25175,0.6735,5,5
2891,0.18675,0.37475,0.29475,0.11525,0.0285,2,3
2892,0.013,0.04425,0.1585,0.41925,0.365,4,4
2893,0.10525,0.25375,0.375,0.21175,0.05425,3,3
2894,0.18875,0.373,0.29425,0.1165,0.0275,2,2
2895,0.0095,0.04525,0.162,0.4175,0.36575,4,4
2896,0.0145,0.06225,0.21225,0.42425,0.28675,4,5
2897,0.0165,0.0595,0.21075,0.42975,0.2835,4,3
2898,0.07025,0.212,0.363,0.27275,0.082,3,2
2899,0.064,0.20925,0.3595,0.286,0.08125,3,1
2900,0.01325,0.0435,0.155,0.42325,0.365,4,5
2901,0.07525,0.20775,0.362,0.27325,0.08175,3,4
2902,0.019,0.06125,0.20625,0.442,0.2715,4,4
2903,0.1955,0.3725,0.289,0.11775,0.02525,2,4
2904,0.09625,0.26975,0.36925,0.21525,0.0495,3,4
2905,0.00475,0.0235,0.095,0.357,0.51975,5,5
2906,0.06925,0.20375,0.3755,0.275,0.0765,3,3
2907,0.0055,0.022,0.0925,0.3565,0.5235,5,4
2908,0.005,0.022,0.102,0.36275,0.50825,5,5
2909,0.133,0.31075,0.35125,0.161,0.044,3,3
2910,0.0175,0.0605,0.2035,0.44175,0.27675,4,4
2911,0.2405,0.37525,0.27375,0.092,0.0185,2,2
2912,0.21775,0.37625,0.2855,0.09775,0.02275,2,2
2913,0.01375,0.04175,0.15975,0.41225,0.3725,4,5
2914,0.0635,0.2015,0.37675,0.27825,0.08,3,3
2915,0.068,0.1935,0.37925,0.28125,0.078,3,3
2916,0.0035,0.01225,0.049,0.25525,0.68,5,5
2917,0.096,0.26075,0.3625,0.22725,0.0535,3,4
2918,0.0065,0.02175,0.103,0.355,0.51375,5,5
2919,0.18925,0.3805,0.2955,0.113,0.02175,2,3
2920,0.069,0.20875,0.354,0.285,0.08325,3,3
2921,0.09525,0.2615,0.365,0.225,0.05325,3,2
2922,0.01,0.04275,0.16175,0.41,0.3755,4,4
2923,0.232,0.3785,0.26375,0.1015,0.02425,2,1
2924,0.068,0.20875,0.364,0.2775,0.08175,3,3
2925,0.24825,0.3695,0.25675,0.10575,0.01975,2,2
2926,0.0705,0.2185,0.359,0.2705,0.0815,3,4
2927,0.0625,0.21625,0.37425,0.27325,0.07375,3,2
2928,0.06575,0.2105,0.368,0.276,0.07975,3,2
2929,0.006,0.02275,0.09775,0.351,0.5225,5,5
2930,0.00725,0.02625,0.1015,0.36975,0.49525,5,5
2931,0.0105,0.05025,0.1535,0.41875,0.367,4,5
2932,0.06775,0.2075,0.37075,0.27,0.084,3,4
2933,0.06725,0.20875,0.36775,0.27975,0.0765,3,3
2934,0.01,0.0405,0.15625,0.4235,0.36975,4,4
2935,0.2245,0.376,0.2775,0.103,0.019,2,1
2936,0.0965,0.26575,0.36775,0.22125,0.04875,3,3
2937,0.01325,0.05325,0.1845,0.432,0.317,4,5
2938,0.0095,0.04225,0.16025,0.4175,0.3705,4,5
2939,0.3185,0.37475,0.22425,0.068,0.0145,2,2
2940,0.08425,0.22775,0.38,0.239,0.069,3,2
2941,0.19525,0.3635,0.29775,0.119,0.0245,2,3
2942,0.00375,0.02025,0.0975,0.347,0.5315,5,4
2943,0.24825,0.3665,0.269,0.0975,0.01875,2,3
2944,0.08425,0.221,0.3925,0.23975,0.0625,3,3
2945,0.244,0.3795,0.26425,0.09,0.02225,2,3
2946,0.0805,0.22625,0.37975,0.24525,0.06825,3,2
2947,0.005,0.02425,0.11075,0.34775,0.51225,5,4
2948,0.2375,0.383,0.2695,0.09375,0.01625,2,1
2949,0.00975,0.04275,0.16375,0.42575,0.358,4,3
2950,0.1035,0.25425,0.3775,0.2055,0.05925,3,3
2951,0.006,0.02725,0.0915,0.349,0.52625,5,5
2952,0.06775,0.21375,0.36075,0.2835,0.07425,3,3
2953,0.0775,0.20475,0.37475,0.26425,0.07875,3,3
2954,0.0115,0.0425,0.1605,0.435,0.3505,4,5
2955,0.00275,0.00975,0.05225,0.2495,0.68575,5,4
2956,0.1315,0.29175,0.363,0.1715,0.04225,3,3
2957,0.069,0.21275,0.361,0.275,0.08225,3,3
2958,0.08625,0.239,0.366,0.2425,0.06625,3,4
2959,0.073,0.20725,0.36625,0.28725,0.06625,3,1
2960,0.01425,0.05125,0.18125,0.42425,0.329,4,4
2961,0.00975,0.04025,0.15175,0.41925,0.379,4,5
2962,0.00575,0.0245,0.0885,0.3675,0.51375,5,5
2963,0.23125,0.3795,0.26925,0.10225,0.01775,2,2
2964,0.01125,0.03975,0.1505,0.4355,0.363,4,4
2965,0.318,0.39325,0.2115,0.0655,0.01175,2,2
2966,0.21875,0.378,0.28225,0.10225,0.01875,2,2
2967,0.01175,0.04275,0.16075,0.41525,0.3695,4,3
2968,0.0095,0.044,0.17075,0.423,0.35275,4,4
2969,0.00625,0.02425,0.09725,0.3655,0.50675,5,4
2970,0.06475,0.20675,0.37075,0.28375,0.074,3,2
2971,0.0665,0.2015,0.364,0.289,0.079,3,3
2972,0.31425,0.4085,0.1955,0.066,0.01575,2,4
2973,0.13125,0.31125,0.34375,0.16925,0.0445,3,4
2974,0.08175,0.23375,0.37725,0.242,0.06525,3,3
2975,0.12975,0.296,0.35375,0.17625,0.04425,3,2
2976,0.0995,0.26325,0.36175,0.22075,0.05475,3,4
2977,0.0685,0.213,0.36,0.27775,0.08075,3,4
2978,0.00875,0.04575,0.1685,0.42125,0.35575,4,4
2979,0.08525,0.23325,0.37625,0.24125,0.064,3,3
2980,0.0115,0.04225,0.1765,0.419,0.35075,4,5
2981,0.23325,0.379,0.26375,0.104,0.02,2,4
2982,0.22325,0.3875,0.27325,0.09525,0.02075,2,3
2983,0.0645,0.20475,0.3825,0.27075,0.0775,3,3
2984,0.0055,0.02475,0.09875,0.34175,0.52925,5,4
2985,0.07375,0.19425,0.36275,0.29325,0.076,3,4
2986,0.134,0.29475,0.3475,0.185,0.03875,3,4
2987,0.098,0.26125,0.3645,0.22125,0.055,3,2
2988,0.006,0.02375,0.08375,0.3565,0.53,5,5
2989,0.1325,0.306,0.34975,0.17475,0.037,3,1
2990,0.1945,0.366,0.2965,0.11625,0.02675,2,2
2991,0.0115,0.0515,0.18425,0.429,0.32375,4,3
