,Prob_Note_1,Prob_Note_2,Prob_Note_3,Prob_Note_4,Prob_Note_5,Note_Predite,Note_Reelle
0,0.06725,0.21025,0.36925,0.278,0.07525,3,3
1,0.22675,0.37375,0.275,0.101,0.0235,2,1
2,0.30525,0.3985,0.22025,0.0625,0.0135,2,1
3,0.0635,0.21575,0.3735,0.26675,0.0805,3,3
4,0.0635,0.20975,0.38125,0.269,0.0765,3,4
5,0.01625,0.0745,0.2,0.4355,0.27375,4,5
6,0.20375,0.36025,0.30075,0.11475,0.0205,2,2
7,0.00625,0.02175,0.09175,0.346,0.53425,5,5
8,0.00475,0.0235,0.09425,0.35775,0.51975,5,4
9,0.24325,0.38775,0.25525,0.09475,0.019,2,2
10,0.07075,0.203,0.37875,0.26975,0.07775,3,3
11,0.01475,0.05775,0.216,0.4315,0.28,4,4
12,0.06725,0.2085,0.377,0.27025,0.077,3,1
13,0.0165,0.05625,0.2105,0.443,0.27375,4,5
14,0.0095,0.042,0.16225,0.41675,0.3695,4,5
15,0.07075,0.2125,0.3715,0.2755,0.06975,3,3
16,0.0715,0.20675,0.3685,0.2815,0.07175,3,2
17,0.094,0.25025,0.39375,0.2125,0.0495,3,4
18,0.011,0.0445,0.15175,0.42,0.37275,4,5
19,0.01225,0.041,0.1665,0.4305,0.34975,4,4
20,0.00725,0.0245,0.10425,0.35225,0.51175,5,5
21,0.234,0.3715,0.27975,0.09525,0.0195,2,3
22,0.0135,0.052,0.18775,0.42425,0.3225,4,5
23,0.07325,0.229,0.3825,0.24625,0.069,3,2
24,0.3245,0.38175,0.21575,0.066,0.012,2,1
25,0.19075,0.36225,0.30475,0.116,0.02625,2,1
26,0.00625,0.02175,0.0945,0.34575,0.53175,5,5
27,0.22775,0.384,0.26625,0.10225,0.01975,2,2
28,0.00975,0.022,0.09,0.33575,0.5425,5,4
29,0.0665,0.198,0.3705,0.28175,0.08325,3,4
30,0.01625,0.0665,0.215,0.43525,0.267,4,4
31,0.0865,0.24325,0.35325,0.254,0.063,3,2
32,0.205,0.3575,0.292,0.117,0.0285,2,2
33,0.24325,0.38175,0.261,0.09475,0.01925,2,2
34,0.067,0.208,0.3725,0.2745,0.078,3,4
35,0.01525,0.04825,0.18775,0.432,0.31675,4,3
36,0.24825,0.37975,0.26225,0.091,0.01875,2,3
37,0.11375,0.255,0.37425,0.2065,0.0505,3,1
38,0.06975,0.2195,0.35575,0.27825,0.07675,3,3
39,0.00825,0.0185,0.0985,0.346,0.52875,5,5
40,0.007,0.0255,0.0975,0.36575,0.50425,5,5
41,0.01,0.039,0.15375,0.4295,0.36775,4,5
42,0.0075,0.0175,0.09075,0.35625,0.528,5,5
43,0.13775,0.30275,0.34375,0.17475,0.041,3,2
44,0.01375,0.05575,0.1905,0.42625,0.31375,4,4
45,0.0725,0.19875,0.379,0.2755,0.07425,3,2
46,0.078,0.237,0.36275,0.25325,0.069,3,3
47,0.0635,0.21125,0.36125,0.2835,0.0805,3,3
48,0.326,0.38725,0.21175,0.0635,0.0115,2,2
49,0.074,0.20775,0.3665,0.26975,0.082,3,2
50,0.12225,0.31375,0.34775,0.1745,0.04175,3,2
51,0.12725,0.32175,0.3415,0.1755,0.034,3,2
52,0.24825,0.381,0.26775,0.087,0.016,2,2
53,0.23775,0.40025,0.25375,0.089,0.01925,2,1
54,0.13275,0.31375,0.34375,0.1715,0.03825,3,1
55,0.064,0.21075,0.3755,0.2765,0.07325,3,1
56,0.0155,0.06375,0.2145,0.41975,0.2865,4,4
57,0.01675,0.05575,0.2035,0.43625,0.28775,4,5
58,0.00425,0.013,0.05975,0.24925,0.67375,5,5
59,0.12675,0.307,0.3555,0.16825,0.0425,3,3
60,0.011,0.03725,0.1675,0.41725,0.367,4,4
61,0.0665,0.20325,0.38375,0.268,0.0785,3,4
62,0.002,0.0125,0.05225,0.26325,0.67,5,5
63,0.01725,0.05,0.1835,0.42725,0.322,4,4
64,0.06225,0.19625,0.3795,0.28,0.082,3,5
65,0.23225,0.3865,0.27125,0.09275,0.01725,2,3
66,0.0685,0.21675,0.35675,0.2765,0.0815,3,3
67,0.1035,0.25625,0.37575,0.215,0.0495,3,3
68,0.0075,0.02,0.08975,0.35075,0.532,5,3
69,0.072,0.20425,0.37925,0.269,0.0755,3,1
70,0.013,0.044,0.17125,0.41675,0.355,4,2
71,0.22075,0.3825,0.27575,0.09875,0.02225,2,1
72,0.12975,0.3105,0.35925,0.16075,0.03975,3,4
73,0.09125,0.26025,0.373,0.223,0.0525,3,1
74,0.126,0.31325,0.345,0.17325,0.0425,3,3
75,0.01375,0.05275,0.181,0.4435,0.309,4,4
76,0.2225,0.374,0.28025,0.105,0.01825,2,1
77,0.00125,0.0105,0.0545,0.25025,0.6835,5,5
78,0.1875,0.37875,0.29225,0.11325,0.02825,2,1
79,0.078,0.21375,0.36425,0.271,0.073,3,3
80,0.00975,0.04125,0.15525,0.40875,0.385,4,2
81,0.01375,0.06025,0.20875,0.44075,0.2765,4,4
82,0.005,0.01975,0.09475,0.36,0.5205,5,5
83,0.00375,0.0225,0.095,0.36375,0.515,5,5
84,0.00575,0.0195,0.10225,0.333,0.5395,5,4
85,0.32125,0.39375,0.21075,0.06275,0.0115,2,2
86,0.09125,0.26075,0.37475,0.2195,0.05375,3,3
87,0.0925,0.26325,0.3775,0.214,0.05275,3,4
88,0.32025,0.39,0.20525,0.0725,0.012,2,2
89,0.01925,0.06525,0.19725,0.43975,0.2785,4,4
90,0.0645,0.20125,0.37175,0.2865,0.076,3,3
91,0.06925,0.209,0.368,0.271,0.08275,3,1
92,0.014,0.04525,0.157,0.42125,0.3625,4,4
93,0.0775,0.22875,0.37575,0.253,0.065,3,2
94,0.0115,0.0435,0.15725,0.42275,0.365,4,5
95,0.06875,0.21475,0.3805,0.2635,0.0725,3,2
96,0.09825,0.2585,0.37625,0.20775,0.05925,3,4
97,0.00325,0.01375,0.055,0.24825,0.67975,5,4
98,0.00925,0.024,0.09425,0.3425,0.53,5,5
99,0.25275,0.3705,0.2635,0.09475,0.0185,2,2
100,0.101,0.25575,0.37425,0.2155,0.0535,3,4
101,0.01575,0.06575,0.2,0.44475,0.27375,4,5
102,0.06375,0.193,0.3735,0.28775,0.082,3,3
103,0.06975,0.20025,0.3735,0.28125,0.07525,3,3
104,0.1065,0.25175,0.36925,0.2205,0.052,3,2
105,0.31925,0.39175,0.21175,0.0665,0.01075,2,1
106,0.1375,0.3185,0.33625,0.1705,0.03725,3,2
107,0.226,0.37625,0.26525,0.1075,0.025,2,3
108,0.09375,0.26025,0.37625,0.21375,0.056,3,4
109,0.0645,0.202,0.37925,0.2795,0.07475,3,3
110,0.0085,0.02175,0.09825,0.3595,0.512,5,3
111,0.0975,0.2675,0.3625,0.219,0.0535,3,2
112,0.0905,0.26175,0.37725,0.21225,0.05825,3,3
113,0.23025,0.3695,0.27825,0.099,0.023,2,2
114,0.01625,0.06475,0.2225,0.42625,0.27025,4,5
115,0.012,0.05875,0.20825,0.4465,0.2745,4,4
116,0.21975,0.37425,0.28225,0.107,0.01675,2,3
117,0.006,0.02225,0.10425,0.3555,0.512,5,4
118,0.078,0.23125,0.3705,0.25425,0.066,3,4
119,0.08525,0.237,0.36575,0.24425,0.06775,3,2
120,0.09875,0.2665,0.367,0.21225,0.0555,3,3
121,0.07175,0.209,0.3545,0.28475,0.08,3,3
122,0.0675,0.21475,0.36525,0.27825,0.07425,3,4
123,0.07225,0.21325,0.364,0.2755,0.075,3,4
124,0.199,0.367,0.293,0.11475,0.02625,2,2
125,0.06075,0.20525,0.37425,0.282,0.07775,3,4
126,0.01025,0.044,0.15625,0.41775,0.37175,4,5
127,0.32725,0.38875,0.21,0.06225,0.01175,2,3
128,0.01475,0.0645,0.222,0.42925,0.2695,4,2
129,0.24675,0.3895,0.25975,0.08675,0.01725,2,2
130,0.0845,0.23575,0.367,0.24875,0.064,3,2
131,0.22275,0.37275,0.2765,0.1025,0.0255,2,2
132,0.00875,0.04875,0.16025,0.42875,0.3535,4,4
133,0.0865,0.2425,0.37225,0.2325,0.06625,3,3
134,0.23675,0.36625,0.275,0.102,0.02,2,2
135,0.315,0.395,0.21225,0.0675,0.01025,2,1
136,0.00525,0.0245,0.092,0.34375,0.5345,5,5
137,0.0755,0.2045,0.36175,0.2755,0.08275,3,4
138,0.0125,0.06125,0.21225,0.432,0.282,4,4
139,0.20175,0.3505,0.3065,0.117,0.02425,2,3
140,0.06425,0.213,0.36675,0.2815,0.0745,3,3
141,0.0975,0.24975,0.388,0.2035,0.06125,3,4
142,0.18775,0.3655,0.3045,0.11725,0.025,2,2
143,0.0855,0.2735,0.371,0.21575,0.05425,3,3
144,0.01225,0.0415,0.15625,0.4325,0.3575,4,4
145,0.07175,0.19125,0.3705,0.286,0.0805,3,3
146,0.004,0.02925,0.09375,0.3645,0.5085,5,2
147,0.01675,0.05875,0.20525,0.431,0.28825,4,4
148,0.1275,0.3065,0.34875,0.17275,0.0445,3,3
149,0.06775,0.20775,0.36725,0.28575,0.0715,3,3
150,0.2395,0.37225,0.266,0.1005,0.02175,2,4
151,0.00625,0.02075,0.10425,0.35325,0.5155,5,5
152,0.32475,0.38625,0.21025,0.06175,0.017,2,2
153,0.25025,0.391,0.2495,0.09075,0.0185,2,1
154,0.01025,0.0415,0.16375,0.42075,0.36375,4,3
155,0.05825,0.21775,0.35975,0.28675,0.0775,3,1
156,0.00375,0.0135,0.05325,0.272,0.6575,5,5
157,0.01075,0.04725,0.15525,0.422,0.36475,4,4
158,0.058,0.21275,0.3715,0.2765,0.08125,3,2
159,0.011,0.0395,0.1645,0.42275,0.36225,4,5
160,0.011,0.0445,0.154,0.426,0.3645,4,4
161,0.01075,0.04775,0.155,0.41825,0.36825,4,2
162,0.00775,0.02675,0.10075,0.3475,0.51725,5,4
163,0.00575,0.025,0.096,0.35475,0.5185,5,5
164,0.122,0.314,0.353,0.17125,0.03975,3,2
165,0.2235,0.39825,0.26175,0.0985,0.018,2,2
166,0.00325,0.01125,0.057,0.23625,0.69225,5,5
167,0.24,0.387,0.26125,0.09325,0.0185,2,3
168,0.2315,0.37175,0.273,0.10125,0.0225,2,1
169,0.0045,0.02525,0.095,0.3505,0.52475,5,5
170,0.327,0.3925,0.20525,0.06425,0.011,2,2
171,0.13375,0.301,0.3585,0.166,0.04075,3,2
172,0.193,0.37025,0.3005,0.1135,0.02275,2,2
173,0.01225,0.049,0.1645,0.41725,0.357,4,1
174,0.07025,0.21025,0.35975,0.28325,0.0765,3,5
175,0.226,0.36825,0.284,0.10225,0.0195,2,1
176,0.18625,0.36875,0.29725,0.124,0.02375,2,3
177,0.24875,0.37575,0.268,0.0895,0.018,2,3
178,0.3245,0.38475,0.208,0.068,0.01475,2,3
179,0.3335,0.38475,0.20775,0.06075,0.01325,2,1
180,0.011,0.048,0.17175,0.41925,0.35,4,4
181,0.062,0.214,0.36925,0.27775,0.077,3,5
182,0.217,0.376,0.2825,0.1055,0.019,2,3
183,0.08175,0.2335,0.37675,0.2375,0.0705,3,2
184,0.0075,0.03875,0.154,0.42975,0.37,4,5
185,0.321,0.38625,0.20775,0.07225,0.01275,2,4
186,0.12375,0.32025,0.35325,0.16475,0.038,3,3
187,0.01225,0.038,0.16525,0.42225,0.36225,4,3
188,0.31475,0.39325,0.21275,0.0665,0.01275,2,2
189,0.00675,0.0225,0.0935,0.355,0.52225,5,4
190,0.251,0.394,0.25475,0.0815,0.01875,2,2
191,0.00225,0.0115,0.053,0.24725,0.686,5,5
192,0.00325,0.012,0.05575,0.25475,0.67425,5,5
193,0.33025,0.38075,0.21875,0.06075,0.0095,2,1
194,0.01025,0.04325,0.15575,0.4275,0.36325,4,4
195,0.00875,0.04775,0.1645,0.4205,0.3585,4,4
196,0.00225,0.0115,0.058,0.24825,0.68,5,5
197,0.23375,0.36475,0.27875,0.09975,0.023,2,5
198,0.2445,0.3725,0.26675,0.0935,0.02275,2,3
199,0.233,0.40125,0.261,0.084,0.02075,2,3
200,0.077,0.23975,0.36975,0.246,0.0675,3,3
201,0.08225,0.24375,0.356,0.249,0.069,3,2
202,0.0165,0.0555,0.2075,0.43825,0.28225,4,5
203,0.24825,0.37375,0.25975,0.1,0.01825,2,1
204,0.006,0.02325,0.10325,0.35975,0.50775,5,3
205,0.007,0.0195,0.093,0.3545,0.526,5,3
206,0.3145,0.39675,0.208,0.06825,0.0125,2,1
207,0.06475,0.203,0.36875,0.2845,0.079,3,1
208,0.00575,0.025,0.09675,0.3555,0.517,5,5
209,0.00525,0.02125,0.09175,0.35375,0.528,5,4
210,0.09625,0.26725,0.35575,0.22125,0.0595,3,2
211,0.06925,0.20975,0.37,0.27475,0.07625,3,3
212,0.10625,0.26625,0.3545,0.218,0.055,3,3
213,0.085,0.2285,0.37225,0.25375,0.0605,3,3
214,0.08175,0.232,0.38525,0.237,0.064,3,3
215,0.13025,0.313,0.3545,0.16575,0.0365,3,1
216,0.22325,0.3755,0.273,0.10225,0.026,2,4
217,0.00225,0.014,0.0565,0.24225,0.685,5,5
218,0.0025,0.01125,0.0475,0.262,0.67675,5,5
219,0.23475,0.369,0.2745,0.10025,0.0215,2,2
220,0.22525,0.37625,0.27425,0.10075,0.0235,2,3
221,0.319,0.39525,0.20375,0.0675,0.0145,2,2
222,0.25275,0.3735,0.26225,0.0935,0.018,2,4
223,0.067,0.2035,0.36425,0.287,0.07825,3,2
224,0.239,0.37,0.26825,0.0985,0.02425,2,2
225,0.12675,0.31725,0.34825,0.163,0.04475,3,3
226,0.005,0.02425,0.097,0.36475,0.509,5,4
227,0.013,0.04275,0.152,0.428,0.36425,4,4
228,0.067,0.19875,0.37125,0.28275,0.08025,3,3
229,0.06775,0.201,0.36825,0.279,0.084,3,2
230,0.01825,0.0475,0.173,0.44175,0.3195,4,4
231,0.323,0.387,0.20575,0.068,0.01625,2,2
232,0.017,0.04875,0.184,0.4355,0.31475,4,2
233,0.06375,0.202,0.369,0.2875,0.07775,3,2
234,0.233,0.3805,0.2715,0.096,0.019,2,3
235,0.0095,0.0405,0.149,0.4225,0.3785,4,4
236,0.08375,0.24325,0.37525,0.23125,0.0665,3,4
237,0.0845,0.2305,0.38025,0.24575,0.059,3,1
238,0.01125,0.04375,0.1555,0.42275,0.36675,4,5
239,0.01475,0.06175,0.19225,0.45725,0.274,4,5
240,0.0125,0.045,0.15275,0.43575,0.354,4,4
241,0.012,0.051,0.1785,0.42725,0.33125,4,4
242,0.079,0.2415,0.37075,0.2435,0.06525,3,3
243,0.0975,0.26825,0.3635,0.2095,0.06125,3,1
244,0.09475,0.2565,0.3795,0.22175,0.0475,3,3
245,0.0045,0.022,0.09975,0.35575,0.518,5,4
246,0.00475,0.024,0.0915,0.359,0.52075,5,4
247,0.20825,0.35775,0.29625,0.11225,0.0255,2,4
248,0.085,0.2295,0.37,0.25475,0.06075,3,4
249,0.13725,0.31475,0.345,0.166,0.037,3,3
250,0.00275,0.0125,0.0525,0.253,0.67925,5,5
251,0.24625,0.37975,0.266,0.09275,0.01525,2,1
252,0.2445,0.38675,0.258,0.093,0.01775,2,4
253,0.3275,0.37975,0.2115,0.0715,0.00975,2,4
254,0.0985,0.25275,0.3735,0.21925,0.056,3,3
255,0.01175,0.0435,0.15475,0.4395,0.3505,4,4
256,0.09975,0.2595,0.37125,0.21625,0.05325,3,1
257,0.316,0.39775,0.2115,0.06375,0.011,2,2
258,0.06425,0.202,0.37125,0.279,0.0835,3,2
259,0.0155,0.0525,0.179,0.43125,0.32175,4,5
260,0.101,0.25725,0.37125,0.2175,0.053,3,4
261,0.0155,0.059,0.21725,0.431,0.27725,4,5
262,0.014,0.05925,0.16375,0.44275,0.32025,4,1
263,0.0145,0.061,0.2055,0.44775,0.27125,4,3
264,0.18775,0.37075,0.30625,0.11025,0.025,2,1
265,0.13175,0.30525,0.35075,0.16975,0.0425,3,2
266,0.068,0.20025,0.37575,0.2815,0.0745,3,2
267,0.013,0.04575,0.18775,0.444,0.3095,4,5
268,0.068,0.21275,0.35775,0.28,0.0815,3,5
269,0.00575,0.02325,0.09575,0.35975,0.5155,5,4
270,0.0615,0.19925,0.36875,0.2955,0.075,3,4
271,0.013,0.05125,0.19425,0.433,0.3085,4,4
272,0.10475,0.25425,0.36675,0.22,0.05425,3,3
273,0.0055,0.02475,0.10125,0.35075,0.51775,5,4
274,0.01625,0.062,0.21675,0.43975,0.26525,4,3
275,0.0665,0.21875,0.367,0.2675,0.08025,3,4
276,0.1325,0.30075,0.36375,0.1635,0.0395,3,4
277,0.0125,0.05325,0.18175,0.4425,0.31,4,5
278,0.0115,0.04625,0.15375,0.418,0.3705,4,4
279,0.01675,0.063,0.20975,0.4445,0.266,4,5
280,0.31675,0.3945,0.21225,0.063,0.0135,2,2
281,0.01475,0.04225,0.15275,0.4295,0.36075,4,5
282,0.2035,0.3585,0.30325,0.10975,0.025,2,2
283,0.06475,0.2015,0.3715,0.28375,0.0785,3,3
284,0.25525,0.38125,0.25575,0.0915,0.01625,2,2
285,0.0125,0.04125,0.166,0.4355,0.34475,4,4
286,0.2305,0.3665,0.27575,0.10225,0.025,2,3
287,0.20025,0.351,0.30225,0.12375,0.02275,2,3
288,0.06775,0.20375,0.36175,0.27775,0.089,3,2
289,0.07,0.19975,0.36125,0.28475,0.08425,3,5
290,0.18625,0.3685,0.305,0.11675,0.0235,2,4
291,0.01075,0.05,0.19325,0.432,0.314,4,5
292,0.23975,0.3935,0.255,0.094,0.01775,2,1
293,0.0125,0.05275,0.19225,0.41775,0.32475,4,4
294,0.32725,0.39375,0.20375,0.064,0.01125,2,2
295,0.19225,0.3555,0.30225,0.11775,0.03225,2,3
296,0.0685,0.2025,0.366,0.28,0.083,3,3
297,0.012,0.03975,0.1635,0.41875,0.366,4,4
298,0.013,0.055,0.184,0.43725,0.31075,4,4
299,0.26125,0.37275,0.248,0.09975,0.01825,2,3
300,0.23175,0.36125,0.2725,0.11625,0.01825,2,5
301,0.2135,0.37975,0.28,0.10425,0.0225,2,3
302,0.06025,0.20775,0.3635,0.29225,0.07625,3,4
303,0.25,0.3785,0.2545,0.098,0.019,2,1
304,0.006,0.023,0.09275,0.3615,0.51675,5,4
305,0.217,0.38625,0.28325,0.09525,0.01825,2,1
306,0.0195,0.0625,0.204,0.436,0.278,4,4
307,0.0125,0.05675,0.179,0.43375,0.318,4,4
308,0.0115,0.05375,0.1985,0.4225,0.31375,4,5
309,0.122,0.3125,0.347,0.17775,0.04075,3,2
310,0.0105,0.04025,0.1555,0.4255,0.36825,4,1
311,0.02025,0.0655,0.20475,0.44125,0.26825,4,4
312,0.017,0.05275,0.191,0.4295,0.30975,4,3
313,0.06525,0.195,0.36425,0.294,0.0815,3,3
314,0.0045,0.0235,0.0995,0.373,0.4995,5,4
315,0.0065,0.02725,0.103,0.35175,0.5115,5,4
316,0.00275,0.02075,0.10175,0.35875,0.516,5,4
317,0.22775,0.38575,0.26175,0.10525,0.0195,2,2
318,0.016,0.065,0.205,0.43425,0.27975,4,2
319,0.0685,0.20925,0.3615,0.27275,0.088,3,4
320,0.09675,0.2525,0.38825,0.206,0.0565,3,3
321,0.14175,0.301,0.348,0.1685,0.04075,3,2
322,0.06275,0.209,0.368,0.27525,0.085,3,1
323,0.0655,0.19,0.38425,0.28525,0.075,3,4
324,0.01325,0.0405,0.1555,0.429,0.36175,4,5
325,0.12575,0.30625,0.34825,0.1795,0.04025,3,3
326,0.0055,0.02625,0.09075,0.35875,0.51875,5,2
327,0.23525,0.37875,0.284,0.0835,0.0185,2,3
328,0.01375,0.038,0.15425,0.42425,0.36975,4,3
329,0.003,0.01325,0.051,0.2635,0.66925,5,3
330,0.0115,0.038,0.16775,0.412,0.37075,4,2
331,0.097,0.26775,0.3595,0.222,0.05375,3,3
332,0.00475,0.0245,0.084,0.34675,0.54,5,5
333,0.2485,0.385,0.255,0.09275,0.01875,2,2
334,0.00475,0.02475,0.09775,0.34625,0.5265,5,5
335,0.009,0.02375,0.09275,0.36275,0.51175,5,4
336,0.014,0.05475,0.18375,0.428,0.3195,4,5
337,0.01125,0.0435,0.16425,0.43175,0.34925,4,4
338,0.01175,0.039,0.173,0.414,0.36225,4,4
339,0.13425,0.30575,0.34375,0.176,0.04025,3,2
340,0.01125,0.04425,0.154,0.4195,0.371,4,3
341,0.06925,0.21425,0.3625,0.273,0.081,3,5
342,0.01225,0.05225,0.187,0.43875,0.30975,4,4
343,0.2465,0.3815,0.25975,0.09275,0.0195,2,2
344,0.12375,0.30425,0.34425,0.18525,0.0425,3,2
345,0.015,0.05925,0.204,0.4505,0.27125,4,3
346,0.01,0.041,0.15675,0.43025,0.362,4,3
347,0.20925,0.34675,0.30075,0.12,0.02325,2,1
348,0.009,0.04175,0.15625,0.427,0.366,4,4
349,0.065,0.215,0.36775,0.2755,0.07675,3,3
350,0.0055,0.01975,0.10025,0.3575,0.517,5,4
351,0.07975,0.23775,0.371,0.2465,0.065,3,3
352,0.01825,0.06825,0.22,0.42275,0.27075,4,2
353,0.09725,0.25575,0.37175,0.22475,0.0505,3,3
354,0.00325,0.0245,0.09075,0.3435,0.538,5,5
355,0.01225,0.0435,0.15375,0.4285,0.362,4,4
356,0.0685,0.19875,0.38025,0.27275,0.07975,3,2
357,0.06175,0.20725,0.37575,0.27225,0.083,3,4
358,0.06175,0.201,0.36275,0.2865,0.088,3,3
359,0.0055,0.019,0.09325,0.35475,0.5275,5,5
360,0.00275,0.0115,0.048,0.264,0.67375,5,5
361,0.0055,0.02225,0.0915,0.36475,0.516,5,4
362,0.0675,0.204,0.3695,0.2805,0.0785,3,3
363,0.00575,0.0225,0.0955,0.35925,0.517,5,4
364,0.01075,0.0395,0.1625,0.41925,0.368,4,5
365,0.07275,0.21975,0.3575,0.27,0.08,3,3
366,0.0055,0.02375,0.09025,0.3535,0.527,5,4
367,0.07775,0.24,0.3635,0.2545,0.06425,3,2
368,0.013,0.06025,0.21425,0.4335,0.279,4,4
369,0.07075,0.2015,0.35925,0.2875,0.081,3,4
370,0.01725,0.06475,0.2025,0.44525,0.27025,4,5
371,0.0905,0.27125,0.36775,0.21925,0.05125,3,2
372,0.0185,0.06025,0.21025,0.43325,0.27775,4,4
373,0.003,0.01225,0.0545,0.25025,0.68,5,5
374,0.32675,0.373,0.224,0.0645,0.01175,2,2
375,0.01225,0.0565,0.18325,0.42925,0.31875,4,4
376,0.0135,0.03825,0.16375,0.42125,0.36325,4,3
377,0.07825,0.234,0.37725,0.248,0.0625,3,4
378,0.1925,0.3615,0.31,0.1115,0.0245,2,3
379,0.0065,0.01875,0.089,0.34525,0.5405,5,2
380,0.01575,0.05975,0.21225,0.437,0.27525,4,4
381,0.0145,0.06325,0.20825,0.44125,0.27275,4,4
382,0.06725,0.20775,0.3645,0.27525,0.08525,3,4
383,0.0675,0.19975,0.377,0.27975,0.076,3,2
384,0.241,0.38,0.2685,0.09075,0.01975,2,4
385,0.0735,0.204,0.37125,0.26875,0.0825,3,5
386,0.1305,0.312,0.342,0.1745,0.041,3,2
387,0.00775,0.0235,0.09675,0.343,0.529,5,3
388,0.005,0.02425,0.09225,0.35525,0.52325,5,5
389,0.00975,0.04825,0.15375,0.42525,0.363,4,3
390,0.0805,0.23225,0.38125,0.2405,0.0655,3,2
391,0.07,0.20375,0.3615,0.27925,0.0855,3,3
392,0.005,0.02625,0.1015,0.35875,0.5085,5,4
393,0.065,0.213,0.385,0.2615,0.0755,3,3
394,0.0095,0.03975,0.146,0.43025,0.3745,4,4
395,0.07825,0.2345,0.37775,0.249,0.0605,3,3
396,0.003,0.0095,0.059,0.26125,0.66725,5,5
397,0.1935,0.35675,0.3075,0.118,0.02425,2,3
398,0.10425,0.2675,0.361,0.21025,0.057,3,3
399,0.327,0.375,0.2235,0.06225,0.01225,2,3
400,0.0145,0.05775,0.18825,0.427,0.3125,4,5
401,0.076,0.209,0.3585,0.27975,0.07675,3,3
402,0.07925,0.24225,0.3755,0.23725,0.06575,3,3
403,0.0045,0.02325,0.09575,0.368,0.5085,5,5
404,0.01,0.04525,0.1615,0.41775,0.3655,4,3
405,0.094,0.25,0.384,0.2145,0.0575,3,1
406,0.10775,0.2655,0.3615,0.2105,0.05475,3,2
407,0.22775,0.37725,0.26575,0.10675,0.0225,2,1
408,0.32625,0.3775,0.2145,0.0695,0.01225,2,2
409,0.013,0.05625,0.2155,0.43375,0.2815,4,4
410,0.06925,0.2115,0.3615,0.27725,0.0805,3,2
411,0.01375,0.06425,0.198,0.445,0.279,4,3
412,0.23225,0.38675,0.271,0.092,0.018,2,1
413,0.09775,0.2575,0.36375,0.221,0.06,3,3
414,0.06725,0.20025,0.367,0.284,0.0815,3,3
415,0.01925,0.05925,0.21075,0.43325,0.2775,4,4
416,0.0045,0.02925,0.1015,0.36325,0.5015,5,4
417,0.0145,0.05475,0.18925,0.42575,0.31575,4,3
418,0.08775,0.238,0.3685,0.238,0.06775,3,4
419,0.00775,0.025,0.1005,0.37675,0.49,5,4
420,0.06775,0.2,0.38675,0.2805,0.065,3,3
421,0.14,0.32675,0.33775,0.158,0.0375,3,3
422,0.08075,0.245,0.36375,0.24575,0.06475,3,4
423,0.01225,0.04175,0.17375,0.4275,0.34475,4,5
424,0.00575,0.019,0.09775,0.3505,0.527,5,4
425,0.01875,0.05,0.21225,0.445,0.274,4,1
426,0.124,0.31625,0.342,0.17975,0.038,3,3
427,0.06675,0.20425,0.37475,0.276,0.07825,3,4
428,0.095,0.26125,0.3775,0.214,0.05225,3,3
429,0.06825,0.19875,0.37325,0.2785,0.08125,3,4
430,0.0055,0.02675,0.101,0.35125,0.5155,5,5
431,0.0735,0.199,0.37325,0.2675,0.08675,3,4
432,0.10675,0.25375,0.3625,0.223,0.054,3,3
433,0.322,0.39525,0.21,0.06125,0.0115,2,2
434,0.072,0.20225,0.35525,0.284,0.0865,3,4
435,0.011,0.04225,0.15975,0.433,0.354,4,5
436,0.07225,0.21475,0.36975,0.26975,0.0735,3,4
437,0.24025,0.37225,0.2725,0.09525,0.01975,2,2
438,0.0165,0.06525,0.2125,0.42275,0.283,4,3
439,0.098,0.2585,0.366,0.22425,0.05325,3,2
440,0.011,0.06575,0.2175,0.413,0.29275,4,3
441,0.01275,0.0435,0.163,0.4275,0.35325,4,4
442,0.00525,0.02375,0.089,0.35375,0.52825,5,5
443,0.0695,0.203,0.364,0.27925,0.08425,3,4
444,0.07175,0.20075,0.381,0.274,0.0725,3,2
445,0.241,0.3795,0.25775,0.1025,0.01925,2,1
446,0.01125,0.0445,0.16325,0.41575,0.36525,4,4
447,0.005,0.026,0.0975,0.34175,0.52975,5,4
448,0.0095,0.042,0.15625,0.42575,0.3665,4,5
449,0.0115,0.03675,0.15675,0.42875,0.36625,4,5
450,0.10225,0.2595,0.374,0.2125,0.05175,3,2
451,0.13525,0.31075,0.356,0.1615,0.0365,3,3
452,0.005,0.013,0.052,0.25525,0.67475,5,1
453,0.00725,0.02775,0.093,0.34375,0.52825,5,5
454,0.13375,0.3045,0.34825,0.16775,0.04575,3,4
455,0.09425,0.25825,0.3705,0.22225,0.05475,3,4
456,0.007,0.04325,0.16475,0.4375,0.3475,4,5
457,0.007,0.02375,0.09675,0.36525,0.50725,5,5
458,0.0125,0.03875,0.1625,0.42725,0.359,4,4
459,0.00575,0.02875,0.098,0.3535,0.514,5,4
460,0.0655,0.2095,0.383,0.264,0.078,3,3
461,0.12225,0.305,0.3505,0.1775,0.04475,3,3
462,0.131,0.30325,0.344,0.17525,0.0465,3,5
463,0.06525,0.2115,0.3745,0.27,0.07875,3,2
464,0.081,0.22075,0.3785,0.2545,0.06525,3,1
465,0.0015,0.01225,0.061,0.248,0.67725,5,4
466,0.231,0.36775,0.27425,0.10425,0.02275,2,4
467,0.12825,0.306,0.3615,0.16375,0.0405,3,3
468,0.00325,0.0245,0.10025,0.36675,0.50525,5,5
469,0.01625,0.0545,0.214,0.4255,0.28975,4,5
470,0.01575,0.06125,0.2145,0.43725,0.27125,4,5
471,0.00975,0.044,0.17,0.407,0.36925,4,4
472,0.085,0.2305,0.36475,0.25275,0.067,3,3
473,0.1325,0.3,0.34225,0.1835,0.04175,3,3
474,0.1375,0.30925,0.33475,0.183,0.0355,3,1
475,0.1005,0.265,0.3665,0.211,0.057,3,2
476,0.076,0.2335,0.37225,0.25325,0.065,3,4
477,0.00425,0.02025,0.09625,0.351,0.52825,5,5
478,0.24025,0.3885,0.27,0.08275,0.0185,2,3
479,0.01625,0.06775,0.20425,0.428,0.28375,4,4
480,0.0045,0.0245,0.08425,0.361,0.52575,5,5
481,0.0795,0.239,0.37425,0.24175,0.0655,3,2
482,0.0665,0.20275,0.368,0.294,0.06875,3,4
483,0.07325,0.21375,0.3665,0.2695,0.077,3,2
484,0.0045,0.0195,0.0925,0.36875,0.51475,5,4
485,0.0075,0.0475,0.1595,0.41875,0.36675,4,4
486,0.00475,0.0255,0.09825,0.36075,0.51075,5,5
487,0.01825,0.063,0.19975,0.444,0.275,4,3
488,0.25325,0.38075,0.26175,0.0855,0.01875,2,1
489,0.01125,0.0415,0.15225,0.42575,0.36925,4,4
490,0.06875,0.203,0.37,0.2805,0.07775,3,4
491,0.0715,0.1965,0.38025,0.279,0.07275,3,3
492,0.064,0.202,0.373,0.2785,0.0825,3,3
493,0.01125,0.04725,0.166,0.423,0.3525,4,2
494,0.326,0.37975,0.2145,0.06525,0.0145,2,2
495,0.06675,0.201,0.36775,0.28475,0.07975,3,4
496,0.011,0.0485,0.19075,0.426,0.32375,4,2
497,0.32025,0.384,0.21525,0.06825,0.01225,2,2
498,0.005,0.022,0.10225,0.35125,0.5195,5,5
499,0.081,0.24375,0.3665,0.24075,0.068,3,3
500,0.23125,0.37425,0.2705,0.105,0.019,2,3
501,0.0955,0.26075,0.36325,0.2245,0.056,3,3
502,0.00525,0.022,0.10075,0.3525,0.5195,5,5
503,0.00625,0.0225,0.09725,0.3675,0.5065,5,5
504,0.31325,0.3995,0.203,0.07325,0.011,2,3
505,0.23225,0.372,0.27525,0.10375,0.01675,2,1
506,0.13225,0.29725,0.358,0.1715,0.041,3,3
507,0.0045,0.02275,0.096,0.35425,0.5225,5,5
508,0.0665,0.20375,0.3715,0.2795,0.07875,3,3
509,0.24325,0.37975,0.26,0.0975,0.0195,2,3
510,0.01325,0.05575,0.173,0.43575,0.32225,4,4
511,0.06875,0.202,0.367,0.28875,0.0735,3,2
512,0.00425,0.01375,0.05075,0.25025,0.681,5,5
513,0.0825,0.24675,0.366,0.24175,0.063,3,3
514,0.01225,0.0575,0.18025,0.43525,0.31475,4,3
515,0.011,0.043,0.1685,0.413,0.3645,4,5
516,0.007,0.02425,0.0975,0.35375,0.5175,5,5
517,0.19375,0.365,0.29675,0.1235,0.021,2,2
518,0.2345,0.38125,0.26825,0.0975,0.0185,2,1
519,0.017,0.051,0.189,0.4255,0.3175,4,5
520,0.0705,0.19625,0.3805,0.27725,0.0755,3,3
521,0.01425,0.06325,0.218,0.435,0.2695,4,5
522,0.06275,0.2135,0.36475,0.2845,0.0745,3,3
523,0.01325,0.03975,0.1665,0.419,0.3615,4,3
524,0.005,0.01925,0.0925,0.366,0.51725,5,3
525,0.004,0.011,0.05625,0.2535,0.67525,5,4
526,0.07,0.20225,0.37625,0.2695,0.082,3,4
527,0.13425,0.3045,0.351,0.17125,0.039,3,3
528,0.13925,0.31125,0.343,0.16775,0.03875,3,3
529,0.0035,0.0125,0.05075,0.25175,0.6815,5,5
530,0.008,0.0265,0.102,0.36175,0.50175,5,5
531,0.018,0.0595,0.2075,0.432,0.283,4,5
532,0.01725,0.06075,0.20225,0.4395,0.28025,4,5
533,0.24875,0.37475,0.26175,0.09825,0.0165,2,3
534,0.00475,0.019,0.11,0.361,0.50525,5,5
535,0.0135,0.0635,0.2145,0.42825,0.28025,4,5
536,0.2245,0.364,0.286,0.10325,0.02225,2,1
537,0.131,0.306,0.359,0.16325,0.04075,3,3
538,0.0155,0.05525,0.1845,0.43375,0.311,4,4
539,0.252,0.37275,0.272,0.08775,0.0155,2,1
540,0.011,0.043,0.16075,0.4285,0.35675,4,3
541,0.0815,0.23,0.3775,0.2495,0.0615,3,3
542,0.0035,0.0105,0.05025,0.25875,0.677,5,5
543,0.19025,0.36475,0.3065,0.1125,0.026,2,1
544,0.071,0.207,0.37575,0.27575,0.0705,3,2
545,0.24125,0.375,0.26875,0.09525,0.01975,2,2
546,0.0045,0.02325,0.109,0.347,0.51625,5,5
547,0.00425,0.02375,0.08725,0.3465,0.53825,5,5
548,0.0165,0.0665,0.203,0.43025,0.28375,4,4
549,0.09425,0.26125,0.37275,0.21575,0.056,3,3
550,0.00575,0.028,0.09425,0.35325,0.51875,5,5
551,0.25625,0.36875,0.25425,0.099,0.02175,2,2
552,0.0895,0.22225,0.3715,0.2475,0.06925,3,3
553,0.01375,0.044,0.1605,0.42275,0.359,4,4
554,0.06175,0.2025,0.38,0.27925,0.0765,3,2
555,0.09475,0.264,0.38025,0.2165,0.0445,3,4
556,0.007,0.0245,0.1,0.3585,0.51,5,4
557,0.1005,0.26225,0.37475,0.21025,0.05225,3,1
558,0.01625,0.06675,0.21275,0.42875,0.2755,4,3
559,0.0115,0.047,0.1555,0.42725,0.35875,4,5
560,0.07175,0.2145,0.36325,0.276,0.0745,3,3
561,0.00175,0.012,0.053,0.24475,0.6885,5,4
562,0.00225,0.00925,0.0555,0.24825,0.68475,5,5
563,0.01225,0.0405,0.1645,0.41825,0.3645,4,4
564,0.00675,0.03975,0.17,0.42075,0.36275,4,4
565,0.01375,0.056,0.18025,0.43425,0.31575,4,4
566,0.01075,0.04175,0.17475,0.42425,0.3485,4,3
567,0.104,0.252,0.37525,0.2095,0.05925,3,1
568,0.247,0.373,0.2665,0.0935,0.02,2,2
569,0.00725,0.0245,0.096,0.37375,0.4985,5,4
570,0.12975,0.325,0.33975,0.16325,0.04225,3,5
571,0.07225,0.23125,0.371,0.256,0.0695,3,3
572,0.006,0.026,0.09525,0.3545,0.51825,5,4
573,0.00625,0.02375,0.099,0.35675,0.51425,5,3
574,0.20325,0.36925,0.28975,0.11075,0.027,2,3
575,0.23475,0.376,0.2805,0.0905,0.01825,2,3
576,0.072,0.21075,0.36825,0.26975,0.07925,3,4
577,0.242,0.38575,0.262,0.091,0.01925,2,3
578,0.0125,0.047,0.17775,0.4425,0.32025,4,4
579,0.1055,0.25525,0.368,0.2175,0.05375,3,4
580,0.0035,0.0115,0.054,0.2675,0.6635,5,3
581,0.08525,0.2315,0.38275,0.23925,0.06125,3,3
582,0.06475,0.206,0.36725,0.27775,0.08425,3,4
583,0.01175,0.05225,0.18425,0.43975,0.312,4,5
584,0.0655,0.2075,0.37525,0.272,0.07975,3,3
585,0.0165,0.06375,0.2025,0.4275,0.28975,4,5
586,0.008,0.02525,0.101,0.3615,0.50425,5,5
587,0.016,0.066,0.2145,0.4205,0.283,4,3
588,0.01225,0.04525,0.15725,0.42275,0.3625,4,4
589,0.0125,0.0435,0.17025,0.41525,0.3585,4,4
590,0.0645,0.21075,0.36775,0.2795,0.0775,3,3
591,0.015,0.0595,0.20875,0.43775,0.279,4,4
592,0.32,0.38625,0.21375,0.067,0.013,2,2
593,0.00275,0.011,0.05125,0.25875,0.67625,5,5
594,0.01525,0.05475,0.18525,0.42125,0.3235,4,5
595,0.07475,0.23825,0.3805,0.24075,0.06575,3,2
596,0.0645,0.21525,0.36325,0.28,0.077,3,5
597,0.0055,0.02275,0.097,0.35075,0.524,5,4
598,0.061,0.21425,0.36325,0.29075,0.07075,3,4
599,0.0985,0.25725,0.37025,0.221,0.053,3,4
600,0.014,0.039,0.15775,0.42,0.36925,4,3
601,0.00275,0.0125,0.057,0.2555,0.67225,5,5
602,0.0185,0.06325,0.20075,0.448,0.2695,4,2
603,0.073,0.253,0.37175,0.2385,0.06375,3,4
604,0.00875,0.0245,0.09725,0.3625,0.507,5,4
605,0.07575,0.24775,0.3765,0.2395,0.0605,3,4
606,0.01375,0.05875,0.2005,0.44175,0.28525,4,4
607,0.0625,0.2105,0.3685,0.281,0.0775,3,3
608,0.0795,0.2045,0.36375,0.276,0.07625,3,5
609,0.23975,0.384,0.26925,0.08675,0.02025,2,1
610,0.32,0.38975,0.212,0.064,0.01425,2,1
611,0.1985,0.372,0.289,0.11825,0.02225,2,2
612,0.1385,0.30975,0.3305,0.1775,0.04375,3,1
613,0.014,0.0555,0.1845,0.43775,0.30825,4,3
614,0.0725,0.1965,0.37225,0.27625,0.0825,3,2
615,0.1015,0.249,0.38075,0.2155,0.05325,3,4
616,0.0675,0.209,0.36925,0.2775,0.07675,3,3
617,0.01525,0.051,0.19175,0.439,0.303,4,5
618,0.00825,0.04025,0.15525,0.435,0.36125,4,3
619,0.0675,0.208,0.37275,0.27425,0.0775,3,3
620,0.1925,0.36875,0.294,0.12325,0.0215,2,4
621,0.067,0.20475,0.37375,0.277,0.0775,3,2
622,0.09975,0.2625,0.35825,0.22225,0.05725,3,2
623,0.00975,0.045,0.16425,0.4205,0.3605,4,5
624,0.34075,0.38275,0.20775,0.05625,0.0125,2,2
625,0.0035,0.025,0.08975,0.35775,0.524,5,5
626,0.06275,0.201,0.3745,0.2855,0.07625,3,5
627,0.09375,0.2735,0.364,0.2165,0.05225,3,5
628,0.071,0.2095,0.36775,0.272,0.07975,3,3
629,0.21525,0.387,0.2695,0.11025,0.018,2,4
630,0.143,0.30275,0.34825,0.16525,0.04075,3,1
631,0.08375,0.23775,0.35925,0.25425,0.065,3,4
632,0.324,0.38775,0.208,0.06775,0.0125,2,3
633,0.01225,0.04275,0.14875,0.42375,0.3725,4,5
634,0.0875,0.22575,0.361,0.254,0.07175,3,2
635,0.07125,0.23225,0.3735,0.2615,0.0615,3,3
636,0.08075,0.2455,0.3605,0.2465,0.06675,3,3
637,0.131,0.313,0.351,0.16625,0.03875,3,2
638,0.13425,0.315,0.354,0.1605,0.03625,3,4
639,0.0055,0.02275,0.09175,0.36325,0.51675,5,5
640,0.09275,0.259,0.372,0.2205,0.05575,3,3
641,0.07,0.21225,0.3715,0.27125,0.075,3,4
642,0.331,0.39475,0.204,0.0575,0.01275,2,2
643,0.0025,0.0135,0.0505,0.2505,0.683,5,5
644,0.104,0.256,0.36575,0.21925,0.055,3,4
645,0.006,0.026,0.09875,0.3625,0.50675,5,5
646,0.1285,0.299,0.3565,0.17125,0.04475,3,3
647,0.01125,0.05,0.185,0.44075,0.313,4,2
648,0.20425,0.355,0.2945,0.11575,0.0305,2,3
649,0.007,0.0285,0.0955,0.3605,0.5085,5,4
650,0.241,0.3885,0.25875,0.093,0.01875,2,3
651,0.1865,0.36875,0.3035,0.11775,0.0235,2,1
652,0.08425,0.234,0.36475,0.25275,0.06425,3,3
653,0.12925,0.318,0.3435,0.17,0.03925,3,3
654,0.08675,0.26175,0.36875,0.22275,0.06,3,4
655,0.006,0.02575,0.1005,0.3555,0.51225,5,3
656,0.00275,0.01325,0.04975,0.24275,0.6915,5,4
657,0.2225,0.367,0.2765,0.11175,0.02225,2,3
658,0.332,0.393,0.20375,0.0605,0.01075,2,3
659,0.07825,0.21925,0.384,0.2535,0.065,3,3
660,0.18625,0.37925,0.2935,0.1155,0.0255,2,3
661,0.0795,0.23975,0.372,0.2435,0.06525,3,3
662,0.0125,0.06,0.209,0.4455,0.273,4,5
663,0.00675,0.027,0.1035,0.3535,0.50925,5,5
664,0.22425,0.37375,0.2835,0.1,0.0185,2,3
665,0.12875,0.32125,0.34,0.17175,0.03825,3,4
666,0.0685,0.204,0.37025,0.27725,0.08,3,3
667,0.23,0.37775,0.27275,0.1,0.0195,2,2
668,0.014,0.06125,0.22125,0.42425,0.27925,4,4
669,0.2215,0.387,0.2775,0.09425,0.01975,2,4
670,0.0065,0.02125,0.0945,0.366,0.51175,5,4
671,0.12825,0.30525,0.34425,0.175,0.04725,3,5
672,0.247,0.3765,0.274,0.08275,0.01975,2,3
673,0.01775,0.06,0.21925,0.43425,0.26875,4,4
674,0.21975,0.37575,0.2855,0.099,0.02,2,3
675,0.00175,0.01125,0.04925,0.25175,0.686,5,4
676,0.22475,0.37225,0.292,0.09425,0.01675,2,2
677,0.01225,0.0555,0.188,0.426,0.31825,4,3
678,0.094,0.2575,0.3745,0.21925,0.05475,3,3
679,0.06925,0.212,0.3645,0.27575,0.0785,3,4
680,0.247,0.36825,0.26075,0.10375,0.02025,2,2
681,0.13325,0.2955,0.35575,0.17175,0.04375,3,3
682,0.0115,0.042,0.15675,0.423,0.36675,4,5
683,0.06825,0.20725,0.37225,0.277,0.07525,3,4
684,0.064,0.204,0.3645,0.28275,0.08475,3,4
685,0.069,0.2145,0.3615,0.283,0.072,3,4
686,0.0105,0.0485,0.17275,0.44775,0.3205,4,3
687,0.06025,0.211,0.36325,0.2895,0.076,3,3
688,0.2485,0.37025,0.26125,0.099,0.021,2,2
689,0.0115,0.04725,0.16525,0.418,0.358,4,5
690,0.32725,0.39375,0.20725,0.05975,0.012,2,4
691,0.06575,0.2045,0.3765,0.279,0.07425,3,4
692,0.00225,0.01225,0.06125,0.24375,0.6805,5,5
693,0.0085,0.02875,0.10175,0.3615,0.4995,5,4
694,0.0035,0.01,0.05325,0.246,0.68725,5,5
695,0.19825,0.365,0.29775,0.1155,0.0235,2,3
696,0.0105,0.042,0.15375,0.4405,0.35325,4,4
697,0.00675,0.026,0.08925,0.347,0.531,5,5
698,0.00175,0.01125,0.05125,0.2585,0.67725,5,4
699,0.25125,0.3865,0.25925,0.0875,0.0155,2,1
700,0.0125,0.05575,0.1765,0.4405,0.31475,4,5
701,0.01125,0.04375,0.15975,0.426,0.35925,4,3
702,0.01275,0.0645,0.208,0.44025,0.2745,4,5
703,0.07225,0.1945,0.37975,0.2715,0.082,3,3
704,0.005,0.0195,0.091,0.36025,0.52425,5,4
705,0.0725,0.2485,0.367,0.242,0.07,3,4
706,0.01325,0.062,0.207,0.433,0.28475,4,5
707,0.06875,0.19975,0.36725,0.28175,0.0825,3,4
708,0.07375,0.19825,0.37125,0.27225,0.0845,3,3
709,0.092,0.27525,0.35925,0.221,0.0525,3,2
710,0.23575,0.3735,0.27125,0.1,0.0195,2,1
711,0.239,0.38625,0.27125,0.08725,0.01625,2,1
712,0.3175,0.39075,0.21225,0.06825,0.01125,2,2
713,0.00725,0.02225,0.1005,0.3655,0.5045,5,4
714,0.0065,0.0225,0.10175,0.36025,0.509,5,4
715,0.01225,0.0535,0.2075,0.44775,0.279,4,2
716,0.009,0.04125,0.1605,0.4185,0.37075,4,4
717,0.00375,0.027,0.092,0.3575,0.51975,5,5
718,0.01325,0.053,0.17875,0.4405,0.3145,4,4
719,0.01125,0.0385,0.161,0.4265,0.36275,4,4
720,0.01075,0.042,0.1735,0.42025,0.3535,4,5
721,0.0705,0.2035,0.37175,0.27725,0.077,3,5
722,0.011,0.04775,0.1595,0.4225,0.35925,4,3
723,0.00325,0.011,0.0535,0.2585,0.67375,5,4
724,0.013,0.06625,0.2015,0.44575,0.2735,4,4
725,0.005,0.01275,0.0505,0.25575,0.676,5,3
726,0.19825,0.364,0.30425,0.1115,0.022,2,4
727,0.24575,0.3845,0.26325,0.08725,0.01925,2,1
728,0.253,0.37975,0.27,0.08,0.01725,2,1
729,0.1325,0.31425,0.3415,0.1695,0.04225,3,2
730,0.0685,0.20925,0.383,0.27025,0.069,3,3
731,0.20225,0.3705,0.2895,0.1145,0.02325,2,2
732,0.103,0.25825,0.3635,0.22075,0.0545,3,4
733,0.00475,0.02525,0.09475,0.3475,0.52775,5,5
734,0.064,0.20525,0.359,0.2895,0.08225,3,2
735,0.086,0.2285,0.385,0.24075,0.05975,3,3
736,0.00875,0.037,0.15475,0.41425,0.38525,4,3
737,0.00525,0.0205,0.0975,0.36425,0.5125,5,5
738,0.0675,0.2025,0.3685,0.2755,0.086,3,3
739,0.31875,0.395,0.20625,0.06625,0.01375,2,2
740,0.00325,0.01125,0.05525,0.264,0.66625,5,3
741,0.32075,0.39,0.2125,0.0645,0.01225,2,1
742,0.096,0.265,0.3645,0.21975,0.05475,3,4
743,0.017,0.06275,0.2075,0.4155,0.29725,4,1
744,0.0045,0.01075,0.054,0.25325,0.6775,5,4
745,0.21575,0.3895,0.284,0.09375,0.017,2,1
746,0.01525,0.05275,0.17475,0.43175,0.3255,4,4
747,0.08775,0.2755,0.3705,0.21475,0.0515,3,2
748,0.0015,0.00975,0.0535,0.26525,0.67,5,5
749,0.00925,0.04,0.1655,0.41825,0.367,4,5
750,0.01375,0.05475,0.1875,0.42475,0.31925,4,4
751,0.09925,0.25575,0.367,0.224,0.054,3,3
752,0.01,0.038,0.17075,0.42025,0.361,4,5
753,0.333,0.3835,0.20925,0.06025,0.014,2,3
754,0.062,0.2105,0.373,0.27425,0.08025,3,3
755,0.133,0.30025,0.35425,0.1715,0.041,3,3
756,0.13325,0.30525,0.35475,0.16675,0.04,3,3
757,0.007,0.0215,0.0955,0.37525,0.50075,5,5
758,0.0045,0.02425,0.0915,0.357,0.52275,5,4
759,0.22625,0.38625,0.274,0.09425,0.01925,2,1
760,0.083,0.22875,0.371,0.24575,0.0715,3,4
761,0.133,0.28725,0.35925,0.17675,0.04375,3,1
762,0.0625,0.20525,0.37425,0.2755,0.0825,3,3
763,0.0135,0.0525,0.1925,0.43725,0.30425,4,5
764,0.01675,0.05225,0.1755,0.4295,0.326,4,4
765,0.2545,0.3865,0.24825,0.09175,0.019,2,3
766,0.004,0.01875,0.09375,0.3565,0.527,5,4
767,0.24,0.388,0.25875,0.094,0.01925,2,1
768,0.01,0.038,0.16925,0.42525,0.3575,4,5
769,0.00675,0.02325,0.09325,0.357,0.51975,5,4
770,0.08925,0.2265,0.367,0.24525,0.072,3,4
771,0.01225,0.05225,0.19625,0.4245,0.31475,4,4
772,0.07525,0.205,0.36475,0.274,0.081,3,3
773,0.06625,0.2155,0.35625,0.2775,0.0845,3,2
774,0.0805,0.2335,0.378,0.24475,0.06325,3,3
775,0.0665,0.19675,0.3695,0.29,0.07725,3,4
776,0.005,0.02275,0.08975,0.3645,0.518,5,5
777,0.01625,0.06275,0.218,0.43425,0.26875,4,4
778,0.0045,0.02575,0.09925,0.364,0.5065,5,3
779,0.011,0.05175,0.1945,0.42825,0.3145,4,5
780,0.06575,0.2065,0.36625,0.28075,0.08075,3,2
781,0.00675,0.0195,0.09975,0.36,0.514,5,5
782,0.07175,0.221,0.3615,0.2675,0.07825,3,1
783,0.19575,0.36825,0.293,0.122,0.021,2,2
784,0.009,0.04625,0.16725,0.42075,0.35675,4,5
785,0.01225,0.05525,0.18375,0.43775,0.311,4,4
786,0.08875,0.23475,0.37125,0.24675,0.0585,3,4
787,0.3255,0.3755,0.219,0.06525,0.01475,2,1
788,0.00275,0.0135,0.048,0.25375,0.682,5,4
789,0.19275,0.36775,0.2985,0.1195,0.0215,2,3
790,0.122,0.31,0.356,0.176,0.036,3,3
791,0.0115,0.04425,0.15075,0.42125,0.37225,4,4
792,0.24675,0.37075,0.27175,0.091,0.01975,2,3
793,0.01375,0.05525,0.18075,0.43675,0.3135,4,3
794,0.00825,0.04775,0.1615,0.41675,0.36575,4,4
795,0.069,0.19675,0.37575,0.27375,0.08475,3,3
796,0.23625,0.39725,0.2605,0.09125,0.01475,2,1
797,0.06275,0.20925,0.36975,0.279,0.07925,3,2
798,0.23575,0.394,0.252,0.09925,0.019,2,3
799,0.235,0.396,0.264,0.086,0.019,2,1
800,0.01675,0.055,0.2025,0.4565,0.26925,4,4
801,0.06725,0.197,0.372,0.279,0.08475,3,4
802,0.198,0.37225,0.28725,0.11825,0.02425,2,2
803,0.22925,0.3645,0.281,0.1045,0.02075,2,1
804,0.0625,0.20875,0.362,0.28725,0.0795,3,2
805,0.00975,0.045,0.16425,0.429,0.352,4,3
806,0.22625,0.369,0.26775,0.111,0.026,2,3
807,0.229,0.3835,0.2675,0.1015,0.0185,2,1
808,0.016,0.05825,0.21,0.4285,0.28725,4,2
809,0.202,0.351,0.291,0.1265,0.0295,2,2
810,0.01125,0.055,0.1845,0.4335,0.31575,4,5
811,0.00475,0.02675,0.0965,0.347,0.525,5,5
812,0.07175,0.201,0.3735,0.2825,0.07125,3,3
813,0.016,0.0505,0.178,0.433,0.3225,4,4
814,0.06775,0.21175,0.358,0.284,0.0785,3,3
815,0.059,0.20925,0.37625,0.2765,0.079,3,2
816,0.2335,0.3605,0.28125,0.10325,0.0215,2,4
817,0.011,0.0405,0.1565,0.42225,0.36975,4,5
818,0.0025,0.01075,0.057,0.257,0.67275,5,4
819,0.24925,0.38025,0.2575,0.0955,0.0175,2,3
820,0.2205,0.3765,0.2755,0.10525,0.02225,2,2
821,0.0055,0.02075,0.10375,0.36175,0.50825,5,4
822,0.23375,0.37425,0.27625,0.09775,0.018,2,1
823,0.00575,0.0225,0.10675,0.3515,0.5135,5,5
824,0.0905,0.2325,0.35375,0.2565,0.06675,3,4
825,0.01175,0.0445,0.159,0.43375,0.351,4,4
826,0.0675,0.19925,0.35925,0.29275,0.08125,3,3
827,0.07775,0.23725,0.3615,0.25825,0.06525,3,4
828,0.063,0.21525,0.3555,0.28675,0.0795,3,3
829,0.23225,0.37125,0.2745,0.10325,0.01875,2,1
830,0.125,0.31275,0.35225,0.16975,0.04025,3,3
831,0.0695,0.203,0.37725,0.2695,0.08075,3,2
832,0.0725,0.19575,0.37425,0.27825,0.07925,3,2
833,0.24675,0.37525,0.261,0.09625,0.02075,2,2
834,0.1,0.25875,0.3695,0.22125,0.0505,3,3
835,0.094,0.25225,0.384,0.2185,0.05125,3,2
836,0.065,0.2085,0.35275,0.28925,0.0845,3,4
837,0.3165,0.38425,0.21875,0.0685,0.012,2,1
838,0.0845,0.234,0.37975,0.239,0.06275,3,2
839,0.011,0.042,0.16975,0.42025,0.357,4,4
840,0.009,0.04025,0.16525,0.4185,0.367,4,5
841,0.194,0.36275,0.304,0.1165,0.02275,2,3
842,0.01,0.045,0.16125,0.417,0.36675,4,5
843,0.01,0.04575,0.1485,0.424,0.37175,4,5
844,0.2275,0.374,0.27775,0.1,0.02075,2,3
845,0.01675,0.0475,0.19,0.42725,0.3185,4,2
846,0.189,0.36625,0.30125,0.12125,0.02225,2,1
847,0.068,0.2165,0.3685,0.2635,0.0835,3,2
848,0.188,0.36675,0.294,0.12375,0.0275,2,3
849,0.00875,0.0385,0.17325,0.4255,0.354,4,4
850,0.2415,0.39525,0.2555,0.092,0.01575,2,4
851,0.22775,0.36975,0.271,0.10825,0.02325,2,2
852,0.097,0.27125,0.35975,0.211,0.061,3,3
853,0.008,0.023,0.1045,0.3445,0.52,5,3
854,0.09975,0.27425,0.3605,0.21625,0.04925,3,2
855,0.01075,0.04,0.1565,0.44025,0.3525,4,5
856,0.00475,0.021,0.09525,0.3525,0.5265,5,4
857,0.07475,0.20875,0.37325,0.273,0.07025,3,3
858,0.0045,0.025,0.10125,0.3645,0.50475,5,4
859,0.01725,0.06775,0.21425,0.42925,0.2715,4,3
860,0.01125,0.04225,0.16625,0.425,0.35525,4,4
861,0.07925,0.23975,0.38075,0.23725,0.063,3,4
862,0.18925,0.37075,0.2985,0.1175,0.024,2,3
863,0.01475,0.06,0.208,0.44425,0.273,4,5
864,0.002,0.009,0.054,0.25325,0.68175,5,3
865,0.32125,0.37825,0.21825,0.06775,0.0145,2,1
866,0.07075,0.1975,0.3865,0.265,0.08025,3,4
867,0.00875,0.047,0.1725,0.4165,0.35525,4,5
868,0.0055,0.02225,0.09275,0.346,0.5335,5,5
869,0.072,0.23975,0.3705,0.25175,0.066,3,2
870,0.32475,0.38,0.211,0.074,0.01025,2,1
871,0.01775,0.06475,0.2105,0.424,0.283,4,4
872,0.07225,0.21125,0.35525,0.282,0.07925,3,1
873,0.01175,0.041,0.15625,0.41925,0.37175,4,4
874,0.3205,0.38125,0.22125,0.06175,0.01525,2,1
875,0.09525,0.2625,0.38025,0.2075,0.0545,3,5
876,0.248,0.37525,0.25925,0.09525,0.02225,2,3
877,0.09575,0.25975,0.3735,0.21025,0.06075,3,3
878,0.00275,0.01325,0.06225,0.242,0.67975,5,5
879,0.0675,0.22375,0.3665,0.26925,0.073,3,3
880,0.06125,0.20825,0.38325,0.27125,0.076,3,2
881,0.009,0.04575,0.15625,0.42725,0.36175,4,4
882,0.22075,0.38325,0.2735,0.102,0.0205,2,4
883,0.3245,0.389,0.209,0.06725,0.01025,2,3
884,0.014,0.04975,0.18425,0.44225,0.30975,4,4
885,0.0645,0.208,0.37725,0.27625,0.074,3,4
886,0.0765,0.22625,0.384,0.24675,0.0665,3,4
887,0.00575,0.02275,0.0885,0.3585,0.5245,5,5
888,0.009,0.04,0.1505,0.43325,0.36725,4,4
889,0.0045,0.02075,0.09575,0.357,0.522,5,4
890,0.009,0.0395,0.15325,0.421,0.37725,4,5
891,0.00475,0.0235,0.10025,0.3735,0.498,5,5
892,0.093,0.22975,0.36625,0.246,0.065,3,3
893,0.0125,0.0495,0.17775,0.43875,0.3215,4,3
894,0.011,0.0465,0.163,0.413,0.3665,4,2
895,0.00125,0.01075,0.05575,0.25875,0.6735,5,5
896,0.00775,0.022,0.1015,0.3695,0.49925,5,4
897,0.0045,0.01175,0.0575,0.255,0.67125,5,4
898,0.0655,0.21475,0.36275,0.2735,0.0835,3,3
899,0.00525,0.02125,0.09225,0.3595,0.52175,5,4
900,0.01575,0.0665,0.196,0.44675,0.275,4,5
901,0.12925,0.3055,0.349,0.1745,0.04175,3,2
902,0.07075,0.208,0.36275,0.27775,0.08075,3,3
903,0.012,0.04,0.163,0.43125,0.35375,4,2
904,0.0965,0.26325,0.37875,0.2085,0.053,3,2
905,0.196,0.3695,0.2945,0.1155,0.0245,2,3
906,0.06375,0.205,0.37625,0.279,0.076,3,2
907,0.3065,0.39475,0.2225,0.065,0.01125,2,2
908,0.013,0.051,0.187,0.43475,0.31425,4,5
909,0.01075,0.04425,0.14875,0.432,0.36425,4,5
910,0.00175,0.013,0.05625,0.24625,0.68275,5,5
911,0.01025,0.044,0.163,0.419,0.36375,4,5
912,0.2245,0.37975,0.27375,0.101,0.021,2,2
913,0.12875,0.31,0.35375,0.168,0.0395,3,2
914,0.19625,0.36975,0.2905,0.122,0.0215,2,2
915,0.06375,0.2115,0.37375,0.26875,0.08225,3,3
916,0.008,0.021,0.10175,0.35925,0.51,5,4
917,0.015,0.0635,0.196,0.47025,0.25525,4,4
918,0.32575,0.38575,0.20975,0.063,0.01575,2,2
919,0.186,0.363,0.30425,0.1185,0.02825,2,3
920,0.0125,0.03775,0.1585,0.4195,0.37175,4,5
921,0.11975,0.3155,0.349,0.17425,0.0415,3,3
922,0.003,0.01575,0.04675,0.24975,0.68475,5,5
923,0.07075,0.216,0.361,0.274,0.07825,3,3
924,0.004,0.01975,0.0995,0.36875,0.508,5,4
925,0.087,0.23,0.36725,0.24775,0.068,3,3
926,0.01025,0.0485,0.16625,0.42825,0.34675,4,4
927,0.0705,0.204,0.36275,0.28125,0.0815,3,3
928,0.011,0.04325,0.16075,0.422,0.363,4,5
929,0.06625,0.2175,0.37025,0.26575,0.08025,3,3
930,0.01075,0.05175,0.179,0.446,0.3125,4,4
931,0.225,0.37575,0.27925,0.10025,0.01975,2,1
932,0.01325,0.04025,0.155,0.42825,0.36325,4,5
933,0.01375,0.05425,0.18225,0.439,0.31075,4,4
934,0.0115,0.038,0.16,0.42925,0.36125,4,3
935,0.00825,0.04425,0.16525,0.417,0.36525,4,5
936,0.09275,0.25175,0.3735,0.2305,0.0515,3,2
937,0.0125,0.04175,0.16175,0.4195,0.3645,4,5
938,0.0055,0.02875,0.092,0.3495,0.52425,5,5
939,0.011,0.04475,0.15425,0.42775,0.36225,4,2
940,0.0665,0.222,0.36175,0.275,0.07475,3,1
941,0.183,0.35875,0.30625,0.12875,0.02325,2,2
942,0.08225,0.23575,0.3705,0.243,0.0685,3,4
943,0.01125,0.04625,0.162,0.42025,0.36025,4,5
944,0.063,0.207,0.3645,0.28,0.0855,3,3
945,0.2355,0.3845,0.26475,0.0935,0.02175,2,2
946,0.31875,0.38575,0.21725,0.06325,0.015,2,1
947,0.0055,0.0205,0.09875,0.3615,0.51375,5,5
948,0.0065,0.02275,0.1005,0.36325,0.507,5,4
949,0.2495,0.388,0.25675,0.088,0.01775,2,1
950,0.01325,0.0565,0.19125,0.42,0.319,4,5
951,0.12025,0.3185,0.34775,0.17125,0.04225,3,4
952,0.19575,0.3715,0.288,0.12175,0.023,2,2
953,0.07,0.19925,0.372,0.2785,0.08025,3,3
954,0.0115,0.04,0.1615,0.43175,0.35525,4,4
955,0.30775,0.40425,0.2145,0.06275,0.01075,2,3
956,0.065,0.20375,0.3785,0.27625,0.0765,3,2
957,0.0645,0.19575,0.37875,0.28475,0.07625,3,4
958,0.00575,0.021,0.1015,0.3445,0.52725,5,3
959,0.01175,0.044,0.14425,0.43325,0.36675,4,4
960,0.06375,0.20025,0.36175,0.29225,0.082,3,3
961,0.00525,0.023,0.1085,0.35675,0.5065,5,2
962,0.002,0.01075,0.05225,0.24925,0.68575,5,3
963,0.06925,0.21025,0.37825,0.26925,0.073,3,2
964,0.06325,0.2105,0.37625,0.2705,0.0795,3,2
965,0.2,0.35925,0.30375,0.11025,0.02675,2,1
966,0.0135,0.04425,0.1525,0.4335,0.35625,4,5
967,0.06775,0.19925,0.3805,0.2745,0.078,3,4
968,0.06525,0.2015,0.3825,0.277,0.07375,3,1
969,0.06225,0.2065,0.3605,0.293,0.07775,3,2
970,0.2395,0.386,0.262,0.09075,0.02175,2,3
971,0.00625,0.02225,0.0975,0.3715,0.5025,5,4
972,0.01125,0.05575,0.2015,0.4225,0.309,4,4
973,0.009,0.03975,0.15675,0.417,0.3775,4,4
974,0.006,0.02475,0.09125,0.35325,0.52475,5,2
975,0.0055,0.0235,0.095,0.33975,0.53625,5,5
976,0.0085,0.0395,0.1625,0.416,0.3735,4,4
977,0.1905,0.35775,0.311,0.12025,0.0205,2,2
978,0.32475,0.3875,0.20975,0.06575,0.01225,2,2
979,0.00575,0.023,0.09325,0.36,0.518,5,5
980,0.1335,0.304,0.3465,0.17525,0.04075,3,3
981,0.0035,0.0195,0.08825,0.35825,0.5305,5,5
982,0.07725,0.20875,0.3585,0.28025,0.07525,3,4
983,0.0055,0.023,0.09725,0.346,0.52825,5,5
984,0.13375,0.309,0.34025,0.1775,0.0395,3,3
985,0.01075,0.04725,0.15525,0.426,0.36075,4,4
986,0.06675,0.2035,0.367,0.278,0.08475,3,4
987,0.008,0.0215,0.0955,0.34175,0.53325,5,5
988,0.132,0.30075,0.3575,0.1735,0.03625,3,1
989,0.01075,0.055,0.1935,0.437,0.30375,4,3
990,0.01775,0.0615,0.218,0.434,0.26875,4,4
991,0.01125,0.044,0.15725,0.4225,0.365,4,4
992,0.07175,0.19525,0.36225,0.28825,0.0825,3,3
993,0.129,0.2925,0.3605,0.177,0.041,3,2
994,0.011,0.045,0.1605,0.43175,0.35175,4,3
995,0.062,0.2075,0.37,0.273,0.0875,3,4
996,0.1275,0.301,0.34825,0.181,0.04225,3,1
997,0.186,0.36825,0.30525,0.11375,0.02675,2,4
998,0.00525,0.0235,0.09675,0.35425,0.52025,5,2
999,0.0125,0.04225,0.15775,0.42825,0.35925,4,4
1000,0.0035,0.02775,0.09875,0.37575,0.49425,5,4
1001,0.24625,0.38,0.26475,0.09225,0.01675,2,2
1002,0.08025,0.23825,0.363,0.25975,0.05875,3,3
1003,0.19275,0.3715,0.30325,0.1115,0.021,2,2
1004,0.313,0.39875,0.21475,0.05975,0.01375,2,2
1005,0.1295,0.30575,0.35025,0.17775,0.03675,3,3
1006,0.30675,0.39925,0.2115,0.06975,0.01275,2,2
1007,0.12975,0.30325,0.3555,0.1735,0.038,3,4
1008,0.063,0.2,0.3705,0.28125,0.08525,3,2
1009,0.06425,0.213,0.364,0.2845,0.07425,3,2
1010,0.01675,0.053,0.185,0.424,0.32125,4,4
1011,0.00725,0.02625,0.09575,0.366,0.50475,5,5
1012,0.08925,0.243,0.363,0.24375,0.061,3,4
1013,0.128,0.30825,0.349,0.173,0.04175,3,3
1014,0.06825,0.2125,0.364,0.27675,0.0785,3,4
1015,0.013,0.03575,0.16025,0.4235,0.3675,4,4
1016,0.0705,0.2295,0.3595,0.2655,0.075,3,3
1017,0.20875,0.35825,0.2895,0.1185,0.025,2,3
1018,0.12775,0.3125,0.35325,0.16975,0.03675,3,3
1019,0.0615,0.1995,0.3775,0.2775,0.084,3,4
1020,0.01225,0.0565,0.19475,0.42,0.3165,4,3
1021,0.0135,0.05325,0.18775,0.43025,0.31525,4,3
1022,0.00725,0.02125,0.10575,0.3625,0.50325,5,5
1023,0.07,0.19525,0.3675,0.28875,0.0785,3,3
1024,0.13875,0.3145,0.3385,0.16625,0.042,3,3
1025,0.083,0.23675,0.3725,0.24425,0.0635,3,1
1026,0.00925,0.03975,0.15325,0.42625,0.3715,4,4
1027,0.01325,0.04375,0.16,0.42425,0.35875,4,3
1028,0.0115,0.05,0.185,0.44,0.3135,4,5
1029,0.0685,0.217,0.36525,0.27575,0.0735,3,3
1030,0.24225,0.38075,0.2655,0.09475,0.01675,2,1
1031,0.2415,0.39525,0.2485,0.095,0.01975,2,1
1032,0.319,0.398,0.21025,0.0595,0.01325,2,1
1033,0.24825,0.38375,0.25775,0.09525,0.015,2,3
1034,0.01175,0.06075,0.2045,0.44775,0.27525,4,4
1035,0.09475,0.26425,0.355,0.22475,0.06125,3,3
1036,0.065,0.20225,0.36325,0.289,0.0805,3,4
1037,0.32375,0.38725,0.2165,0.059,0.0135,2,2
1038,0.069,0.19925,0.36625,0.28175,0.08375,3,3
1039,0.08325,0.2365,0.37075,0.24325,0.06625,3,2
1040,0.069,0.213,0.37675,0.26825,0.073,3,5
1041,0.01225,0.045,0.15525,0.42925,0.35825,4,5
1042,0.231,0.38575,0.27825,0.0895,0.0155,2,4
1043,0.085,0.22325,0.36175,0.261,0.069,3,3
1044,0.01275,0.0425,0.16225,0.4285,0.354,4,5
1045,0.00275,0.01075,0.053,0.2555,0.678,5,5
1046,0.22575,0.38925,0.2745,0.09325,0.01725,2,2
1047,0.246,0.385,0.25375,0.0975,0.01775,2,2
1048,0.0145,0.04825,0.1895,0.4325,0.31525,4,3
1049,0.1965,0.36675,0.293,0.11975,0.024,2,2
1050,0.012,0.0475,0.19075,0.44125,0.3085,4,4
1051,0.09475,0.2645,0.36575,0.2245,0.0505,3,3
1052,0.1005,0.26925,0.36725,0.212,0.051,3,1
1053,0.126,0.29625,0.351,0.18675,0.04,3,4
1054,0.07425,0.19725,0.3475,0.3,0.081,3,4
1055,0.07775,0.20175,0.367,0.27775,0.07575,3,3
1056,0.071,0.19425,0.3755,0.28025,0.079,3,3
1057,0.0995,0.2735,0.3665,0.20625,0.05425,3,2
1058,0.07675,0.19425,0.36825,0.2805,0.08025,3,4
1059,0.06475,0.2045,0.36925,0.2785,0.083,3,3
1060,0.231,0.3785,0.271,0.10125,0.01825,2,2
1061,0.08225,0.23375,0.3855,0.2295,0.069,3,3
1062,0.18325,0.36,0.311,0.123,0.02275,2,2
1063,0.061,0.1995,0.3735,0.2845,0.0815,3,4
1064,0.0145,0.054,0.19575,0.43075,0.305,4,4
1065,0.066,0.20425,0.37575,0.2765,0.0775,3,4
1066,0.0885,0.24175,0.36625,0.239,0.0645,3,3
1067,0.01,0.045,0.15775,0.423,0.36425,4,4
1068,0.186,0.3555,0.313,0.1235,0.022,2,4
1069,0.00475,0.025,0.10375,0.36275,0.50375,5,3
1070,0.20075,0.36875,0.29675,0.10975,0.024,2,3
1071,0.0695,0.20325,0.36575,0.28425,0.07725,3,2
1072,0.00525,0.0245,0.098,0.36275,0.5095,5,5
1073,0.01625,0.05725,0.209,0.438,0.2795,4,2
1074,0.011,0.04625,0.16975,0.41675,0.35625,4,5
1075,0.00725,0.04875,0.16225,0.41675,0.365,4,3
1076,0.00525,0.02275,0.10125,0.36625,0.5045,5,5
1077,0.09,0.267,0.38125,0.20575,0.056,3,3
1078,0.25125,0.376,0.2595,0.093,0.02025,2,3
1079,0.0185,0.06475,0.20925,0.42375,0.28375,4,4
1080,0.18625,0.3645,0.30375,0.12175,0.02375,2,3
1081,0.24375,0.365,0.273,0.09775,0.0205,2,4
1082,0.24875,0.38175,0.258,0.09375,0.01775,2,1
1083,0.05925,0.21325,0.376,0.2715,0.08,3,3
1084,0.06525,0.20025,0.36825,0.284,0.08225,3,3
1085,0.00525,0.026,0.09125,0.345,0.5325,5,2
1086,0.123,0.3105,0.34925,0.1745,0.04275,3,3
1087,0.0155,0.063,0.2165,0.43475,0.27025,4,4
1088,0.0125,0.05425,0.17575,0.44225,0.31525,4,4
1089,0.0995,0.2725,0.362,0.212,0.054,3,5
1090,0.21925,0.39525,0.2605,0.104,0.021,2,5
1091,0.25575,0.36975,0.26325,0.09,0.02125,2,2
1092,0.01175,0.049,0.1635,0.41575,0.36,4,5
1093,0.3125,0.3995,0.209,0.0685,0.0105,2,1
1094,0.0165,0.0675,0.2015,0.44325,0.27125,4,3
1095,0.08775,0.2335,0.373,0.243,0.06275,3,4
1096,0.241,0.3835,0.25775,0.09525,0.0225,2,2
1097,0.18925,0.3525,0.314,0.11525,0.029,2,3
1098,0.0025,0.013,0.05525,0.249,0.68025,5,4
1099,0.0105,0.05,0.164,0.4175,0.358,4,4
1100,0.0065,0.02575,0.083,0.35225,0.5325,5,5
1101,0.31975,0.3965,0.21825,0.0555,0.01,2,1
1102,0.2605,0.3805,0.2415,0.094,0.0235,2,2
1103,0.2065,0.3455,0.30225,0.12175,0.024,2,2
1104,0.199,0.36525,0.29775,0.11675,0.02125,2,2
1105,0.06475,0.219,0.36425,0.27975,0.07225,3,4
1106,0.0095,0.0415,0.15375,0.4335,0.36175,4,4
1107,0.068,0.214,0.369,0.271,0.078,3,3
1108,0.208,0.36075,0.28875,0.12025,0.02225,2,2
1109,0.0995,0.27725,0.34975,0.2155,0.058,3,3
1110,0.01275,0.04475,0.17025,0.40775,0.3645,4,5
1111,0.06825,0.2005,0.37275,0.27775,0.08075,3,3
1112,0.0695,0.21075,0.37125,0.26975,0.07875,3,3
1113,0.00975,0.03775,0.1645,0.42125,0.36675,4,4
1114,0.01525,0.059,0.17475,0.433,0.318,4,4
1115,0.007,0.029,0.09875,0.35875,0.5065,5,4
1116,0.0175,0.06025,0.2035,0.46775,0.251,4,4
1117,0.205,0.36075,0.29375,0.11475,0.02575,2,4
1118,0.00275,0.012,0.056,0.2665,0.66275,5,5
1119,0.07375,0.203,0.3755,0.2735,0.07425,3,4
1120,0.2225,0.37825,0.268,0.11,0.02125,2,3
1121,0.0615,0.1935,0.37825,0.285,0.08175,3,3
1122,0.125,0.31825,0.34425,0.17325,0.03925,3,3
1123,0.0805,0.23575,0.37175,0.24625,0.06575,3,2
1124,0.017,0.067,0.1995,0.429,0.2875,4,3
1125,0.13375,0.31225,0.33725,0.174,0.04275,3,2
1126,0.22625,0.3805,0.26775,0.1025,0.023,2,4
1127,0.014,0.05675,0.18925,0.41725,0.32275,4,5
1128,0.01075,0.041,0.1515,0.4245,0.37225,4,4
1129,0.00925,0.0425,0.15025,0.433,0.365,4,4
1130,0.06375,0.20175,0.36625,0.292,0.07625,3,3
1131,0.09,0.259,0.37525,0.2235,0.05225,3,2
1132,0.09625,0.2495,0.374,0.22525,0.055,3,3
1133,0.211,0.348,0.2935,0.12225,0.02525,2,3
1134,0.065,0.21,0.3865,0.26525,0.07325,3,2
1135,0.00425,0.01,0.0525,0.2505,0.68275,5,4
1136,0.08075,0.226,0.3775,0.24575,0.07,3,3
1137,0.006,0.02275,0.0985,0.34675,0.526,5,5
1138,0.01075,0.0385,0.18,0.42525,0.3455,4,3
1139,0.0985,0.2565,0.36225,0.22825,0.0545,3,3
1140,0.0135,0.0415,0.14975,0.41875,0.3765,4,5
1141,0.066,0.1915,0.3675,0.29025,0.08475,3,4
1142,0.06575,0.217,0.3755,0.26875,0.073,3,3
1143,0.09225,0.25725,0.378,0.21475,0.05775,3,2
1144,0.07125,0.21775,0.3605,0.26875,0.08175,3,2
1145,0.1935,0.36175,0.29375,0.12425,0.02675,2,2
1146,0.00575,0.0245,0.09825,0.3795,0.492,5,5
1147,0.13525,0.3085,0.347,0.1725,0.03675,3,2
1148,0.067,0.1995,0.3745,0.27775,0.08125,3,4
1149,0.24725,0.386,0.2605,0.089,0.01725,2,3
1150,0.097,0.25975,0.372,0.216,0.05525,3,3
1151,0.103,0.264,0.36425,0.21725,0.0515,3,3
1152,0.13575,0.30425,0.3545,0.166,0.0395,3,1
1153,0.00925,0.0385,0.16025,0.4375,0.3545,4,4
1154,0.23075,0.3705,0.28475,0.09375,0.02025,2,4
1155,0.25,0.38325,0.25675,0.08725,0.02275,2,4
1156,0.3205,0.38275,0.21775,0.06575,0.01325,2,2
1157,0.01025,0.044,0.1605,0.4145,0.37075,4,5
1158,0.00525,0.03,0.0975,0.3645,0.50275,5,5
1159,0.006,0.02475,0.08775,0.36,0.5215,5,4
1160,0.12625,0.30625,0.3535,0.173,0.041,3,3
1161,0.2485,0.384,0.2615,0.08975,0.01625,2,3
1162,0.01275,0.061,0.21225,0.42125,0.29275,4,5
1163,0.071,0.209,0.36475,0.2855,0.06975,3,2
1164,0.01425,0.0565,0.1785,0.4455,0.30525,4,5
1165,0.08225,0.229,0.36175,0.265,0.062,3,2
1166,0.00575,0.02575,0.09875,0.3715,0.49825,5,5
1167,0.005,0.0215,0.087,0.36575,0.52075,5,5
1168,0.22425,0.3725,0.27975,0.10525,0.01825,2,1
1169,0.068,0.1925,0.3725,0.2865,0.0805,3,2
1170,0.13225,0.296,0.35875,0.173,0.04,3,2
1171,0.33125,0.38575,0.20225,0.0685,0.01225,2,2
1172,0.0035,0.01325,0.0575,0.2445,0.68125,5,5
1173,0.09725,0.267,0.376,0.20425,0.0555,3,4
1174,0.002,0.01225,0.05975,0.2495,0.6765,5,5
1175,0.08225,0.2325,0.377,0.23925,0.069,3,3
1176,0.0055,0.02275,0.0995,0.36325,0.509,5,3
1177,0.20175,0.356,0.297,0.1215,0.02375,2,3
1178,0.2435,0.37325,0.272,0.09325,0.018,2,1
1179,0.067,0.203,0.37975,0.2765,0.07375,3,3
1180,0.13325,0.303,0.3525,0.16325,0.048,3,2
1181,0.1285,0.3095,0.36,0.16475,0.03725,3,3
1182,0.129,0.3145,0.34525,0.16975,0.0415,3,4
1183,0.01575,0.05975,0.2075,0.444,0.273,4,5
1184,0.18775,0.372,0.3015,0.11525,0.0235,2,2
1185,0.1865,0.3555,0.31075,0.12075,0.0265,2,2
1186,0.19075,0.3685,0.30175,0.1155,0.0235,2,4
1187,0.19325,0.36325,0.30825,0.113,0.02225,2,3
1188,0.327,0.396,0.19925,0.06175,0.016,2,2
1189,0.073,0.19875,0.36625,0.283,0.079,3,2
1190,0.0135,0.054,0.19175,0.429,0.31175,4,4
1191,0.092,0.25725,0.376,0.21175,0.063,3,1
1192,0.09925,0.262,0.3635,0.21625,0.059,3,3
1193,0.2295,0.40025,0.2665,0.08475,0.019,2,4
1194,0.24425,0.392,0.2525,0.09225,0.019,2,2
1195,0.00425,0.0275,0.097,0.34925,0.522,5,5
1196,0.0645,0.2025,0.376,0.28025,0.07675,3,4
1197,0.10025,0.26025,0.35875,0.2225,0.05825,3,2
1198,0.21225,0.3825,0.28,0.10575,0.0195,2,1
1199,0.31125,0.39175,0.22025,0.06525,0.0115,2,2
1200,0.0845,0.227,0.37925,0.24625,0.063,3,2
1201,0.05675,0.20675,0.36625,0.29725,0.073,3,2
1202,0.0655,0.20525,0.365,0.28375,0.0805,3,2
1203,0.0685,0.199,0.37625,0.28025,0.076,3,3
1204,0.00775,0.0225,0.0925,0.3585,0.51875,5,5
1205,0.00625,0.0225,0.10175,0.3655,0.504,5,2
1206,0.01375,0.05225,0.18825,0.4385,0.30725,4,2
1207,0.06425,0.20475,0.382,0.2725,0.0765,3,3
1208,0.2505,0.37525,0.2645,0.08975,0.02,2,4
1209,0.003,0.00825,0.05125,0.24575,0.69175,5,4
1210,0.009,0.0415,0.1635,0.42325,0.36275,4,5
1211,0.06275,0.20375,0.37475,0.2835,0.07525,3,3
1212,0.0615,0.2075,0.36725,0.28225,0.0815,3,4
1213,0.0755,0.226,0.37625,0.2575,0.06475,3,4
1214,0.0115,0.04925,0.1685,0.4155,0.35525,4,5
1215,0.23575,0.3865,0.27,0.08875,0.019,2,2
1216,0.011,0.04875,0.15925,0.4215,0.3595,4,5
1217,0.131,0.32325,0.332,0.168,0.04575,3,4
1218,0.1025,0.25575,0.36275,0.22575,0.05325,3,4
1219,0.01475,0.06425,0.196,0.442,0.283,4,4
1220,0.298,0.40425,0.2165,0.06875,0.0125,2,3
1221,0.00675,0.02525,0.09525,0.3575,0.51525,5,3
1222,0.00275,0.0135,0.05,0.24725,0.6865,5,5
1223,0.00625,0.02375,0.093,0.3465,0.5305,5,3
1224,0.0095,0.04275,0.17,0.428,0.34975,4,5
1225,0.014,0.04225,0.162,0.42275,0.359,4,5
1226,0.00225,0.01275,0.05375,0.2615,0.66975,5,5
1227,0.31675,0.388,0.21725,0.06875,0.00925,2,2
1228,0.08725,0.222,0.36075,0.265,0.065,3,3
1229,0.01175,0.0465,0.159,0.42325,0.3595,4,4
1230,0.329,0.38525,0.2055,0.068,0.01225,2,3
1231,0.004,0.01475,0.06075,0.2595,0.661,5,5
1232,0.0065,0.018,0.0935,0.3565,0.5255,5,3
1233,0.00825,0.02,0.099,0.349,0.52375,5,3
1234,0.075,0.1965,0.37075,0.282,0.07575,3,2
1235,0.00675,0.022,0.09725,0.348,0.526,5,5
1236,0.24775,0.375,0.26275,0.09475,0.01975,2,2
1237,0.1245,0.30725,0.364,0.1635,0.04075,3,1
1238,0.01125,0.04075,0.16275,0.41725,0.368,4,4
1239,0.07525,0.23975,0.3715,0.24775,0.06575,3,4
1240,0.00525,0.02225,0.0905,0.343,0.539,5,5
1241,0.22325,0.3685,0.2725,0.11475,0.021,2,3
1242,0.19275,0.36275,0.30875,0.113,0.02275,2,1
1243,0.3295,0.393,0.2015,0.06525,0.01075,2,2
1244,0.2535,0.385,0.25725,0.08525,0.019,2,2
1245,0.2365,0.386,0.26275,0.0945,0.02025,2,4
1246,0.0125,0.0385,0.15475,0.43425,0.36,4,5
1247,0.0025,0.0135,0.0565,0.2515,0.676,5,4
1248,0.0025,0.01575,0.05375,0.2675,0.6605,5,5
1249,0.23475,0.38,0.26575,0.099,0.0205,2,3
1250,0.00325,0.01175,0.05,0.266,0.669,5,5
1251,0.005,0.021,0.0935,0.35475,0.52575,5,5
1252,0.09525,0.2705,0.37825,0.19925,0.05675,3,3
1253,0.097,0.2645,0.361,0.22375,0.05375,3,4
1254,0.101,0.2675,0.3605,0.21975,0.05125,3,4
1255,0.00675,0.025,0.098,0.35325,0.517,5,5
1256,0.01125,0.03975,0.164,0.4065,0.3785,4,5
1257,0.31075,0.3985,0.2185,0.061,0.01125,2,1
1258,0.00575,0.025,0.09525,0.3575,0.5165,5,4
1259,0.0155,0.0555,0.179,0.43675,0.31325,4,4
1260,0.0045,0.0205,0.09475,0.348,0.53225,5,4
1261,0.01175,0.04475,0.169,0.416,0.3585,4,3
1262,0.00575,0.027,0.09375,0.35125,0.52225,5,5
1263,0.21275,0.38575,0.279,0.102,0.0205,2,1
1264,0.1015,0.2655,0.3645,0.21275,0.05575,3,2
1265,0.07575,0.207,0.3685,0.2755,0.07325,3,4
1266,0.0035,0.024,0.09625,0.364,0.51225,5,5
1267,0.01075,0.04275,0.1585,0.434,0.354,4,4
1268,0.01825,0.05475,0.18625,0.43025,0.3105,4,5
1269,0.01675,0.0605,0.20775,0.442,0.273,4,3
1270,0.09225,0.2635,0.37025,0.21875,0.05525,3,2
1271,0.07125,0.1955,0.3585,0.2885,0.08625,3,3
1272,0.00275,0.01325,0.052,0.2665,0.6655,5,4
1273,0.135,0.30575,0.34175,0.18275,0.03475,3,2
1274,0.07025,0.2095,0.35775,0.28375,0.07875,3,3
1275,0.3155,0.3855,0.2165,0.06975,0.01275,2,2
1276,0.004,0.02375,0.10075,0.35725,0.51425,5,5
1277,0.103,0.2615,0.3655,0.21,0.06,3,1
1278,0.1145,0.3125,0.35425,0.178,0.04075,3,2
1279,0.0995,0.2625,0.37225,0.21275,0.053,3,1
1280,0.19025,0.3565,0.3155,0.112,0.02575,2,2
1281,0.064,0.217,0.363,0.2775,0.0785,3,3
1282,0.31825,0.385,0.22625,0.057,0.0135,2,1
1283,0.0065,0.02275,0.1005,0.354,0.51625,5,5
1284,0.068,0.20275,0.36225,0.2865,0.0805,3,2
1285,0.07,0.20075,0.36575,0.28325,0.08025,3,4
1286,0.24525,0.38875,0.2535,0.0925,0.02,2,4
1287,0.01,0.03975,0.15625,0.418,0.376,4,4
1288,0.066,0.2105,0.38175,0.2645,0.07725,3,2
1289,0.198,0.362,0.29175,0.12175,0.0265,2,1
1290,0.1325,0.3095,0.3425,0.17375,0.04175,3,2
1291,0.00275,0.01325,0.05875,0.2625,0.66275,5,4
1292,0.01025,0.04675,0.16925,0.40725,0.3665,4,5
1293,0.24175,0.38475,0.26425,0.096,0.01325,2,3
1294,0.0865,0.235,0.3635,0.247,0.068,3,2
1295,0.00225,0.01075,0.05275,0.25625,0.678,5,4
1296,0.01125,0.05175,0.18475,0.4345,0.31775,4,5
1297,0.00575,0.02425,0.10475,0.34975,0.5155,5,5
1298,0.01625,0.0485,0.18475,0.426,0.3245,4,5
1299,0.00375,0.0105,0.058,0.244,0.68375,5,4
1300,0.01575,0.05575,0.21025,0.44175,0.2765,4,3
1301,0.08525,0.2395,0.36275,0.24525,0.06725,3,4
1302,0.25075,0.37275,0.262,0.09525,0.01925,2,1
1303,0.32025,0.3955,0.20225,0.069,0.013,2,2
1304,0.1015,0.2725,0.3565,0.21875,0.05075,3,4
1305,0.065,0.18825,0.36725,0.2945,0.085,3,3
1306,0.3335,0.3775,0.209,0.06575,0.01425,2,2
1307,0.01325,0.04975,0.19825,0.426,0.31275,4,3
1308,0.333,0.381,0.205,0.06725,0.01375,2,2
1309,0.12325,0.3315,0.34775,0.1655,0.032,3,2
1310,0.00225,0.0125,0.05625,0.26,0.669,5,5
1311,0.18525,0.365,0.31,0.11525,0.0245,2,2
1312,0.248,0.37325,0.2655,0.09775,0.0155,2,2
1313,0.1945,0.36625,0.2975,0.11375,0.028,2,4
1314,0.0905,0.269,0.36525,0.2165,0.05875,3,2
1315,0.06975,0.212,0.355,0.276,0.08725,3,1
1316,0.22275,0.38425,0.27175,0.09725,0.024,2,2
1317,0.0655,0.207,0.366,0.281,0.0805,3,3
1318,0.07075,0.20175,0.36125,0.286,0.08025,3,4
1319,0.05975,0.20875,0.37675,0.28075,0.074,3,2
1320,0.06975,0.2005,0.373,0.27975,0.077,3,3
1321,0.25625,0.3865,0.25475,0.08375,0.01875,2,4
1322,0.32175,0.39175,0.212,0.06275,0.01175,2,3
1323,0.018,0.062,0.205,0.44375,0.27125,4,4
1324,0.1935,0.36975,0.29575,0.113,0.028,2,2
1325,0.2565,0.37825,0.25725,0.091,0.017,2,3
1326,0.014,0.0455,0.17975,0.4445,0.31625,4,5
1327,0.06525,0.21325,0.3685,0.276,0.077,3,4
1328,0.01675,0.0485,0.189,0.4305,0.31525,4,5
1329,0.19175,0.3615,0.309,0.116,0.02175,2,2
1330,0.32575,0.37,0.223,0.0665,0.01475,2,2
1331,0.00375,0.01325,0.0545,0.25825,0.67025,5,5
1332,0.0165,0.0605,0.22,0.4195,0.2835,4,4
1333,0.00925,0.044,0.15525,0.42425,0.36725,4,2
1334,0.1245,0.3065,0.35175,0.17875,0.0385,3,3
1335,0.193,0.36425,0.30825,0.10975,0.02475,2,2
1336,0.01375,0.05825,0.20775,0.43125,0.289,4,5
1337,0.0145,0.06475,0.208,0.433,0.27975,4,2
1338,0.00475,0.026,0.102,0.351,0.51625,5,4
1339,0.00425,0.02225,0.103,0.36575,0.50475,5,5
1340,0.102,0.258,0.35875,0.2245,0.05675,3,3
1341,0.1015,0.2525,0.37525,0.22275,0.048,3,3
1342,0.01725,0.0585,0.19925,0.44675,0.27825,4,5
1343,0.01025,0.0455,0.15375,0.4305,0.36,4,3
1344,0.08425,0.24675,0.3585,0.24275,0.06775,3,3
1345,0.00325,0.0145,0.051,0.25075,0.6805,5,5
1346,0.00325,0.01075,0.0555,0.262,0.6685,5,5
1347,0.13,0.31,0.34025,0.17375,0.046,3,2
1348,0.07075,0.2035,0.3715,0.2755,0.07875,3,5
1349,0.00625,0.02425,0.101,0.359,0.5095,5,5
1350,0.1865,0.3635,0.31075,0.11325,0.026,2,3
1351,0.1945,0.3705,0.29575,0.11475,0.0245,2,3
1352,0.00675,0.026,0.0985,0.3615,0.50725,5,4
1353,0.13225,0.309,0.34775,0.168,0.043,3,2
1354,0.00225,0.01225,0.05175,0.25275,0.681,5,5
1355,0.192,0.36575,0.2945,0.12325,0.0245,2,3
1356,0.01475,0.0425,0.14825,0.433,0.3615,4,4
1357,0.01425,0.05225,0.17925,0.431,0.32325,4,4
1358,0.20125,0.3565,0.3,0.11925,0.023,2,3
1359,0.2,0.35725,0.30025,0.1185,0.024,2,2
1360,0.06275,0.19475,0.3685,0.29925,0.07475,3,2
1361,0.065,0.20225,0.37425,0.28475,0.07375,3,2
1362,0.0695,0.2065,0.37075,0.28425,0.069,3,2
1363,0.06675,0.20375,0.372,0.27925,0.07825,3,4
1364,0.248,0.373,0.26675,0.09525,0.017,2,3
1365,0.00375,0.013,0.052,0.25275,0.6785,5,5
1366,0.005,0.01175,0.04925,0.2415,0.6925,5,4
1367,0.0645,0.2135,0.37,0.27225,0.07975,3,2
1368,0.0145,0.051,0.186,0.42,0.3285,4,3
1369,0.01175,0.0555,0.18275,0.43925,0.31075,4,3
1370,0.00675,0.02375,0.095,0.375,0.4995,5,5
1371,0.21975,0.37825,0.28,0.09975,0.02225,2,2
1372,0.10425,0.2455,0.36375,0.2285,0.058,3,4
1373,0.016,0.0615,0.21825,0.4355,0.26875,4,5
1374,0.1325,0.3005,0.34775,0.1815,0.03775,3,2
1375,0.07025,0.19575,0.37175,0.28275,0.0795,3,4
1376,0.01025,0.0435,0.1685,0.4245,0.35325,4,5
1377,0.0095,0.04625,0.16275,0.43025,0.35125,4,5
1378,0.013,0.0505,0.1905,0.441,0.305,4,5
1379,0.1255,0.308,0.3565,0.174,0.036,3,3
1380,0.069,0.21125,0.3595,0.2775,0.08275,3,2
1381,0.06225,0.2025,0.37025,0.2825,0.0825,3,4
1382,0.2035,0.3675,0.302,0.098,0.029,2,3
1383,0.22425,0.38375,0.27275,0.099,0.02025,2,2
1384,0.0065,0.01975,0.09275,0.34875,0.53225,5,5
1385,0.0635,0.1995,0.3655,0.287,0.0845,3,3
1386,0.19475,0.36625,0.293,0.12075,0.02525,2,1
1387,0.01275,0.0425,0.164,0.414,0.36675,4,5
1388,0.20625,0.359,0.29425,0.115,0.0255,2,1
1389,0.129,0.30975,0.3565,0.164,0.04075,3,2
1390,0.2305,0.40125,0.2595,0.0905,0.01825,2,2
1391,0.06275,0.19625,0.3695,0.28675,0.08475,3,4
1392,0.009,0.04625,0.1495,0.42725,0.368,4,4
1393,0.00425,0.01325,0.0515,0.24325,0.68775,5,4
1394,0.137,0.3035,0.35225,0.171,0.03625,3,2
1395,0.066,0.2045,0.371,0.27975,0.07875,3,2
1396,0.00675,0.02375,0.09275,0.36775,0.509,5,4
1397,0.07025,0.2145,0.35375,0.288,0.0735,3,2
1398,0.06725,0.204,0.36925,0.28575,0.07375,3,4
1399,0.06475,0.21325,0.376,0.26825,0.07775,3,4
1400,0.082,0.23875,0.37,0.243,0.06625,3,2
1401,0.248,0.3845,0.263,0.085,0.0195,2,4
1402,0.013,0.04225,0.157,0.41475,0.373,4,2
1403,0.199,0.372,0.2875,0.11575,0.02575,2,3
1404,0.0065,0.02575,0.09975,0.3455,0.5225,5,5
1405,0.0165,0.05925,0.207,0.426,0.29125,4,4
1406,0.33275,0.376,0.20725,0.0705,0.0135,2,2
1407,0.0055,0.02075,0.09725,0.3565,0.52,5,5
1408,0.01325,0.05425,0.18525,0.4425,0.30475,4,3
1409,0.198,0.357,0.30325,0.11625,0.0255,2,3
1410,0.01375,0.0405,0.15825,0.4155,0.372,4,5
1411,0.3155,0.40625,0.20225,0.06,0.016,2,1
1412,0.071,0.20275,0.384,0.263,0.07925,3,2
1413,0.00675,0.023,0.104,0.3655,0.50075,5,3
1414,0.0105,0.044,0.1555,0.42675,0.36325,4,5
1415,0.00325,0.01325,0.055,0.25,0.6785,5,5
1416,0.00925,0.046,0.1575,0.42675,0.3605,4,5
1417,0.229,0.366,0.28275,0.105,0.01725,2,2
1418,0.1895,0.364,0.30175,0.1195,0.02525,2,2
1419,0.08025,0.24425,0.35275,0.24825,0.0745,3,3
1420,0.2255,0.3795,0.27675,0.102,0.01625,2,3
1421,0.014,0.0525,0.187,0.429,0.3175,4,5
1422,0.01225,0.0415,0.15775,0.42225,0.36625,4,4
1423,0.0935,0.2655,0.36975,0.21525,0.056,3,4
1424,0.24025,0.3715,0.2705,0.0985,0.01925,2,1
1425,0.0095,0.04375,0.14925,0.423,0.3745,4,1
1426,0.10375,0.25775,0.36875,0.2145,0.05525,3,4
1427,0.00575,0.02275,0.09,0.3525,0.529,5,5
1428,0.194,0.37075,0.298,0.114,0.02325,2,4
1429,0.20025,0.35275,0.31325,0.10925,0.0245,2,2
1430,0.0105,0.03975,0.1655,0.43725,0.347,4,4
1431,0.201,0.36325,0.29925,0.1175,0.019,2,2
1432,0.068,0.211,0.3645,0.28,0.0765,3,4
1433,0.08,0.2455,0.37625,0.2325,0.06575,3,2
1434,0.12675,0.30425,0.36075,0.17275,0.0355,3,3
1435,0.07025,0.2015,0.35825,0.2925,0.0775,3,2
1436,0.06775,0.20475,0.3595,0.2865,0.0815,3,4
1437,0.07775,0.23775,0.3655,0.2575,0.0615,3,4
1438,0.00975,0.0465,0.15075,0.41575,0.37725,4,5
1439,0.00925,0.044,0.14975,0.42875,0.36825,4,4
1440,0.319,0.391,0.20575,0.06925,0.015,2,2
1441,0.009,0.04325,0.1595,0.4325,0.35575,4,2
1442,0.01375,0.05225,0.187,0.42925,0.31775,4,3
1443,0.0135,0.06,0.21025,0.42,0.29625,4,4
1444,0.228,0.38175,0.27125,0.1005,0.0185,2,2
1445,0.01025,0.059,0.18075,0.44375,0.30625,4,5
1446,0.00225,0.012,0.05725,0.2615,0.667,5,5
1447,0.21425,0.3525,0.29725,0.11,0.026,2,3
1448,0.01175,0.05375,0.18125,0.42325,0.33,4,4
1449,0.0805,0.23125,0.3715,0.25225,0.0645,3,2
1450,0.1305,0.31775,0.33975,0.174,0.038,3,3
1451,0.25175,0.376,0.26425,0.08525,0.02275,2,1
1452,0.0635,0.2105,0.3715,0.277,0.0775,3,4
1453,0.30425,0.4005,0.2075,0.07175,0.016,2,2
1454,0.00575,0.02625,0.09925,0.3635,0.50525,5,3
1455,0.31575,0.3905,0.2145,0.06925,0.01,2,2
1456,0.06525,0.20875,0.364,0.28825,0.07375,3,4
1457,0.00425,0.0235,0.109,0.35525,0.508,5,4
1458,0.21825,0.383,0.27525,0.1,0.0235,2,3
1459,0.1885,0.3645,0.304,0.118,0.025,2,2
1460,0.2485,0.3745,0.26675,0.093,0.01725,2,3
1461,0.0045,0.02425,0.096,0.35475,0.5205,5,4
1462,0.07075,0.20075,0.36675,0.28075,0.081,3,3
1463,0.089,0.23675,0.36525,0.24325,0.06575,3,3
1464,0.013,0.0525,0.18775,0.42475,0.322,4,3
1465,0.00775,0.021,0.097,0.351,0.52325,5,5
1466,0.0125,0.04625,0.16625,0.42975,0.34525,4,4
1467,0.06525,0.19375,0.36375,0.29475,0.0825,3,4
1468,0.01,0.055,0.174,0.43525,0.32575,4,5
1469,0.0045,0.021,0.106,0.3655,0.503,5,5
1470,0.0845,0.22875,0.3795,0.23825,0.069,3,3
1471,0.137,0.30425,0.3395,0.1735,0.04575,3,1
1472,0.012,0.04575,0.15125,0.43,0.361,4,4
1473,0.014,0.04825,0.1865,0.44175,0.3095,4,5
1474,0.1235,0.31075,0.34725,0.179,0.0395,3,4
1475,0.203,0.3515,0.30475,0.116,0.02475,2,2
1476,0.065,0.203,0.36325,0.28675,0.082,3,4
1477,0.09825,0.27425,0.349,0.22125,0.05725,3,3
1478,0.074,0.2075,0.381,0.26425,0.07325,3,4
1479,0.08375,0.2335,0.3665,0.253,0.06325,3,4
1480,0.0765,0.23925,0.38575,0.236,0.0625,3,2
1481,0.07,0.21275,0.358,0.28025,0.079,3,4
1482,0.33575,0.38225,0.19975,0.069,0.01325,2,3
1483,0.1025,0.2595,0.3665,0.2225,0.049,3,3
1484,0.013,0.05125,0.17975,0.4315,0.3245,4,3
1485,0.2365,0.40375,0.2565,0.08425,0.019,2,3
1486,0.00575,0.02575,0.103,0.3405,0.525,5,3
1487,0.06825,0.22025,0.3505,0.2825,0.0785,3,3
1488,0.003,0.019,0.097,0.353,0.528,5,5
1489,0.073,0.2045,0.36625,0.278,0.07825,3,5
1490,0.01575,0.0595,0.21525,0.4405,0.269,4,2
1491,0.007,0.02425,0.09875,0.3535,0.5165,5,4
1492,0.2505,0.394,0.24775,0.088,0.01975,2,2
1493,0.00975,0.04125,0.16225,0.419,0.36775,4,4
1494,0.00175,0.01,0.05225,0.25225,0.68375,5,5
1495,0.01275,0.0485,0.1715,0.4185,0.34875,4,3
1496,0.0135,0.06375,0.214,0.43675,0.272,4,4
1497,0.07175,0.20125,0.36275,0.2815,0.08275,3,3
1498,0.0685,0.1925,0.374,0.284,0.081,3,3
1499,0.004,0.024,0.0955,0.35475,0.52175,5,5
1500,0.0685,0.19925,0.3775,0.27675,0.078,3,2
1501,0.07125,0.24375,0.36825,0.246,0.07075,3,3
1502,0.00675,0.0225,0.094,0.3565,0.52025,5,5
1503,0.0135,0.0515,0.1845,0.43375,0.31675,4,5
1504,0.00475,0.02025,0.0995,0.348,0.5275,5,4
1505,0.00175,0.00975,0.059,0.25275,0.67675,5,5
1506,0.0055,0.02325,0.0985,0.35775,0.515,5,4
1507,0.06125,0.19925,0.37325,0.28825,0.078,3,4
1508,0.08925,0.2265,0.37475,0.2445,0.065,3,4
1509,0.31775,0.393,0.20925,0.065,0.015,2,1
1510,0.06825,0.2065,0.371,0.2805,0.07375,3,4
1511,0.259,0.38075,0.25275,0.089,0.0185,2,1
1512,0.01175,0.04925,0.18725,0.43875,0.313,4,3
1513,0.064,0.20525,0.36875,0.27825,0.08375,3,4
1514,0.082,0.24375,0.35975,0.24775,0.06675,3,3
1515,0.05975,0.209,0.36625,0.284,0.081,3,3
1516,0.06925,0.20125,0.36925,0.27975,0.0805,3,1
1517,0.09175,0.258,0.37,0.228,0.05225,3,3
1518,0.00675,0.0245,0.09925,0.36675,0.50275,5,5
1519,0.23,0.37625,0.26575,0.10975,0.01825,2,3
1520,0.06625,0.20975,0.35925,0.28025,0.0845,3,4
1521,0.0695,0.207,0.371,0.2815,0.071,3,3
1522,0.0045,0.022,0.0915,0.36075,0.52125,5,5
1523,0.0735,0.20675,0.3665,0.27525,0.078,3,4
1524,0.015,0.06175,0.20575,0.4335,0.284,4,5
1525,0.20075,0.37325,0.29275,0.1065,0.02675,2,3
1526,0.01075,0.042,0.164,0.42425,0.359,4,3
1527,0.01175,0.04575,0.16825,0.42125,0.353,4,4
1528,0.06775,0.2125,0.36875,0.27375,0.07725,3,3
1529,0.0655,0.20475,0.358,0.291,0.08075,3,2
1530,0.0035,0.02525,0.101,0.35925,0.511,5,4
1531,0.3285,0.37675,0.21575,0.06625,0.01275,2,4
1532,0.00325,0.0135,0.05925,0.24325,0.68075,5,5
1533,0.2285,0.36975,0.28,0.1055,0.01625,2,2
1534,0.32975,0.3855,0.2025,0.06725,0.015,2,3
1535,0.25425,0.382,0.25025,0.0965,0.017,2,4
1536,0.01175,0.044,0.1595,0.426,0.35875,4,4
1537,0.06625,0.20075,0.3715,0.28775,0.07375,3,3
1538,0.12725,0.32025,0.35175,0.1625,0.03825,3,3
1539,0.07,0.20825,0.37525,0.2715,0.075,3,4
1540,0.2005,0.365,0.292,0.1145,0.028,2,3
1541,0.0115,0.03625,0.1685,0.4195,0.36425,4,2
1542,0.09775,0.2565,0.366,0.2275,0.05225,3,3
1543,0.31525,0.39225,0.20875,0.07225,0.0115,2,4
1544,0.06275,0.2095,0.375,0.274,0.07875,3,3
1545,0.063,0.213,0.3675,0.28175,0.07475,3,3
1546,0.0675,0.21075,0.378,0.2715,0.07225,3,3
1547,0.08125,0.23175,0.365,0.25475,0.06725,3,3
1548,0.067,0.20175,0.3735,0.27775,0.08,3,4
1549,0.0955,0.2605,0.36875,0.228,0.04725,3,2
1550,0.0665,0.1995,0.3705,0.2805,0.083,3,2
1551,0.316,0.3865,0.2175,0.0705,0.0095,2,1
1552,0.0685,0.21375,0.3645,0.26925,0.084,3,2
1553,0.01075,0.04625,0.1745,0.412,0.3565,4,5
1554,0.13775,0.301,0.3435,0.17575,0.042,3,2
1555,0.09725,0.25875,0.37275,0.2215,0.04975,3,3
1556,0.00175,0.01,0.05025,0.26275,0.67525,5,5
1557,0.19175,0.3735,0.2965,0.1185,0.01975,2,1
1558,0.0785,0.23675,0.37425,0.2475,0.063,3,5
1559,0.00775,0.0195,0.089,0.36075,0.523,5,5
1560,0.01125,0.0525,0.1795,0.4385,0.31825,4,4
1561,0.138,0.2915,0.3515,0.18075,0.03825,3,4
1562,0.32025,0.38825,0.2135,0.06625,0.01175,2,1
1563,0.23675,0.35625,0.28025,0.10675,0.02,2,4
1564,0.06475,0.2125,0.3695,0.2735,0.07975,3,3
1565,0.214,0.37025,0.286,0.10675,0.023,2,2
1566,0.0935,0.26,0.3795,0.21325,0.05375,3,3
1567,0.01175,0.044,0.15675,0.4285,0.359,4,5
1568,0.00175,0.0135,0.0445,0.2555,0.68475,5,4
1569,0.19575,0.37125,0.292,0.118,0.023,2,3
1570,0.321,0.37625,0.2155,0.074,0.01325,2,3
1571,0.015,0.05725,0.217,0.424,0.28675,4,2
1572,0.01475,0.06275,0.21175,0.435,0.27575,4,5
1573,0.00975,0.03925,0.163,0.44625,0.34175,4,4
1574,0.0925,0.26925,0.36375,0.219,0.0555,3,4
1575,0.06675,0.20825,0.37225,0.27525,0.0775,3,2
1576,0.23875,0.38275,0.268,0.08825,0.02225,2,1
1577,0.068,0.21225,0.36225,0.2765,0.081,3,3
1578,0.06675,0.20475,0.36925,0.27325,0.086,3,2
1579,0.22225,0.3825,0.27125,0.10225,0.02175,2,1
1580,0.0115,0.04075,0.15725,0.42175,0.36875,4,3
1581,0.06975,0.19625,0.36725,0.288,0.07875,3,4
1582,0.00225,0.0235,0.0865,0.3585,0.52925,5,3
1583,0.3095,0.40425,0.2105,0.066,0.00975,2,1
1584,0.00825,0.03875,0.16175,0.43175,0.3595,4,4
1585,0.0175,0.06375,0.204,0.45425,0.2605,4,4
1586,0.07075,0.212,0.36275,0.27875,0.07575,3,3
1587,0.23075,0.36475,0.2715,0.1095,0.0235,2,3
1588,0.063,0.198,0.3715,0.2855,0.082,3,4
1589,0.01525,0.06725,0.19675,0.441,0.27975,4,4
1590,0.01275,0.05575,0.176,0.43925,0.31625,4,3
1591,0.0675,0.20725,0.36675,0.27625,0.08225,3,5
1592,0.06775,0.19525,0.36525,0.29125,0.0805,3,2
1593,0.01275,0.0385,0.15675,0.417,0.375,4,5
1594,0.32225,0.39675,0.2095,0.06075,0.01075,2,2
1595,0.015,0.05475,0.18875,0.42875,0.31275,4,1
1596,0.31775,0.39325,0.2075,0.0675,0.014,2,1
1597,0.06425,0.19925,0.37725,0.2755,0.08375,3,4
1598,0.003,0.0115,0.05775,0.25675,0.671,5,5
1599,0.20275,0.36,0.304,0.10825,0.025,2,2
1600,0.203,0.363,0.29575,0.1115,0.02675,2,2
1601,0.1245,0.31,0.352,0.175,0.0385,3,3
1602,0.00525,0.02375,0.1005,0.34575,0.52475,5,4
1603,0.0675,0.19775,0.3635,0.293,0.07825,3,3
1604,0.187,0.35225,0.3095,0.12475,0.0265,2,2
1605,0.22475,0.3725,0.28,0.1015,0.02125,2,2
1606,0.01475,0.06175,0.2095,0.44125,0.27275,4,5
1607,0.01025,0.04375,0.168,0.429,0.349,4,4
1608,0.1025,0.25925,0.37975,0.20425,0.05425,3,2
1609,0.13375,0.30025,0.35275,0.17575,0.0375,3,4
1610,0.0685,0.20725,0.378,0.267,0.07925,3,5
1611,0.081,0.23325,0.376,0.24675,0.063,3,3
1612,0.241,0.382,0.25975,0.094,0.02325,2,1
1613,0.06575,0.207,0.368,0.27625,0.083,3,2
1614,0.22275,0.378,0.28525,0.09325,0.02075,2,1
1615,0.069,0.243,0.38775,0.238,0.06225,3,3
1616,0.0085,0.03775,0.162,0.421,0.37075,4,4
1617,0.01375,0.052,0.1775,0.45075,0.306,4,4
1618,0.24025,0.39525,0.26125,0.08175,0.0215,2,3
1619,0.0945,0.25525,0.37,0.22625,0.054,3,3
1620,0.2485,0.38,0.25875,0.09325,0.0195,2,1
1621,0.23775,0.38375,0.268,0.0915,0.019,2,2
1622,0.32025,0.39525,0.208,0.06775,0.00875,2,1
1623,0.07075,0.19425,0.385,0.277,0.073,3,4
1624,0.06475,0.20025,0.3755,0.2835,0.076,3,4
1625,0.06475,0.21875,0.36875,0.27275,0.075,3,3
1626,0.083,0.239,0.37325,0.238,0.06675,3,5
1627,0.0755,0.23725,0.36775,0.251,0.0685,3,2
1628,0.068,0.19925,0.35875,0.29675,0.07725,3,4
1629,0.12675,0.31875,0.35,0.16925,0.03525,3,2
1630,0.00525,0.0185,0.096,0.36875,0.5115,5,3
1631,0.07025,0.204,0.3675,0.27575,0.0825,3,3
1632,0.1915,0.366,0.2975,0.118,0.027,2,3
1633,0.01225,0.051,0.196,0.428,0.31275,4,5
1634,0.126,0.29725,0.3645,0.17275,0.0395,3,3
1635,0.01025,0.04925,0.1585,0.40425,0.37775,4,5
1636,0.00925,0.038,0.1595,0.4355,0.35775,4,5
1637,0.0035,0.0255,0.0975,0.336,0.5375,5,4
1638,0.09875,0.25475,0.3705,0.2175,0.0585,3,4
1639,0.005,0.0215,0.09975,0.35225,0.5215,5,4
1640,0.1985,0.36725,0.29575,0.112,0.0265,2,3
1641,0.06475,0.2105,0.3685,0.27325,0.083,3,2
1642,0.2505,0.3865,0.25425,0.09075,0.018,2,2
1643,0.1275,0.30525,0.3515,0.17675,0.039,3,5
1644,0.017,0.06175,0.2135,0.4205,0.28725,4,4
1645,0.0695,0.19775,0.3735,0.2695,0.08975,3,2
1646,0.008,0.0215,0.09875,0.355,0.51675,5,4
1647,0.2395,0.39725,0.2565,0.08575,0.021,2,4
1648,0.007,0.01975,0.095,0.354,0.52425,5,3
1649,0.066,0.2035,0.37075,0.27875,0.081,3,3
1650,0.00725,0.0205,0.10375,0.36575,0.50275,5,4
1651,0.01175,0.05675,0.17975,0.42875,0.323,4,5
1652,0.0125,0.053,0.1875,0.427,0.32,4,5
1653,0.004,0.016,0.05675,0.258,0.66525,5,5
1654,0.015,0.06475,0.2055,0.43225,0.2825,4,4
1655,0.007,0.022,0.09725,0.35625,0.5175,5,5
1656,0.2445,0.37625,0.2675,0.0925,0.01925,2,2
1657,0.192,0.369,0.29825,0.11525,0.0255,2,1
1658,0.12925,0.31075,0.34525,0.17075,0.044,3,4
1659,0.01,0.048,0.163,0.41825,0.36075,4,4
1660,0.00925,0.038,0.15975,0.418,0.375,4,3
1661,0.21775,0.3915,0.27175,0.095,0.024,2,2
1662,0.005,0.0225,0.1025,0.3565,0.5135,5,4
1663,0.067,0.2115,0.362,0.278,0.0815,3,2
1664,0.12575,0.30675,0.3545,0.172,0.041,3,2
1665,0.00325,0.014,0.061,0.25275,0.669,5,5
1666,0.187,0.3595,0.307,0.12225,0.02425,2,1
1667,0.06925,0.2005,0.37025,0.283,0.077,3,3
1668,0.0625,0.21475,0.36675,0.27925,0.07675,3,2
1669,0.01175,0.04275,0.16325,0.428,0.35425,4,5
1670,0.2375,0.377,0.2715,0.09175,0.02225,2,2
1671,0.08925,0.231,0.37275,0.2465,0.0605,3,4
1672,0.24825,0.38175,0.2585,0.09175,0.01975,2,1
1673,0.32825,0.379,0.216,0.0635,0.01325,2,3
1674,0.12575,0.31425,0.34625,0.17425,0.0395,3,3
1675,0.014,0.0495,0.17925,0.4345,0.32275,4,2
1676,0.068,0.21025,0.36725,0.281,0.0735,3,2
1677,0.20025,0.354,0.309,0.11225,0.0245,2,3
1678,0.01,0.04875,0.15075,0.42975,0.36075,4,3
1679,0.13425,0.30825,0.3335,0.175,0.049,3,3
1680,0.195,0.364,0.299,0.119,0.023,2,4
1681,0.00475,0.02575,0.09925,0.3485,0.52175,5,4
1682,0.00575,0.02175,0.08925,0.35925,0.524,5,5
1683,0.015,0.0585,0.21175,0.44525,0.2695,4,5
1684,0.081,0.2335,0.36225,0.24975,0.0735,3,2
1685,0.09875,0.2615,0.3605,0.22275,0.0565,3,2
1686,0.18975,0.36675,0.30475,0.1095,0.02925,2,3
1687,0.06425,0.2115,0.36625,0.27625,0.08175,3,2
1688,0.0065,0.0225,0.0995,0.36175,0.50975,5,4
1689,0.08225,0.23225,0.3725,0.24,0.073,3,2
1690,0.2515,0.3745,0.25975,0.09475,0.0195,2,3
1691,0.0025,0.0135,0.05925,0.25325,0.6715,5,4
1692,0.213,0.37675,0.2895,0.09775,0.023,2,1
1693,0.09775,0.25825,0.37525,0.20925,0.0595,3,3
1694,0.132,0.312,0.352,0.16275,0.04125,3,2
1695,0.06525,0.20025,0.37875,0.27425,0.0815,3,4
1696,0.01,0.043,0.161,0.43375,0.35225,4,4
1697,0.18925,0.36525,0.314,0.107,0.0245,2,1
1698,0.01425,0.056,0.18025,0.4375,0.312,4,4
1699,0.0045,0.0205,0.09875,0.36075,0.5155,5,2
1700,0.24575,0.37925,0.258,0.0995,0.0175,2,2
1701,0.00575,0.0255,0.09125,0.366,0.5115,5,5
1702,0.09725,0.25825,0.38025,0.2115,0.05275,3,4
1703,0.1245,0.32925,0.33475,0.17325,0.03825,3,2
1704,0.0715,0.2,0.36225,0.28575,0.0805,3,4
1705,0.004,0.02575,0.09775,0.34725,0.52525,5,5
1706,0.0965,0.2705,0.36925,0.2135,0.05025,3,3
1707,0.00525,0.02325,0.10225,0.35525,0.514,5,5
1708,0.06275,0.21,0.3675,0.2795,0.08025,3,2
1709,0.015,0.051,0.1935,0.43925,0.30125,4,5
1710,0.1935,0.36475,0.30025,0.116,0.0255,2,2
1711,0.06225,0.201,0.37525,0.276,0.0855,3,3
1712,0.32475,0.38125,0.20725,0.076,0.01075,2,1
1713,0.00325,0.01025,0.058,0.25675,0.67175,5,5
1714,0.003,0.0135,0.05175,0.256,0.67575,5,5
1715,0.06975,0.19025,0.371,0.28525,0.08375,3,3
1716,0.0045,0.022,0.08225,0.3485,0.54275,5,5
1717,0.06175,0.2005,0.3885,0.2675,0.08175,3,3
1718,0.0715,0.21125,0.365,0.27725,0.075,3,2
1719,0.2565,0.37125,0.26525,0.08875,0.01825,2,3
1720,0.23075,0.368,0.28725,0.09725,0.01675,2,2
1721,0.013,0.04875,0.1775,0.44475,0.316,4,5
1722,0.0855,0.23125,0.36575,0.252,0.0655,3,2
1723,0.06325,0.2035,0.366,0.2825,0.08475,3,4
1724,0.1035,0.26725,0.3455,0.22575,0.058,3,2
1725,0.31975,0.38875,0.2075,0.0715,0.0125,2,2
1726,0.004,0.0115,0.05225,0.25525,0.677,5,4
1727,0.00425,0.01525,0.05525,0.24625,0.679,5,4
1728,0.23475,0.3645,0.274,0.1035,0.02325,2,2
1729,0.006,0.02275,0.09775,0.3545,0.519,5,5
1730,0.2225,0.3715,0.28625,0.0995,0.02025,2,1
1731,0.007,0.0265,0.0915,0.34625,0.52875,5,5
1732,0.0645,0.21,0.3585,0.2835,0.0835,3,2
1733,0.1265,0.31075,0.3525,0.17,0.04025,3,4
1734,0.068,0.20075,0.378,0.2805,0.07275,3,5
1735,0.0135,0.04025,0.165,0.4285,0.35275,4,5
1736,0.0145,0.0575,0.21025,0.448,0.26975,4,3
1737,0.006,0.02575,0.1035,0.35975,0.505,5,3
1738,0.22225,0.37325,0.277,0.10525,0.02225,2,1
1739,0.01175,0.05375,0.181,0.4505,0.303,4,5
1740,0.24525,0.37425,0.27325,0.08925,0.018,2,2
1741,0.01025,0.046,0.18725,0.43925,0.31725,4,4
1742,0.13525,0.31075,0.33075,0.177,0.04625,3,2
1743,0.00275,0.01325,0.0515,0.257,0.6755,5,5
1744,0.197,0.362,0.29875,0.1165,0.02575,2,4
1745,0.01575,0.06,0.2215,0.428,0.27475,4,4
1746,0.013,0.039,0.1555,0.41575,0.37675,4,4
1747,0.2235,0.374,0.27775,0.10075,0.024,2,3
1748,0.005,0.02525,0.0905,0.352,0.52725,5,4
1749,0.07725,0.197,0.3745,0.2705,0.08075,3,4
1750,0.19475,0.3625,0.29775,0.11875,0.02625,2,1
1751,0.0105,0.045,0.1575,0.42025,0.36675,4,4
1752,0.11025,0.25925,0.363,0.2065,0.061,3,3
1753,0.0065,0.02025,0.09425,0.33625,0.54275,5,4
1754,0.069,0.19875,0.37375,0.27975,0.07875,3,4
1755,0.00925,0.0425,0.156,0.42675,0.3655,4,5
1756,0.201,0.3955,0.282,0.10275,0.01875,2,2
1757,0.2005,0.34325,0.31575,0.1155,0.025,2,2
1758,0.2465,0.37925,0.26725,0.08775,0.01925,2,1
1759,0.012,0.0615,0.21175,0.4275,0.28725,4,5
1760,0.015,0.058,0.2085,0.443,0.2755,4,4
1761,0.01675,0.04925,0.17675,0.427,0.33025,4,5
1762,0.08775,0.22875,0.35425,0.263,0.06625,3,1
1763,0.0685,0.203,0.37375,0.2725,0.08225,3,3
1764,0.0105,0.04275,0.16175,0.42975,0.35525,4,5
1765,0.07175,0.20925,0.3555,0.2875,0.076,3,4
1766,0.33075,0.38775,0.204,0.06125,0.01625,2,2
1767,0.06875,0.205,0.381,0.2685,0.07675,3,3
1768,0.0065,0.0245,0.0925,0.35425,0.52225,5,5
1769,0.0055,0.02125,0.09125,0.34025,0.54175,5,5
1770,0.0635,0.19775,0.37625,0.2835,0.079,3,4
1771,0.0025,0.012,0.0535,0.26175,0.67025,5,5
1772,0.22425,0.382,0.27875,0.0965,0.0185,2,5
1773,0.01175,0.042,0.1555,0.42975,0.361,4,1
1774,0.073,0.2075,0.37175,0.273,0.07475,3,4
1775,0.00575,0.02525,0.09725,0.37375,0.498,5,5
1776,0.31175,0.39675,0.21225,0.06625,0.013,2,2
1777,0.011,0.03525,0.15825,0.422,0.3735,4,4
1778,0.13675,0.30175,0.35,0.17125,0.04025,3,1
1779,0.005,0.023,0.1005,0.3495,0.522,5,5
1780,0.00125,0.01475,0.05525,0.25375,0.675,5,5
1781,0.01075,0.0425,0.15925,0.41,0.3775,4,3
1782,0.063,0.22325,0.3645,0.27575,0.0735,3,2
1783,0.06725,0.2145,0.36825,0.2705,0.0795,3,3
1784,0.21575,0.385,0.27375,0.10675,0.01875,2,2
1785,0.06625,0.20225,0.3625,0.27775,0.09125,3,3
1786,0.22675,0.37475,0.27175,0.10175,0.025,2,4
1787,0.24,0.39375,0.2585,0.088,0.01975,2,3
1788,0.06625,0.19825,0.375,0.28525,0.07525,3,4
1789,0.0025,0.0145,0.05325,0.25575,0.674,5,5
1790,0.08475,0.23125,0.3825,0.23975,0.06175,3,5
1791,0.006,0.02275,0.09025,0.339,0.542,5,4
1792,0.3045,0.38975,0.22425,0.0685,0.013,2,1
1793,0.2455,0.38275,0.263,0.09425,0.0145,2,2
1794,0.0155,0.0565,0.2075,0.43375,0.28675,4,3
1795,0.06875,0.20575,0.37175,0.28225,0.0715,3,4
1796,0.22975,0.39275,0.27725,0.08425,0.016,2,3
1797,0.01,0.04375,0.1505,0.4265,0.36925,4,4
1798,0.09325,0.2605,0.37275,0.223,0.0505,3,2
1799,0.09575,0.2645,0.36625,0.2155,0.058,3,5
1800,0.08225,0.236,0.3725,0.24325,0.066,3,3
1801,0.005,0.027,0.09575,0.34925,0.523,5,5
1802,0.201,0.34825,0.317,0.1105,0.02325,2,4
1803,0.08475,0.2395,0.37325,0.23675,0.06575,3,3
1804,0.05925,0.20025,0.377,0.2805,0.083,3,2
1805,0.01075,0.04725,0.15525,0.4305,0.35625,4,5
1806,0.0705,0.20275,0.37475,0.275,0.077,3,3
1807,0.0045,0.01275,0.0545,0.26125,0.667,5,5
1808,0.00575,0.02525,0.0945,0.35375,0.52075,5,5
1809,0.0915,0.26825,0.3705,0.216,0.05375,3,3
1810,0.0045,0.028,0.09675,0.335,0.53575,5,5
1811,0.01575,0.06375,0.20475,0.44175,0.274,4,3
1812,0.1275,0.3045,0.36125,0.17025,0.0365,3,3
1813,0.066,0.21025,0.35875,0.28975,0.07525,3,3
1814,0.0035,0.014,0.05675,0.27225,0.6535,5,5
1815,0.0165,0.059,0.20325,0.44275,0.2785,4,5
1816,0.23875,0.38225,0.26425,0.093,0.02175,2,2
1817,0.071,0.21175,0.37475,0.25975,0.08275,3,4
1818,0.1305,0.29075,0.3615,0.1765,0.04075,3,2
1819,0.00425,0.02625,0.09325,0.365,0.51125,5,4
1820,0.082,0.236,0.3615,0.24825,0.07225,3,3
1821,0.1815,0.366,0.29825,0.1255,0.02875,2,1
1822,0.07625,0.248,0.35375,0.253,0.069,3,4
1823,0.0675,0.21075,0.3565,0.2865,0.07875,3,4
1824,0.00275,0.012,0.04925,0.2455,0.6905,5,5
1825,0.014,0.04725,0.15025,0.42325,0.36525,4,5
1826,0.06625,0.208,0.374,0.2695,0.08225,3,4
1827,0.0145,0.05175,0.1905,0.42825,0.315,4,4
1828,0.13625,0.3005,0.349,0.169,0.04525,3,3
1829,0.313,0.3995,0.20725,0.065,0.01525,2,1
1830,0.06275,0.20125,0.3785,0.2725,0.085,3,4
1831,0.07525,0.24175,0.371,0.2515,0.0605,3,4
1832,0.01425,0.057,0.1845,0.433,0.31125,4,4
1833,0.01025,0.0435,0.14675,0.42825,0.37125,4,5
1834,0.015,0.03775,0.154,0.42875,0.3645,4,4
1835,0.0665,0.21025,0.374,0.28325,0.066,3,2
1836,0.01075,0.04,0.15775,0.432,0.3595,4,4
1837,0.0745,0.21,0.37725,0.2665,0.07175,3,3
1838,0.01425,0.0585,0.18375,0.43125,0.31225,4,4
1839,0.06225,0.20225,0.3655,0.28275,0.08725,3,3
1840,0.01425,0.06525,0.21275,0.42375,0.284,4,3
1841,0.224,0.384,0.2715,0.0985,0.022,2,2
1842,0.01475,0.0515,0.198,0.4245,0.31125,4,4
1843,0.3255,0.3895,0.21175,0.059,0.01425,2,5
1844,0.1925,0.368,0.296,0.11975,0.02375,2,2
1845,0.01,0.03875,0.15625,0.42425,0.37075,4,4
1846,0.003,0.01125,0.04925,0.2535,0.683,5,5
1847,0.00525,0.02375,0.103,0.35925,0.50875,5,3
1848,0.01375,0.05675,0.17,0.433,0.3265,4,4
1849,0.06525,0.18975,0.37925,0.28975,0.076,3,3
1850,0.20775,0.36225,0.2845,0.123,0.0225,2,3
1851,0.00475,0.01525,0.055,0.24925,0.67575,5,5
1852,0.20075,0.3595,0.295,0.12175,0.023,2,2
1853,0.1265,0.318,0.3385,0.17825,0.03875,3,3
1854,0.01025,0.04325,0.1545,0.42825,0.36375,4,4
1855,0.011,0.041,0.164,0.41975,0.36425,4,5
1856,0.236,0.37525,0.265,0.10425,0.0195,2,5
1857,0.00575,0.029,0.103,0.3605,0.50175,5,5
1858,0.00325,0.01025,0.0525,0.2535,0.6805,5,5
1859,0.2145,0.3885,0.28075,0.096,0.02025,2,2
1860,0.005,0.01775,0.086,0.3485,0.54275,5,3
1861,0.2375,0.379,0.27125,0.09325,0.019,2,3
1862,0.00875,0.043,0.16575,0.42025,0.36225,4,5
1863,0.0605,0.19625,0.3865,0.273,0.08375,3,5
1864,0.1225,0.3125,0.355,0.174,0.036,3,3
1865,0.0145,0.05825,0.1855,0.4345,0.30725,4,4
1866,0.01175,0.0445,0.157,0.42675,0.36,4,5
1867,0.064,0.197,0.3775,0.2855,0.076,3,4
1868,0.24475,0.3845,0.256,0.094,0.02075,2,5
1869,0.009,0.02075,0.09825,0.34875,0.52325,5,4
1870,0.0945,0.26825,0.36875,0.2185,0.05,3,4
1871,0.00475,0.0195,0.09925,0.37275,0.50375,5,5
1872,0.01225,0.045,0.1585,0.42425,0.36,4,4
1873,0.24425,0.40475,0.245,0.0885,0.0175,2,1
1874,0.06975,0.21125,0.363,0.26825,0.08775,3,4
1875,0.0675,0.20775,0.35925,0.285,0.0805,3,3
1876,0.07925,0.2245,0.37375,0.25125,0.07125,3,3
1877,0.005,0.027,0.10125,0.35325,0.5135,5,4
1878,0.0165,0.06025,0.2155,0.434,0.27375,4,4
1879,0.01575,0.051,0.1925,0.43275,0.308,4,3
1880,0.258,0.379,0.24925,0.09425,0.0195,2,1
1881,0.204,0.357,0.29575,0.1235,0.01975,2,2
1882,0.2145,0.382,0.27825,0.104,0.02125,2,1
1883,0.0025,0.0115,0.0515,0.24825,0.68625,5,4
1884,0.1875,0.365,0.3085,0.11425,0.02475,2,2
1885,0.202,0.361,0.293,0.11125,0.03275,2,1
1886,0.0045,0.0145,0.052,0.26,0.669,5,5
1887,0.06925,0.2015,0.3615,0.2875,0.08025,3,2
1888,0.209,0.35975,0.29425,0.114,0.023,2,3
1889,0.0655,0.211,0.362,0.28,0.0815,3,3
1890,0.097,0.26,0.36175,0.2245,0.05675,3,4
1891,0.20325,0.35725,0.307,0.111,0.0215,2,2
1892,0.125,0.3215,0.34,0.17275,0.04075,3,4
1893,0.129,0.2985,0.357,0.174,0.0415,3,1
1894,0.00325,0.01225,0.05075,0.25725,0.6765,5,5
1895,0.20275,0.3565,0.297,0.11725,0.0265,2,4
1896,0.06025,0.19875,0.3835,0.2845,0.073,3,3
1897,0.249,0.3765,0.26125,0.095,0.01825,2,3
1898,0.068,0.21375,0.364,0.2745,0.07975,3,3
1899,0.08275,0.22175,0.3805,0.2465,0.0685,3,3
1900,0.09675,0.25975,0.358,0.2285,0.057,3,4
1901,0.2265,0.37225,0.282,0.10175,0.0175,2,4
1902,0.20175,0.3635,0.29125,0.11825,0.02525,2,4
1903,0.00575,0.0195,0.094,0.3575,0.52325,5,3
1904,0.0945,0.25875,0.37475,0.2245,0.0475,3,3
1905,0.0145,0.06,0.21125,0.4355,0.27875,4,3
1906,0.06875,0.2155,0.3655,0.27775,0.0725,3,4
1907,0.01025,0.044,0.16,0.4265,0.35925,4,4
1908,0.2265,0.38525,0.261,0.106,0.02125,2,4
1909,0.00825,0.04225,0.15725,0.4275,0.36475,4,5
1910,0.061,0.218,0.36175,0.27375,0.0855,3,4
1911,0.06775,0.2105,0.371,0.27625,0.0745,3,2
1912,0.01175,0.05625,0.1885,0.4265,0.317,4,2
1913,0.0125,0.04,0.15325,0.42375,0.3705,4,3
1914,0.13075,0.30125,0.3565,0.1765,0.035,3,2
1915,0.1365,0.30725,0.35525,0.1575,0.0435,3,2
1916,0.12775,0.30425,0.35225,0.1745,0.04125,3,2
1917,0.32175,0.379,0.21275,0.07625,0.01025,2,1
1918,0.01625,0.0565,0.18675,0.42975,0.31075,4,4
1919,0.10175,0.261,0.35325,0.22425,0.05975,3,1
1920,0.01675,0.06275,0.20475,0.437,0.27875,4,4
1921,0.141,0.29775,0.3435,0.18075,0.037,3,4
1922,0.06925,0.2005,0.37575,0.2745,0.08,3,3
1923,0.24975,0.37275,0.261,0.09725,0.01925,2,2
1924,0.01125,0.04025,0.1645,0.432,0.352,4,5
1925,0.0805,0.23575,0.36,0.24975,0.074,3,3
1926,0.01625,0.063,0.20475,0.43925,0.27675,4,5
1927,0.24825,0.3855,0.2545,0.09375,0.018,2,2
1928,0.07125,0.21275,0.363,0.27425,0.07875,3,3
1929,0.0665,0.216,0.36375,0.27425,0.0795,3,3
1930,0.19125,0.36375,0.30525,0.11475,0.025,2,2
1931,0.22425,0.37775,0.2795,0.0975,0.021,2,4
1932,0.228,0.3765,0.278,0.0975,0.02,2,4
1933,0.0105,0.0425,0.15375,0.42175,0.3715,4,4
1934,0.00475,0.01875,0.0985,0.34625,0.53175,5,5
1935,0.06825,0.2065,0.37075,0.27725,0.07725,3,3
1936,0.011,0.03875,0.1655,0.43475,0.35,4,4
1937,0.0025,0.0115,0.052,0.245,0.689,5,5
1938,0.002,0.0095,0.059,0.248,0.6815,5,5
1939,0.22225,0.3845,0.2735,0.09725,0.0225,2,3
1940,0.0125,0.05575,0.18275,0.43275,0.31625,4,5
1941,0.06575,0.2095,0.36325,0.27575,0.08575,3,4
1942,0.01225,0.03975,0.16125,0.41625,0.3705,4,4
1943,0.01725,0.0675,0.2075,0.42825,0.2795,4,4
1944,0.06775,0.20275,0.3685,0.28775,0.07325,3,2
1945,0.067,0.2315,0.3595,0.26975,0.07225,3,4
1946,0.06725,0.19975,0.37125,0.28575,0.076,3,3
1947,0.13425,0.32275,0.342,0.16275,0.03825,3,4
1948,0.0055,0.02225,0.09675,0.364,0.5115,5,4
1949,0.1,0.253,0.37625,0.21175,0.059,3,4
1950,0.00425,0.026,0.09775,0.35525,0.51675,5,5
1951,0.19475,0.3675,0.29925,0.11925,0.01925,2,2
1952,0.2005,0.34725,0.29975,0.1285,0.024,2,2
1953,0.0025,0.01175,0.05325,0.2515,0.681,5,5
1954,0.07,0.21525,0.358,0.27225,0.0845,3,3
1955,0.00375,0.02425,0.09825,0.3665,0.50725,5,4
1956,0.136,0.31325,0.334,0.17075,0.046,3,1
1957,0.07975,0.244,0.36525,0.248,0.063,3,3
1958,0.0075,0.02025,0.092,0.35575,0.5245,5,5
1959,0.31625,0.3875,0.2175,0.0665,0.01225,2,1
1960,0.0035,0.022,0.09725,0.3515,0.52575,5,5
1961,0.09325,0.27575,0.36025,0.21825,0.0525,3,2
1962,0.0155,0.05675,0.20725,0.4385,0.282,4,5
1963,0.06675,0.204,0.36525,0.2765,0.0875,3,5
1964,0.07125,0.2095,0.3655,0.274,0.07975,3,3
1965,0.31825,0.38975,0.20925,0.06825,0.0145,2,2
1966,0.189,0.3765,0.29825,0.1125,0.02375,2,1
1967,0.00625,0.027,0.097,0.35575,0.514,5,5
1968,0.011,0.042,0.14875,0.42725,0.371,4,5
1969,0.01425,0.061,0.20575,0.43125,0.28775,4,3
1970,0.238,0.39275,0.2545,0.0985,0.01625,2,4
1971,0.0795,0.238,0.37625,0.24575,0.0605,3,2
1972,0.00325,0.01125,0.05325,0.25525,0.677,5,5
1973,0.3155,0.3985,0.21075,0.06375,0.0115,2,1
1974,0.093,0.2705,0.37675,0.211,0.04875,3,2
1975,0.0655,0.1965,0.371,0.28175,0.08525,3,2
1976,0.131,0.31825,0.343,0.17175,0.036,3,3
1977,0.1045,0.26675,0.36125,0.21575,0.05175,3,3
1978,0.00575,0.02575,0.0925,0.34675,0.52925,5,3
1979,0.00475,0.02575,0.09225,0.35275,0.5245,5,5
1980,0.00325,0.014,0.05725,0.254,0.6715,5,5
1981,0.001,0.011,0.05375,0.251,0.68325,5,5
1982,0.0135,0.04775,0.16225,0.4245,0.352,4,4
1983,0.0125,0.05275,0.18,0.4405,0.31425,4,3
1984,0.0035,0.01375,0.051,0.25425,0.6775,5,5
1985,0.07525,0.20425,0.36775,0.27575,0.077,3,3
1986,0.07825,0.2315,0.3785,0.2475,0.06425,3,2
1987,0.01125,0.05225,0.19925,0.4265,0.31075,4,5
1988,0.337,0.38575,0.20525,0.06,0.012,2,3
1989,0.00975,0.0435,0.15575,0.43025,0.36075,4,2
1990,0.098,0.26725,0.363,0.21675,0.055,3,4
1991,0.0995,0.2655,0.3675,0.21075,0.05675,3,2
1992,0.20025,0.3695,0.2975,0.11225,0.0205,2,3
1993,0.085,0.227,0.38025,0.245,0.06275,3,3
1994,0.19175,0.36725,0.296,0.12475,0.02025,2,5
1995,0.073,0.20375,0.37325,0.268,0.082,3,4
1996,0.31075,0.396,0.219,0.062,0.01225,2,3
1997,0.01675,0.064,0.21275,0.4325,0.274,4,4
1998,0.00575,0.02175,0.0935,0.358,0.521,5,5
1999,0.22675,0.3645,0.284,0.10625,0.0185,2,1
2000,0.0095,0.04575,0.14925,0.4165,0.379,4,5
2001,0.003,0.0095,0.05075,0.248,0.68875,5,5
2002,0.00425,0.0105,0.04975,0.25875,0.67675,5,5
2003,0.10025,0.2625,0.373,0.2125,0.05175,3,2
2004,0.08875,0.2605,0.36675,0.2295,0.0545,3,2
2005,0.069,0.2205,0.3665,0.26625,0.07775,3,4
2006,0.06475,0.19675,0.39,0.26775,0.08075,3,2
2007,0.0635,0.203,0.36925,0.28425,0.08,3,4
2008,0.06475,0.2175,0.368,0.26875,0.081,3,3
2009,0.006,0.02425,0.09925,0.373,0.4975,5,4
2010,0.003,0.01125,0.055,0.25325,0.6775,5,5
2011,0.01475,0.061,0.215,0.4315,0.27775,4,5
2012,0.0115,0.04725,0.15775,0.4025,0.381,4,5
2013,0.10725,0.257,0.375,0.20475,0.056,3,2
2014,0.22625,0.3745,0.27925,0.101,0.019,2,4
2015,0.06875,0.20175,0.35025,0.297,0.08225,3,3
2016,0.06325,0.1985,0.39175,0.26625,0.08025,3,3
2017,0.06325,0.19375,0.37225,0.287,0.08375,3,3
2018,0.07675,0.198,0.374,0.27175,0.0795,3,4
2019,0.06625,0.21175,0.366,0.27775,0.07825,3,1
2020,0.00725,0.02025,0.093,0.358,0.5215,5,5
2021,0.01275,0.04925,0.17325,0.445,0.31975,4,5
2022,0.0795,0.2005,0.3665,0.27675,0.07675,3,3
2023,0.3315,0.3835,0.2055,0.065,0.0145,2,4
2024,0.00425,0.01025,0.04975,0.263,0.67275,5,4
2025,0.01725,0.06425,0.208,0.44075,0.26975,4,2
2026,0.2425,0.3835,0.25375,0.09925,0.021,2,1
2027,0.01,0.0475,0.15725,0.41825,0.367,4,3
2028,0.1295,0.31075,0.3505,0.1725,0.03675,3,1
2029,0.01375,0.05525,0.1815,0.43625,0.31325,4,4
2030,0.073,0.2045,0.36125,0.27975,0.0815,3,2
2031,0.00575,0.028,0.09825,0.36925,0.49875,5,5
2032,0.0815,0.23675,0.37725,0.2415,0.063,3,3
2033,0.13,0.31025,0.34925,0.1675,0.043,3,4
2034,0.09625,0.256,0.36875,0.2205,0.0585,3,4
2035,0.00875,0.0415,0.163,0.42325,0.3635,4,4
2036,0.081,0.2405,0.36625,0.24325,0.069,3,3
2037,0.0055,0.0245,0.10475,0.35825,0.507,5,5
2038,0.00375,0.01175,0.055,0.25325,0.67625,5,5
2039,0.07275,0.21275,0.3725,0.2645,0.0775,3,4
2040,0.20925,0.38925,0.28225,0.09825,0.021,2,3
2041,0.064,0.21175,0.3745,0.27025,0.0795,3,3
2042,0.32275,0.383,0.21625,0.06225,0.01575,2,1
2043,0.137,0.30275,0.3425,0.177,0.04075,3,1
2044,0.0725,0.2145,0.36125,0.274,0.07775,3,3
2045,0.0755,0.238,0.37025,0.24975,0.0665,3,2
2046,0.01575,0.0615,0.21,0.44225,0.2705,4,2
2047,0.234,0.35975,0.2785,0.108,0.01975,2,2
2048,0.01275,0.04275,0.1565,0.4245,0.3635,4,5
2049,0.063,0.208,0.36375,0.28875,0.0765,3,4
2050,0.12625,0.303,0.353,0.1775,0.04025,3,4
2051,0.06375,0.213,0.36525,0.27825,0.07975,3,5
2052,0.32425,0.38275,0.2165,0.065,0.0115,2,2
2053,0.13525,0.3145,0.3415,0.1715,0.03725,3,3
2054,0.0025,0.01125,0.057,0.25225,0.677,5,5
2055,0.321,0.389,0.2075,0.07,0.0125,2,3
2056,0.007,0.02425,0.095,0.346,0.52775,5,4
2057,0.0175,0.06725,0.21,0.431,0.27425,4,4
2058,0.00575,0.02425,0.093,0.357,0.52,5,4
2059,0.223,0.3805,0.2775,0.102,0.017,2,3
2060,0.06425,0.19775,0.3705,0.2825,0.085,3,3
2061,0.00875,0.03825,0.1545,0.42525,0.37325,4,4
2062,0.00925,0.04475,0.15975,0.43175,0.3545,4,5
2063,0.0065,0.02375,0.0915,0.34875,0.5295,5,5
2064,0.08425,0.2275,0.36925,0.257,0.062,3,3
2065,0.09325,0.26775,0.38025,0.204,0.05475,3,1
2066,0.08825,0.24475,0.36725,0.2395,0.06025,3,4
2067,0.00675,0.0245,0.1015,0.3595,0.50775,5,4
2068,0.21575,0.38575,0.27075,0.1045,0.02325,2,1
2069,0.10375,0.2665,0.361,0.215,0.05375,3,3
2070,0.0835,0.22875,0.36625,0.2515,0.07,3,4
2071,0.09825,0.25875,0.384,0.20625,0.05275,3,3
2072,0.1975,0.37025,0.2895,0.12,0.02275,2,4
2073,0.008,0.04825,0.161,0.42425,0.3585,4,5
2074,0.136,0.31025,0.33725,0.17725,0.03925,3,2
2075,0.08375,0.231,0.36225,0.256,0.067,3,4
2076,0.01125,0.03475,0.16525,0.41375,0.375,4,5
2077,0.08275,0.23275,0.37525,0.249,0.06025,3,3
2078,0.00875,0.0415,0.159,0.42325,0.3675,4,5
2079,0.13025,0.30775,0.35075,0.17475,0.0365,3,2
2080,0.0995,0.25775,0.36675,0.21975,0.05625,3,2
2081,0.00625,0.021,0.09325,0.33325,0.54625,5,5
2082,0.015,0.05625,0.221,0.43125,0.2765,4,5
2083,0.014,0.06175,0.19975,0.446,0.2785,4,4
2084,0.00375,0.02275,0.092,0.35825,0.52325,5,4
2085,0.01025,0.04575,0.15775,0.43,0.35625,4,4
2086,0.07475,0.20675,0.3575,0.286,0.075,3,3
2087,0.08075,0.22925,0.36875,0.25575,0.0655,3,2
2088,0.2295,0.37325,0.276,0.0985,0.02275,2,3
2089,0.06175,0.1965,0.38375,0.273,0.085,3,3
2090,0.005,0.029,0.095,0.3725,0.4985,5,5
2091,0.09175,0.26,0.37275,0.2225,0.053,3,3
2092,0.2355,0.38875,0.2685,0.09225,0.015,2,2
2093,0.23575,0.384,0.26025,0.0995,0.0205,2,1
2094,0.003,0.01525,0.0485,0.2605,0.67275,5,2
2095,0.226,0.38475,0.27725,0.09025,0.02175,2,2
2096,0.01025,0.043,0.16925,0.428,0.3495,4,4
2097,0.06375,0.207,0.37575,0.2785,0.075,3,4
2098,0.004,0.02525,0.093,0.3455,0.53225,5,4
2099,0.2315,0.3715,0.271,0.10675,0.01925,2,1
2100,0.06525,0.2065,0.37425,0.2735,0.0805,3,1
2101,0.01625,0.0605,0.20175,0.44375,0.27775,4,4
2102,0.31325,0.40475,0.19825,0.07025,0.0135,2,1
2103,0.0185,0.0555,0.2195,0.41975,0.28675,4,3
2104,0.00425,0.026,0.0995,0.35975,0.5105,5,5
2105,0.23475,0.3715,0.26775,0.1045,0.0215,2,1
2106,0.0715,0.2105,0.36925,0.2685,0.08025,3,3
2107,0.01225,0.04425,0.15675,0.423,0.36375,4,4
2108,0.0805,0.229,0.384,0.23925,0.06725,3,3
2109,0.0835,0.22875,0.3695,0.25475,0.0635,3,4
2110,0.00375,0.0115,0.05,0.259,0.67575,5,4
2111,0.01775,0.06775,0.2035,0.4285,0.2825,4,5
2112,0.00125,0.01325,0.05775,0.2475,0.68025,5,5
2113,0.068,0.20325,0.37575,0.27875,0.07425,3,4
2114,0.19675,0.3645,0.29475,0.1195,0.0245,2,3
2115,0.00525,0.02,0.099,0.36675,0.509,5,5
2116,0.00625,0.021,0.09225,0.35075,0.52975,5,4
2117,0.06225,0.2035,0.37925,0.2755,0.0795,3,5
2118,0.32725,0.3865,0.20525,0.06725,0.01375,2,3
2119,0.3125,0.39175,0.21675,0.06675,0.01225,2,2
2120,0.00225,0.014,0.05025,0.2665,0.667,5,2
2121,0.013,0.05625,0.183,0.4415,0.30625,4,3
2122,0.0025,0.01225,0.055,0.2575,0.67275,5,5
2123,0.0025,0.0125,0.05375,0.25025,0.681,5,5
2124,0.06725,0.20225,0.37625,0.27225,0.082,3,1
2125,0.0025,0.0115,0.0595,0.2485,0.678,5,4
2126,0.01475,0.06275,0.21125,0.437,0.27425,4,1
2127,0.24925,0.39125,0.26225,0.08025,0.017,2,2
2128,0.0945,0.25575,0.3775,0.2155,0.05675,3,4
2129,0.2265,0.398,0.262,0.0945,0.019,2,5
2130,0.30425,0.3965,0.21975,0.06575,0.01375,2,1
2131,0.012,0.048,0.162,0.43175,0.34625,4,4
2132,0.089,0.23925,0.368,0.24075,0.063,3,3
2133,0.07075,0.2095,0.37,0.274,0.07575,3,3
2134,0.0025,0.01275,0.057,0.25475,0.673,5,5
2135,0.00325,0.0125,0.05425,0.241,0.689,5,5
2136,0.0065,0.0215,0.092,0.34775,0.53225,5,2
2137,0.018,0.06425,0.204,0.429,0.28475,4,4
2138,0.00475,0.02575,0.1005,0.37075,0.49825,5,5
2139,0.13175,0.30325,0.34675,0.18075,0.0375,3,2
2140,0.19675,0.36425,0.295,0.12125,0.02275,2,2
2141,0.0835,0.2265,0.3645,0.25325,0.07225,3,3
2142,0.2275,0.38525,0.2695,0.09725,0.0205,2,1
2143,0.22725,0.37325,0.28575,0.09225,0.0215,2,1
2144,0.0745,0.19675,0.379,0.2645,0.08525,3,3
2145,0.06975,0.19775,0.36775,0.279,0.08575,3,4
2146,0.06975,0.20325,0.369,0.27425,0.08375,3,2
2147,0.0835,0.25125,0.35875,0.245,0.0615,3,3
2148,0.088,0.24975,0.38175,0.2305,0.05,3,3
2149,0.06425,0.20725,0.3665,0.282,0.08,3,3
2150,0.009,0.045,0.1485,0.43525,0.36225,4,4
2151,0.009,0.04,0.16975,0.4135,0.36775,4,4
2152,0.016,0.062,0.2095,0.4445,0.268,4,5
2153,0.31825,0.39425,0.21075,0.06625,0.0105,2,2
2154,0.062,0.206,0.36975,0.2755,0.08675,3,4
2155,0.0055,0.02225,0.0965,0.343,0.53275,5,3
2156,0.0675,0.20375,0.3675,0.2815,0.07975,3,3
2157,0.106,0.26225,0.36,0.212,0.05975,3,3
2158,0.0125,0.045,0.1595,0.4455,0.3375,4,4
2159,0.01425,0.0555,0.18725,0.438,0.305,4,5
2160,0.01175,0.0425,0.16375,0.42925,0.35275,4,4
2161,0.1235,0.3145,0.33775,0.17825,0.046,3,1
2162,0.2365,0.38675,0.26425,0.09375,0.01875,2,2
2163,0.13175,0.31575,0.34975,0.1655,0.03725,3,1
2164,0.05925,0.20725,0.35775,0.2905,0.08525,3,2
2165,0.07825,0.243,0.37325,0.2475,0.058,3,4
2166,0.10375,0.268,0.3615,0.2165,0.05025,3,2
2167,0.0635,0.20425,0.374,0.285,0.07325,3,3
2168,0.011,0.0465,0.15425,0.42,0.36825,4,5
2169,0.19,0.365,0.2975,0.124,0.0235,2,3
2170,0.32475,0.39425,0.20675,0.06475,0.0095,2,5
2171,0.19875,0.3555,0.298,0.12,0.02775,2,1
2172,0.33625,0.3785,0.20675,0.065,0.0135,2,1
2173,0.1875,0.36125,0.30625,0.11625,0.02875,2,2
2174,0.2055,0.35125,0.3005,0.11625,0.0265,2,2
2175,0.06775,0.203,0.3645,0.2855,0.07925,3,3
2176,0.2175,0.3845,0.2775,0.09875,0.02175,2,5
2177,0.0665,0.20525,0.3855,0.2615,0.08125,3,3
2178,0.01025,0.0425,0.15375,0.41825,0.37525,4,4
2179,0.01275,0.06075,0.2135,0.434,0.279,4,4
2180,0.0705,0.197,0.3635,0.29,0.079,3,2
2181,0.00625,0.02025,0.10525,0.3535,0.51475,5,5
2182,0.00425,0.02675,0.0985,0.362,0.5085,5,4
2183,0.06775,0.20775,0.35675,0.2745,0.09325,3,3
2184,0.326,0.39675,0.20725,0.0605,0.0095,2,2
2185,0.32675,0.38875,0.20725,0.0625,0.01475,2,1
2186,0.126,0.30375,0.353,0.17425,0.043,3,3
2187,0.06625,0.2095,0.36475,0.28425,0.07525,3,1
2188,0.0075,0.02575,0.0965,0.35825,0.512,5,5
2189,0.06825,0.21175,0.3755,0.2655,0.079,3,3
2190,0.08575,0.22625,0.37125,0.25125,0.0655,3,3
2191,0.0125,0.06425,0.20975,0.4355,0.278,4,5
2192,0.015,0.0565,0.22675,0.4315,0.27025,4,3
2193,0.1285,0.29975,0.354,0.17375,0.044,3,4
2194,0.014,0.06875,0.20375,0.441,0.2725,4,3
2195,0.01,0.04925,0.1725,0.42075,0.3475,4,5
2196,0.061,0.21375,0.36725,0.28125,0.07675,3,4
2197,0.22575,0.38075,0.28025,0.09575,0.0175,2,4
2198,0.08575,0.229,0.35925,0.2635,0.0625,3,2
2199,0.00375,0.025,0.09675,0.36925,0.50525,5,5
2200,0.01225,0.05525,0.1855,0.434,0.313,4,4
2201,0.01225,0.05525,0.17975,0.4325,0.32025,4,1
2202,0.005,0.025,0.1045,0.3655,0.5,5,5
2203,0.0705,0.204,0.37475,0.2765,0.07425,3,1
2204,0.126,0.3025,0.362,0.1695,0.04,3,1
2205,0.076,0.2375,0.382,0.244,0.0605,3,2
2206,0.0035,0.01175,0.0575,0.2605,0.66675,5,4
2207,0.193,0.35375,0.30925,0.11925,0.02475,2,1
2208,0.2085,0.3625,0.28875,0.11725,0.023,2,4
2209,0.0125,0.059,0.1895,0.433,0.306,4,5
2210,0.07225,0.1995,0.37575,0.279,0.0735,3,4
2211,0.007,0.0225,0.09475,0.348,0.52775,5,5
2212,0.2465,0.37575,0.2675,0.09175,0.0185,2,1
2213,0.12625,0.303,0.35425,0.17325,0.04325,3,3
2214,0.00325,0.01125,0.05225,0.2615,0.67175,5,4
2215,0.19925,0.35825,0.30225,0.119,0.02125,2,4
2216,0.12775,0.3035,0.3535,0.169,0.04625,3,4
2217,0.229,0.374,0.28175,0.09725,0.018,2,1
2218,0.07775,0.22825,0.37525,0.2515,0.06725,3,2
2219,0.005,0.02725,0.08625,0.36475,0.51675,5,4
2220,0.01275,0.05875,0.21475,0.43875,0.275,4,4
2221,0.0915,0.27075,0.3735,0.2185,0.04575,3,3
2222,0.10475,0.266,0.347,0.229,0.05325,3,4
2223,0.1365,0.30825,0.34975,0.16575,0.03975,3,3
2224,0.073,0.21125,0.37025,0.2715,0.074,3,3
2225,0.20975,0.386,0.28475,0.101,0.0185,2,1
2226,0.08425,0.2295,0.37275,0.2525,0.061,3,4
2227,0.0715,0.1985,0.37625,0.27875,0.075,3,2
2228,0.221,0.3795,0.2795,0.098,0.022,2,4
2229,0.191,0.3525,0.31325,0.11875,0.0245,2,2
2230,0.0935,0.26775,0.36025,0.22825,0.05025,3,1
2231,0.13625,0.3035,0.35,0.17,0.04025,3,3
2232,0.007,0.0255,0.09975,0.3465,0.52125,5,4
2233,0.09625,0.26425,0.3705,0.21825,0.05075,3,4
2234,0.072,0.20675,0.35325,0.28625,0.08175,3,3
2235,0.009,0.04375,0.1655,0.42525,0.3565,4,5
2236,0.00725,0.02225,0.09675,0.3515,0.52225,5,5
2237,0.11925,0.314,0.343,0.18175,0.042,3,1
2238,0.00625,0.02225,0.0925,0.36575,0.51325,5,4
2239,0.0895,0.23075,0.36425,0.251,0.0645,3,3
2240,0.01475,0.0615,0.20075,0.44575,0.27725,4,4
2241,0.08375,0.24,0.36275,0.25025,0.06325,3,2
2242,0.0135,0.046,0.17525,0.45,0.31525,4,3
2243,0.0705,0.2075,0.376,0.2745,0.0715,3,2
2244,0.21575,0.38025,0.28325,0.10325,0.0175,2,4
2245,0.01025,0.038,0.16525,0.423,0.3635,4,4
2246,0.00275,0.01425,0.049,0.2625,0.6715,5,5
2247,0.12125,0.32025,0.34,0.175,0.0435,3,3
2248,0.19875,0.3725,0.2955,0.10775,0.0255,2,3
2249,0.0095,0.04375,0.162,0.4195,0.36525,4,4
2250,0.01,0.04175,0.15225,0.436,0.36,4,2
2251,0.33125,0.3835,0.213,0.06175,0.0105,2,1
2252,0.22875,0.3745,0.278,0.101,0.01775,2,3
2253,0.00825,0.04625,0.155,0.42525,0.36525,4,4
2254,0.097,0.268,0.358,0.219,0.058,3,2
2255,0.329,0.37375,0.218,0.06375,0.0155,2,3
2256,0.0785,0.23475,0.37175,0.24675,0.06825,3,2
2257,0.07025,0.20925,0.35975,0.27775,0.083,3,4
2258,0.017,0.06125,0.21625,0.43875,0.26675,4,5
2259,0.092,0.23875,0.36625,0.23825,0.06475,3,3
2260,0.00275,0.01275,0.054,0.26125,0.66925,5,3
2261,0.18925,0.369,0.29875,0.11125,0.03175,2,1
2262,0.32575,0.38825,0.205,0.06675,0.01425,2,1
2263,0.22675,0.3635,0.28425,0.10175,0.02375,2,2
2264,0.007,0.02175,0.10325,0.34975,0.51825,5,5
2265,0.0765,0.2375,0.37475,0.245,0.06625,3,4
2266,0.01075,0.0405,0.15625,0.4275,0.365,4,5
2267,0.00625,0.02675,0.096,0.37175,0.49925,5,5
2268,0.07,0.1955,0.378,0.276,0.0805,3,2
2269,0.00625,0.02225,0.093,0.34225,0.53625,5,5
2270,0.07075,0.20025,0.3695,0.281,0.0785,3,3
2271,0.0935,0.2695,0.3645,0.21825,0.05425,3,1
2272,0.0055,0.022,0.08725,0.34275,0.5425,5,5
2273,0.0675,0.20875,0.368,0.2755,0.08025,3,3
2274,0.01425,0.04675,0.1625,0.42475,0.35175,4,4
2275,0.06475,0.2155,0.35825,0.28675,0.07475,3,4
2276,0.07425,0.21125,0.36525,0.273,0.07625,3,2
2277,0.2305,0.3865,0.26525,0.1,0.01775,2,2
2278,0.01075,0.05275,0.19025,0.42675,0.3195,4,4
2279,0.019,0.06975,0.193,0.427,0.29125,4,5
2280,0.01025,0.03875,0.16125,0.422,0.36775,4,4
2281,0.077,0.22925,0.37725,0.24825,0.06825,3,3
2282,0.066,0.20425,0.38025,0.27925,0.07025,3,2
2283,0.006,0.0255,0.098,0.3515,0.519,5,5
2284,0.09975,0.245,0.382,0.22525,0.048,3,5
2285,0.2345,0.3605,0.275,0.10575,0.02425,2,1
2286,0.06475,0.20775,0.36425,0.28725,0.076,3,5
2287,0.128,0.297,0.35625,0.1805,0.03825,3,2
2288,0.01175,0.0405,0.15675,0.42375,0.36725,4,3
2289,0.20975,0.38625,0.2825,0.0995,0.022,2,2
2290,0.0715,0.21175,0.37025,0.27225,0.07425,3,3
2291,0.016,0.05975,0.20175,0.445,0.2775,4,2
2292,0.07075,0.20625,0.373,0.276,0.074,3,2
2293,0.0845,0.23125,0.37525,0.25075,0.05825,3,3
2294,0.0945,0.251,0.3775,0.22025,0.05675,3,2
2295,0.0025,0.0125,0.053,0.2605,0.6715,5,5
2296,0.011,0.0585,0.20775,0.42325,0.2995,4,4
2297,0.068,0.211,0.359,0.2795,0.0825,3,3
2298,0.002,0.011,0.05725,0.2445,0.68525,5,5
2299,0.0685,0.19525,0.3685,0.28875,0.079,3,2
2300,0.21525,0.377,0.291,0.09625,0.0205,2,4
2301,0.1945,0.35175,0.30675,0.11725,0.02975,2,2
2302,0.0695,0.20025,0.35925,0.28425,0.08675,3,2
2303,0.23725,0.39525,0.24975,0.094,0.02375,2,1
2304,0.07,0.20425,0.366,0.27475,0.085,3,5
2305,0.2335,0.36725,0.27275,0.103,0.0235,2,2
2306,0.01025,0.04625,0.154,0.4285,0.361,4,3
2307,0.075,0.20625,0.366,0.27925,0.0735,3,4
2308,0.0055,0.01875,0.09775,0.338,0.54,5,5
2309,0.01675,0.06025,0.21825,0.43875,0.266,4,3
2310,0.0685,0.20625,0.3675,0.27775,0.08,3,3
2311,0.0065,0.02275,0.095,0.3475,0.52825,5,5
2312,0.01425,0.0565,0.178,0.44475,0.3065,4,5
2313,0.07025,0.19425,0.37575,0.284,0.07575,3,3
2314,0.01825,0.0595,0.20775,0.4305,0.284,4,4
2315,0.1275,0.30925,0.351,0.1685,0.04375,3,4
2316,0.238,0.38175,0.261,0.099,0.02025,2,3
2317,0.06475,0.19125,0.368,0.28825,0.08775,3,4
2318,0.22675,0.36675,0.275,0.1115,0.02,2,3
2319,0.066,0.20275,0.371,0.274,0.08625,3,2
2320,0.00625,0.0255,0.09725,0.35825,0.51275,5,4
2321,0.0105,0.04375,0.163,0.431,0.35175,4,5
2322,0.003,0.0125,0.04875,0.25175,0.684,5,5
2323,0.221,0.366,0.2945,0.097,0.0215,2,2
2324,0.00375,0.01,0.05875,0.2585,0.669,5,5
2325,0.004,0.02525,0.102,0.357,0.51175,5,5
2326,0.012,0.0475,0.189,0.4415,0.31,4,5
2327,0.12275,0.3155,0.35575,0.1635,0.0425,3,3
2328,0.00425,0.02275,0.10075,0.37675,0.4955,5,4
2329,0.314,0.38625,0.21125,0.06975,0.01875,2,5
2330,0.091,0.25875,0.37475,0.21525,0.06025,3,3
2331,0.0165,0.06175,0.19125,0.45325,0.27725,4,4
2332,0.23075,0.3945,0.2635,0.08675,0.0245,2,3
2333,0.014,0.0575,0.211,0.4305,0.287,4,3
2334,0.32825,0.38175,0.20675,0.06925,0.014,2,2
2335,0.01825,0.06025,0.2015,0.43025,0.28975,4,4
2336,0.00625,0.01625,0.0885,0.37375,0.51525,5,1
2337,0.318,0.40275,0.2085,0.05875,0.012,2,3
2338,0.017,0.0665,0.209,0.42825,0.27925,4,5
2339,0.01225,0.05425,0.188,0.42725,0.31825,4,3
2340,0.1345,0.301,0.3505,0.178,0.036,3,1
2341,0.00725,0.026,0.0915,0.3535,0.52175,5,5
2342,0.0935,0.26875,0.368,0.21475,0.055,3,3
2343,0.003,0.0255,0.10225,0.3485,0.52075,5,3
2344,0.06725,0.20175,0.382,0.27475,0.07425,3,3
2345,0.003,0.00925,0.051,0.25975,0.677,5,5
2346,0.00775,0.02125,0.0925,0.3575,0.521,5,4
2347,0.32975,0.38225,0.204,0.0685,0.0155,2,1
2348,0.24575,0.3855,0.2605,0.089,0.01925,2,1
2349,0.22075,0.361,0.2825,0.10975,0.026,2,3
2350,0.063,0.20475,0.36675,0.282,0.0835,3,3
2351,0.00175,0.01375,0.05725,0.26175,0.6655,5,5
2352,0.00225,0.0115,0.05375,0.25175,0.68075,5,5
2353,0.01375,0.06725,0.20575,0.43275,0.2805,4,4
2354,0.01475,0.05275,0.19025,0.436,0.30625,4,5
2355,0.01225,0.05525,0.18225,0.433,0.31725,4,5
2356,0.00775,0.025,0.09725,0.356,0.514,5,5
2357,0.31975,0.39175,0.2105,0.06425,0.01375,2,2
2358,0.21225,0.383,0.2865,0.0985,0.01975,2,3
2359,0.07725,0.225,0.376,0.25575,0.066,3,3
2360,0.32275,0.384,0.209,0.0715,0.01275,2,1
2361,0.08425,0.23275,0.37725,0.2445,0.06125,3,3
2362,0.01475,0.05375,0.18925,0.43925,0.303,4,3
2363,0.0175,0.063,0.21675,0.427,0.27575,4,4
2364,0.0605,0.207,0.37325,0.279,0.08025,3,4
2365,0.005,0.0115,0.053,0.25425,0.67625,5,4
2366,0.078,0.2235,0.37475,0.25925,0.0645,3,5
2367,0.018,0.0585,0.2175,0.4305,0.2755,4,3
2368,0.006,0.026,0.08625,0.3485,0.53325,5,5
2369,0.06925,0.20775,0.37025,0.2745,0.07825,3,2
2370,0.08525,0.23175,0.3625,0.24775,0.07275,3,2
2371,0.086,0.22775,0.375,0.246,0.06525,3,2
2372,0.01,0.05825,0.2085,0.4285,0.29475,4,1
2373,0.0815,0.24825,0.3795,0.22825,0.0625,3,4
2374,0.004,0.01225,0.048,0.26375,0.672,5,5
2375,0.0085,0.0435,0.1545,0.4225,0.371,4,4
2376,0.013,0.04675,0.18675,0.43825,0.31525,4,4
2377,0.00225,0.01475,0.055,0.24925,0.67875,5,5
2378,0.0155,0.0555,0.21525,0.43725,0.2765,4,4
2379,0.24225,0.383,0.26375,0.094,0.017,2,2
2380,0.0075,0.02175,0.10125,0.35575,0.51375,5,5
2381,0.23275,0.3875,0.27,0.09325,0.0165,2,2
2382,0.129,0.291,0.36625,0.17275,0.041,3,2
2383,0.0075,0.0225,0.0945,0.34525,0.53025,5,5
2384,0.08725,0.22225,0.36675,0.25575,0.068,3,2
2385,0.08,0.23125,0.3715,0.249,0.06825,3,4
2386,0.225,0.364,0.2795,0.1075,0.024,2,4
2387,0.00975,0.0465,0.14925,0.42475,0.36975,4,1
2388,0.178,0.35325,0.314,0.1315,0.02325,2,3
2389,0.0855,0.23925,0.3635,0.24725,0.0645,3,3
2390,0.0105,0.03875,0.1615,0.417,0.37225,4,1
2391,0.004,0.01325,0.05075,0.25875,0.67325,5,4
2392,0.221,0.38625,0.27625,0.098,0.0185,2,1
2393,0.0095,0.042,0.14275,0.4215,0.38425,4,4
2394,0.01325,0.05225,0.20175,0.42825,0.3045,4,4
2395,0.3175,0.39425,0.20475,0.068,0.0155,2,4
2396,0.0065,0.02925,0.101,0.3595,0.50375,5,5
2397,0.01,0.03875,0.1605,0.43325,0.3575,4,3
2398,0.1305,0.313,0.3565,0.16375,0.03625,3,3
2399,0.01025,0.04225,0.15025,0.4405,0.35675,4,5
2400,0.00225,0.01275,0.05475,0.2675,0.66275,5,5
2401,0.00175,0.0095,0.0665,0.2405,0.68175,5,5
2402,0.073,0.209,0.358,0.279,0.081,3,3
2403,0.012,0.0625,0.1915,0.43025,0.30375,4,5
2404,0.07025,0.2045,0.37625,0.2735,0.0755,3,4
2405,0.015,0.04875,0.19025,0.42725,0.31875,4,4
2406,0.1245,0.309,0.35025,0.172,0.04425,3,3
2407,0.328,0.39275,0.20275,0.06125,0.01525,2,1
2408,0.136,0.30375,0.34525,0.176,0.039,3,2
2409,0.234,0.3875,0.26425,0.0965,0.01775,2,1
2410,0.004,0.012,0.05575,0.26575,0.6625,5,5
2411,0.015,0.06175,0.206,0.4225,0.29475,4,3
2412,0.0065,0.02175,0.09175,0.34425,0.53575,5,2
2413,0.067,0.218,0.36225,0.27425,0.0785,3,4
2414,0.319,0.385,0.21825,0.067,0.01075,2,3
2415,0.20975,0.37975,0.28225,0.10775,0.0205,2,4
2416,0.008,0.0455,0.154,0.4345,0.358,4,3
2417,0.00575,0.0255,0.096,0.3615,0.51125,5,5
2418,0.065,0.20425,0.3585,0.2875,0.08475,3,2
2419,0.0165,0.0585,0.20375,0.4375,0.28375,4,4
2420,0.07275,0.205,0.366,0.283,0.07325,3,4
2421,0.011,0.04075,0.16125,0.4155,0.3715,4,3
2422,0.00475,0.024,0.1105,0.36075,0.5,5,5
2423,0.068,0.21275,0.37125,0.27475,0.07325,3,2
2424,0.01075,0.0355,0.16625,0.41725,0.37025,4,5
2425,0.07925,0.23425,0.37875,0.23725,0.0705,3,2
2426,0.008,0.02475,0.10225,0.36525,0.49975,5,3
2427,0.014,0.0505,0.18475,0.426,0.32475,4,5
2428,0.249,0.37575,0.2665,0.09,0.01875,2,2
2429,0.00575,0.02575,0.09425,0.35425,0.52,5,5
2430,0.32275,0.3975,0.19475,0.0695,0.0155,2,1
2431,0.01675,0.051,0.2025,0.42175,0.308,4,3
2432,0.002,0.012,0.058,0.26375,0.66425,5,5
2433,0.31975,0.389,0.21825,0.06025,0.01275,2,2
2434,0.01675,0.0605,0.20875,0.42425,0.28975,4,4
2435,0.01125,0.04475,0.16225,0.43225,0.3495,4,5
2436,0.0085,0.03825,0.16325,0.43125,0.35875,4,4
2437,0.25225,0.37325,0.26175,0.094,0.01875,2,3
2438,0.01475,0.04225,0.159,0.41925,0.36475,4,2
2439,0.103,0.25525,0.3625,0.222,0.05725,3,3
2440,0.0175,0.05875,0.19875,0.4475,0.2775,4,4
2441,0.22375,0.3735,0.285,0.0945,0.02325,2,2
2442,0.12025,0.30625,0.3605,0.17625,0.03675,3,4
2443,0.06875,0.216,0.36075,0.27425,0.08025,3,4
2444,0.0175,0.061,0.20175,0.4415,0.27825,4,5
2445,0.2495,0.3825,0.25975,0.09,0.01825,2,5
2446,0.19775,0.35975,0.29775,0.1225,0.02225,2,3
2447,0.0915,0.2585,0.3765,0.219,0.0545,3,3
2448,0.06775,0.19775,0.3765,0.2765,0.0815,3,3
2449,0.33725,0.3725,0.21,0.0665,0.01375,2,1
2450,0.18125,0.36875,0.31225,0.113,0.02475,2,2
2451,0.00525,0.02225,0.0865,0.36275,0.52325,5,4
2452,0.24,0.3875,0.25775,0.094,0.02075,2,3
2453,0.006,0.021,0.10375,0.362,0.50725,5,5
2454,0.32375,0.40025,0.2045,0.06075,0.01075,2,1
2455,0.072,0.2095,0.3775,0.267,0.074,3,2
2456,0.006,0.0225,0.09525,0.34275,0.5335,5,3
2457,0.0175,0.0675,0.20175,0.43825,0.275,4,3
2458,0.0625,0.20975,0.36525,0.28375,0.07875,3,3
2459,0.1315,0.322,0.351,0.15875,0.03675,3,2
2460,0.0105,0.036,0.16525,0.42625,0.362,4,5
2461,0.06475,0.207,0.381,0.26425,0.083,3,2
2462,0.0745,0.2015,0.36925,0.28475,0.07,3,4
2463,0.01425,0.0625,0.20675,0.44125,0.27525,4,3
2464,0.09675,0.26225,0.37125,0.209,0.06075,3,2
2465,0.09075,0.24575,0.3565,0.2445,0.0625,3,4
2466,0.006,0.02225,0.1005,0.35125,0.52,5,5
2467,0.3315,0.3865,0.20375,0.06425,0.014,2,3
2468,0.0135,0.0505,0.16125,0.41725,0.3575,4,4
2469,0.06675,0.2,0.37075,0.28075,0.08175,3,3
2470,0.00575,0.02375,0.09025,0.34675,0.5335,5,5
2471,0.19025,0.357,0.305,0.12475,0.023,2,1
2472,0.00275,0.01175,0.05025,0.262,0.67325,5,5
2473,0.00375,0.01325,0.054,0.25125,0.67775,5,5
2474,0.1235,0.313,0.341,0.18225,0.04025,3,2
2475,0.063,0.193,0.37175,0.29825,0.074,3,3
2476,0.12925,0.31125,0.35075,0.16975,0.039,3,2
2477,0.01225,0.045,0.18575,0.4475,0.3095,4,4
2478,0.22775,0.3665,0.2735,0.1105,0.02175,2,2
2479,0.0015,0.0165,0.05675,0.25275,0.6725,5,5
2480,0.00175,0.01075,0.05975,0.25775,0.67,5,5
2481,0.25225,0.37575,0.26325,0.09325,0.0155,2,2
2482,0.06775,0.2145,0.355,0.2825,0.08025,3,3
2483,0.19275,0.374,0.288,0.1215,0.02375,2,1
2484,0.0055,0.014,0.05275,0.2575,0.67025,5,5
2485,0.015,0.06575,0.2095,0.43775,0.272,4,4
2486,0.00675,0.024,0.1015,0.3525,0.51525,5,5
2487,0.014,0.0575,0.197,0.43075,0.30075,4,4
2488,0.062,0.20775,0.37625,0.2755,0.0785,3,4
2489,0.069,0.19925,0.37625,0.269,0.0865,3,3
2490,0.2065,0.36275,0.29325,0.11075,0.02675,2,3
2491,0.01,0.0535,0.1795,0.43975,0.31725,4,4
2492,0.06625,0.196,0.36925,0.286,0.0825,3,2
2493,0.015,0.05925,0.20925,0.44225,0.27425,4,5
2494,0.011,0.04125,0.153,0.427,0.36775,4,4
2495,0.00625,0.024,0.101,0.35925,0.5095,5,5
2496,0.00625,0.02475,0.08825,0.34275,0.538,5,3
2497,0.0585,0.2115,0.37125,0.27975,0.079,3,3
2498,0.08,0.2385,0.365,0.24475,0.07175,3,2
2499,0.13775,0.2825,0.3625,0.17875,0.0385,3,4
2500,0.0945,0.27675,0.35675,0.21575,0.05625,3,2
2501,0.0045,0.02275,0.1,0.35275,0.52,5,5
2502,0.06925,0.20225,0.37075,0.27025,0.0875,3,3
2503,0.0815,0.24275,0.371,0.246,0.05875,3,4
2504,0.01525,0.062,0.20825,0.439,0.2755,4,4
2505,0.061,0.1995,0.36025,0.295,0.08425,3,4
2506,0.09075,0.2635,0.375,0.21775,0.053,3,3
2507,0.07275,0.2095,0.36625,0.269,0.0825,3,1
2508,0.32075,0.378,0.21725,0.069,0.015,2,1
2509,0.0065,0.0295,0.1045,0.357,0.5025,5,5
2510,0.0035,0.014,0.05325,0.24525,0.684,5,4
2511,0.011,0.0375,0.15775,0.42675,0.367,4,5
2512,0.0085,0.0485,0.16425,0.42525,0.3535,4,2
2513,0.08825,0.23975,0.36325,0.2465,0.06225,3,3
2514,0.07075,0.1975,0.3715,0.2865,0.07375,3,4
2515,0.01,0.0405,0.16575,0.432,0.35175,4,5
2516,0.13075,0.3065,0.35375,0.17025,0.03875,3,3
2517,0.24425,0.386,0.2645,0.08725,0.018,2,2
2518,0.0025,0.00875,0.0535,0.25425,0.681,5,5
2519,0.0055,0.01925,0.09475,0.34025,0.54025,5,5
2520,0.01325,0.04175,0.157,0.43425,0.35375,4,4
2521,0.0135,0.05225,0.1875,0.42775,0.319,4,2
2522,0.00775,0.02675,0.09375,0.354,0.51775,5,3
2523,0.2305,0.38075,0.275,0.09575,0.018,2,3
2524,0.062,0.20625,0.3565,0.28925,0.086,3,3
2525,0.22,0.38375,0.28025,0.094,0.022,2,1
2526,0.2255,0.38075,0.27025,0.10375,0.01975,2,2
2527,0.0605,0.20875,0.36475,0.28125,0.08475,3,4
2528,0.24325,0.3905,0.26125,0.08775,0.01725,2,2
2529,0.131,0.31175,0.344,0.17175,0.0415,3,1
2530,0.01475,0.055,0.17625,0.43075,0.32325,4,4
2531,0.0725,0.207,0.3555,0.276,0.089,3,4
2532,0.07025,0.20575,0.36375,0.28625,0.074,3,4
2533,0.24475,0.38675,0.25925,0.09,0.01925,2,3
2534,0.24225,0.39175,0.2605,0.0845,0.021,2,4
2535,0.01625,0.05025,0.182,0.4425,0.309,4,3
2536,0.2235,0.3895,0.27375,0.0935,0.01975,2,1
2537,0.0165,0.06375,0.202,0.43925,0.2785,4,4
2538,0.01125,0.041,0.16425,0.429,0.3545,4,3
2539,0.337,0.3795,0.206,0.06275,0.01475,2,3
2540,0.012,0.0365,0.1615,0.42925,0.36075,4,3
2541,0.23575,0.372,0.27075,0.10025,0.02125,2,2
2542,0.20325,0.35525,0.29675,0.1155,0.02925,2,1
2543,0.06875,0.20225,0.383,0.26625,0.07975,3,2
2544,0.221,0.379,0.28275,0.097,0.02025,2,1
2545,0.236,0.3765,0.27925,0.08925,0.019,2,1
2546,0.0025,0.01125,0.05475,0.25275,0.67875,5,4
2547,0.31475,0.392,0.213,0.0685,0.01175,2,1
2548,0.004,0.0225,0.10375,0.36475,0.505,5,5
2549,0.06125,0.2075,0.36825,0.28075,0.08225,3,5
2550,0.07425,0.2,0.37175,0.26975,0.08425,3,4
2551,0.095,0.2745,0.36425,0.21325,0.053,3,3
2552,0.241,0.3875,0.259,0.092,0.0205,2,1
2553,0.22425,0.36375,0.28725,0.1015,0.02325,2,3
2554,0.01875,0.05875,0.21075,0.44475,0.267,4,5
2555,0.011,0.044,0.16625,0.414,0.36475,4,5
2556,0.0125,0.041,0.15275,0.41675,0.377,4,4
2557,0.06775,0.207,0.36425,0.28325,0.07775,3,2
2558,0.01175,0.0455,0.1475,0.42625,0.369,4,5
2559,0.06775,0.20775,0.3645,0.27725,0.08275,3,3
2560,0.06525,0.2075,0.37425,0.2775,0.0755,3,3
2561,0.00625,0.01675,0.0895,0.3465,0.541,5,4
2562,0.065,0.20525,0.37525,0.27925,0.07525,3,3
2563,0.087,0.23225,0.3655,0.24725,0.068,3,3
2564,0.00275,0.01175,0.05575,0.26075,0.669,5,5
2565,0.008,0.044,0.16425,0.4275,0.35625,4,5
2566,0.00325,0.0105,0.06,0.2515,0.67475,5,5
2567,0.22425,0.36675,0.28175,0.105,0.02225,2,4
2568,0.0695,0.21725,0.38125,0.24825,0.08375,3,4
2569,0.2365,0.36675,0.27625,0.0995,0.021,2,1
2570,0.2285,0.373,0.27075,0.10325,0.0245,2,2
2571,0.004,0.0235,0.0995,0.35325,0.51975,5,5
2572,0.0165,0.04825,0.1905,0.423,0.32175,4,5
2573,0.00875,0.0385,0.16425,0.43475,0.35375,4,4
2574,0.1015,0.26025,0.36875,0.213,0.0565,3,4
2575,0.099,0.252,0.3775,0.2115,0.06,3,2
2576,0.0925,0.264,0.36025,0.2195,0.06375,3,4
2577,0.06925,0.2185,0.34825,0.27675,0.08725,3,3
2578,0.2055,0.363,0.2885,0.1185,0.0245,2,3
2579,0.01525,0.05775,0.205,0.427,0.295,4,5
2580,0.0075,0.0405,0.175,0.41625,0.36075,4,4
2581,0.063,0.2045,0.36175,0.284,0.08675,3,4
2582,0.01275,0.05725,0.18425,0.41975,0.326,4,5
2583,0.00475,0.023,0.107,0.36025,0.505,5,5
2584,0.20875,0.3575,0.2935,0.1155,0.02475,2,2
2585,0.105,0.259,0.375,0.20975,0.05125,3,3
2586,0.0675,0.209,0.36675,0.27225,0.0845,3,3
2587,0.01275,0.05675,0.19275,0.43275,0.305,4,3
2588,0.0835,0.23175,0.38075,0.236,0.068,3,3
2589,0.0125,0.038,0.17375,0.42125,0.3545,4,5
2590,0.0065,0.02275,0.0945,0.36425,0.512,5,3
2591,0.0015,0.013,0.049,0.2615,0.675,5,5
2592,0.2345,0.35575,0.28625,0.103,0.0205,2,2
2593,0.0625,0.201,0.362,0.284,0.0905,3,3
2594,0.243,0.38975,0.25175,0.0975,0.018,2,1
2595,0.006,0.02125,0.1035,0.349,0.52025,5,5
2596,0.22875,0.36675,0.2765,0.10525,0.02275,2,2
2597,0.09,0.2615,0.37225,0.226,0.05025,3,4
2598,0.13825,0.31475,0.33925,0.16575,0.042,3,1
2599,0.007,0.02575,0.0965,0.34225,0.5285,5,5
2600,0.0635,0.2085,0.3745,0.2775,0.076,3,3
2601,0.0115,0.045,0.16025,0.43275,0.3505,4,4
2602,0.06025,0.21075,0.3745,0.27675,0.07775,3,3
2603,0.124,0.31025,0.36575,0.16725,0.03275,3,3
2604,0.197,0.36425,0.29375,0.12125,0.02375,2,1
2605,0.00975,0.04575,0.16075,0.4395,0.34425,4,5
2606,0.0105,0.045,0.1635,0.4145,0.3665,4,3
2607,0.00425,0.01175,0.05075,0.24175,0.6915,5,5
2608,0.19025,0.36925,0.29025,0.126,0.02425,2,2
2609,0.01175,0.05325,0.181,0.44825,0.30575,4,2
2610,0.238,0.3905,0.263,0.09225,0.01625,2,4
2611,0.3285,0.39425,0.20775,0.0575,0.012,2,3
2612,0.01875,0.05925,0.2115,0.43,0.2805,4,3
2613,0.00925,0.0455,0.157,0.4195,0.36875,4,5
2614,0.07125,0.197,0.37,0.28575,0.076,3,3
2615,0.326,0.37475,0.219,0.067,0.01325,2,1
2616,0.2365,0.391,0.2605,0.09225,0.01975,2,3
2617,0.08525,0.23375,0.36925,0.24825,0.0635,3,5
2618,0.32375,0.38625,0.212,0.065,0.013,2,2
2619,0.069,0.20425,0.358,0.28225,0.0865,3,3
2620,0.00575,0.0225,0.09875,0.35875,0.51425,5,4
2621,0.0645,0.21375,0.37725,0.2675,0.077,3,2
2622,0.0985,0.25875,0.36825,0.22025,0.05425,3,2
2623,0.11975,0.30925,0.3705,0.165,0.0355,3,2
2624,0.09775,0.26525,0.36475,0.2135,0.05875,3,4
2625,0.00275,0.01325,0.0505,0.2515,0.682,5,4
2626,0.23725,0.38825,0.262,0.0915,0.021,2,4
2627,0.00625,0.02425,0.0945,0.35375,0.52125,5,4
2628,0.00475,0.02,0.09625,0.36075,0.51825,5,5
2629,0.08175,0.2375,0.36775,0.242,0.071,3,2
2630,0.0045,0.0275,0.08575,0.351,0.53125,5,4
2631,0.07275,0.212,0.36325,0.27375,0.07825,3,3
2632,0.0075,0.01975,0.09125,0.34275,0.53875,5,4
2633,0.00425,0.019,0.092,0.35125,0.5335,5,5
2634,0.12025,0.316,0.351,0.17125,0.0415,3,2
2635,0.20975,0.3565,0.292,0.11625,0.0255,2,3
2636,0.24575,0.38125,0.26925,0.08825,0.0155,2,2
2637,0.00075,0.01325,0.05625,0.253,0.67675,5,5
2638,0.08175,0.237,0.374,0.24175,0.0655,3,3
2639,0.31675,0.39425,0.20625,0.07175,0.011,2,3
2640,0.08225,0.23575,0.37425,0.245,0.06275,3,4
2641,0.207,0.3635,0.29825,0.1085,0.02275,2,2
2642,0.31175,0.3905,0.21625,0.0685,0.013,2,2
2643,0.00175,0.01525,0.05525,0.25225,0.6755,5,4
2644,0.00725,0.025,0.1005,0.3415,0.52575,5,4
2645,0.065,0.20775,0.3715,0.26625,0.0895,3,4
2646,0.20125,0.35525,0.302,0.12075,0.02075,2,1
2647,0.32175,0.385,0.21225,0.069,0.012,2,3
2648,0.00325,0.01375,0.054,0.24775,0.68125,5,5
2649,0.22825,0.3725,0.28175,0.09625,0.02125,2,3
2650,0.01375,0.056,0.18775,0.43475,0.30775,4,3
2651,0.01125,0.04325,0.1545,0.417,0.374,4,5
2652,0.09775,0.256,0.357,0.2275,0.06175,3,2
2653,0.23325,0.378,0.27275,0.0975,0.0185,2,3
2654,0.32475,0.379,0.21925,0.065,0.012,2,2
2655,0.09475,0.265,0.3745,0.21425,0.0515,3,3
2656,0.32475,0.40325,0.1975,0.0615,0.013,2,3
2657,0.00525,0.025,0.09325,0.34525,0.53125,5,4
2658,0.078,0.24575,0.3715,0.2425,0.06225,3,2
2659,0.01225,0.055,0.21025,0.441,0.2815,4,5
2660,0.06525,0.203,0.3655,0.28375,0.0825,3,3
2661,0.18775,0.37625,0.29275,0.116,0.02725,2,4
2662,0.0085,0.04175,0.14975,0.4135,0.3865,4,1
2663,0.126,0.317,0.34125,0.17475,0.041,3,4
2664,0.0105,0.04525,0.15625,0.41225,0.37575,4,4
2665,0.0635,0.20625,0.36675,0.285,0.0785,3,4
2666,0.2405,0.393,0.24925,0.0975,0.01975,2,2
2667,0.22925,0.372,0.27075,0.105,0.023,2,1
2668,0.22875,0.372,0.28225,0.09775,0.01925,2,1
2669,0.3145,0.39275,0.2155,0.0655,0.01175,2,2
2670,0.2285,0.38,0.26925,0.097,0.02525,2,1
2671,0.06575,0.20275,0.37375,0.27575,0.082,3,3
2672,0.327,0.3815,0.207,0.07225,0.01225,2,2
2673,0.0765,0.201,0.37625,0.27225,0.074,3,5
2674,0.312,0.39225,0.2135,0.07025,0.012,2,3
2675,0.06525,0.20325,0.373,0.28425,0.07425,3,3
2676,0.1325,0.302,0.34825,0.17925,0.038,3,5
2677,0.0665,0.20175,0.37175,0.281,0.079,3,3
2678,0.32175,0.38775,0.205,0.07125,0.01425,2,1
2679,0.0145,0.062,0.20525,0.4545,0.26375,4,2
2680,0.07075,0.218,0.35475,0.27925,0.07725,3,3
2681,0.08425,0.22675,0.38075,0.24175,0.0665,3,4
2682,0.24975,0.378,0.2645,0.08975,0.018,2,3
2683,0.225,0.3775,0.2825,0.0945,0.0205,2,2
2684,0.01225,0.04275,0.15825,0.42875,0.358,4,4
2685,0.1185,0.3065,0.35625,0.17975,0.039,3,3
2686,0.00275,0.01,0.047,0.2605,0.67975,5,4
2687,0.08875,0.237,0.38075,0.2315,0.062,3,2
2688,0.015,0.056,0.204,0.421,0.304,4,5
2689,0.006,0.0175,0.089,0.35275,0.53475,5,5
2690,0.09475,0.256,0.37775,0.2195,0.052,3,3
2691,0.00225,0.013,0.0515,0.25425,0.679,5,4
2692,0.01125,0.042,0.16225,0.4225,0.362,4,5
2693,0.00925,0.02425,0.09825,0.36175,0.5065,5,5
2694,0.12975,0.31175,0.3425,0.1735,0.0425,3,1
2695,0.012,0.052,0.191,0.42925,0.31575,4,5
2696,0.19375,0.36325,0.3015,0.11775,0.02375,2,2
2697,0.00725,0.0225,0.09275,0.35825,0.51925,5,4
2698,0.066,0.19325,0.37775,0.286,0.077,3,4
2699,0.00275,0.01325,0.05225,0.2535,0.67825,5,4
2700,0.06425,0.19825,0.38525,0.26925,0.083,3,4
2701,0.23575,0.384,0.273,0.08725,0.02,2,1
2702,0.06375,0.20725,0.37,0.2815,0.0775,3,4
2703,0.324,0.38575,0.2075,0.0665,0.01625,2,2
2704,0.071,0.21025,0.35775,0.27925,0.08175,3,4
2705,0.00375,0.02225,0.0945,0.36175,0.51775,5,5
2706,0.01875,0.063,0.205,0.43575,0.2775,4,4
2707,0.2215,0.3875,0.2675,0.10125,0.02225,2,3
2708,0.01475,0.0585,0.19975,0.43525,0.29175,4,5
2709,0.324,0.378,0.21875,0.065,0.01425,2,3
2710,0.08625,0.2335,0.36775,0.2495,0.063,3,2
2711,0.0135,0.06225,0.21275,0.425,0.2865,4,4
2712,0.3135,0.38325,0.22,0.069,0.01425,2,2
2713,0.00975,0.034,0.15525,0.435,0.366,4,5
2714,0.01,0.04275,0.171,0.419,0.35725,4,4
2715,0.13175,0.3015,0.3505,0.17225,0.044,3,3
2716,0.00675,0.0255,0.099,0.347,0.52175,5,4
2717,0.064,0.21,0.371,0.274,0.081,3,4
2718,0.07125,0.20175,0.38125,0.2695,0.07625,3,4
2719,0.0105,0.04025,0.157,0.4265,0.36575,4,4
2720,0.23975,0.39175,0.25775,0.09225,0.0185,2,3
2721,0.00625,0.025,0.094,0.35725,0.5175,5,3
2722,0.0065,0.0225,0.09725,0.34925,0.5245,5,5
2723,0.007,0.02525,0.1025,0.36925,0.496,5,4
2724,0.012,0.0415,0.167,0.425,0.3545,4,2
2725,0.0165,0.05175,0.1825,0.429,0.32025,4,5
2726,0.21525,0.37025,0.28375,0.108,0.02275,2,1
2727,0.01775,0.06425,0.209,0.436,0.273,4,3
2728,0.011,0.04025,0.14525,0.43275,0.37075,4,2
2729,0.252,0.376,0.263,0.09175,0.01725,2,2
2730,0.32325,0.38325,0.2145,0.06775,0.01125,2,1
2731,0.0095,0.04125,0.1625,0.421,0.36575,4,3
2732,0.0615,0.21075,0.36575,0.28,0.082,3,3
2733,0.00775,0.04325,0.1525,0.42425,0.37225,4,5
2734,0.012,0.0535,0.1915,0.432,0.311,4,3
2735,0.01775,0.06,0.197,0.44075,0.2845,4,4
2736,0.06025,0.19975,0.3795,0.285,0.0755,3,2
2737,0.012,0.0445,0.15975,0.42075,0.363,4,4
2738,0.3185,0.38325,0.21875,0.0675,0.012,2,2
2739,0.07225,0.20675,0.35775,0.281,0.08225,3,2
2740,0.08725,0.24175,0.3535,0.252,0.0655,3,3
2741,0.01325,0.0545,0.1835,0.43675,0.312,4,5
2742,0.06925,0.19825,0.3745,0.27425,0.08375,3,2
2743,0.009,0.04075,0.16025,0.4325,0.3575,4,4
2744,0.008,0.02075,0.09775,0.3605,0.513,5,5
2745,0.0685,0.2015,0.37475,0.277,0.07825,3,4
2746,0.0815,0.24825,0.357,0.2435,0.06975,3,4
2747,0.0145,0.05725,0.18825,0.435,0.305,4,5
2748,0.01375,0.054,0.19125,0.42825,0.31275,4,4
2749,0.12775,0.30275,0.363,0.16725,0.03925,3,2
2750,0.01625,0.068,0.21375,0.422,0.28,4,5
2751,0.07275,0.20725,0.37025,0.273,0.07675,3,3
2752,0.23525,0.365,0.28125,0.09675,0.02175,2,1
2753,0.0715,0.21525,0.37775,0.26325,0.07225,3,2
2754,0.01675,0.06375,0.21175,0.43475,0.273,4,5
2755,0.0175,0.05775,0.20575,0.44275,0.27625,4,4
2756,0.1265,0.302,0.356,0.17475,0.04075,3,5
2757,0.09175,0.26075,0.3805,0.2125,0.0545,3,2
2758,0.06475,0.20025,0.373,0.27875,0.08325,3,5
2759,0.13625,0.313,0.35375,0.1595,0.0375,3,5
2760,0.228,0.388,0.26425,0.09825,0.0215,2,2
2761,0.0065,0.02625,0.096,0.3455,0.52575,5,5
2762,0.01125,0.04775,0.1625,0.42625,0.35225,4,4
2763,0.003,0.01,0.04875,0.25175,0.6865,5,5
2764,0.01875,0.06075,0.19325,0.43275,0.2945,4,3
2765,0.0055,0.0235,0.09675,0.35925,0.515,5,5
2766,0.313,0.406,0.199,0.068,0.014,2,3
2767,0.078,0.22725,0.3805,0.251,0.06325,3,5
2768,0.005,0.0225,0.0975,0.36675,0.50825,5,4
2769,0.01,0.04375,0.15275,0.42475,0.36875,4,3
2770,0.01,0.04425,0.154,0.4395,0.35225,4,5
2771,0.068,0.19175,0.36325,0.297,0.08,3,5
2772,0.133,0.3055,0.34075,0.17725,0.0435,3,3
2773,0.014,0.0645,0.2035,0.42675,0.29125,4,3
2774,0.0105,0.03975,0.15675,0.4185,0.3745,4,5
2775,0.017,0.0635,0.20825,0.429,0.28225,4,4
2776,0.00625,0.022,0.096,0.34275,0.533,5,5
2777,0.00475,0.02425,0.09525,0.3645,0.51125,5,5
2778,0.07325,0.2145,0.366,0.274,0.07225,3,3
2779,0.09575,0.25675,0.37125,0.21825,0.058,3,5
2780,0.01525,0.0545,0.1825,0.435,0.31275,4,4
2781,0.239,0.39125,0.25,0.099,0.02075,2,2
2782,0.01125,0.0535,0.19075,0.441,0.3035,4,5
2783,0.05875,0.20675,0.374,0.28225,0.07825,3,4
2784,0.13075,0.30825,0.3575,0.166,0.0375,3,3
2785,0.0045,0.024,0.0925,0.35425,0.52475,5,5
2786,0.20625,0.34725,0.305,0.1155,0.026,2,3
2787,0.074,0.2325,0.3665,0.259,0.068,3,3
2788,0.074,0.2,0.3685,0.289,0.0685,3,3
2789,0.00525,0.027,0.1025,0.35175,0.5135,5,5
2790,0.0105,0.03725,0.16775,0.412,0.3725,4,5
2791,0.22075,0.38375,0.284,0.093,0.0185,2,1
2792,0.007,0.0225,0.09825,0.347,0.52525,5,5
2793,0.01025,0.05275,0.19425,0.42975,0.313,4,4
2794,0.01025,0.044,0.16775,0.42725,0.35075,4,4
2795,0.0155,0.0475,0.18125,0.44025,0.3155,4,5
2796,0.00875,0.05,0.15675,0.4265,0.358,4,4
2797,0.01225,0.039,0.1625,0.422,0.36425,4,4
2798,0.24575,0.38725,0.2615,0.089,0.0165,2,1
2799,0.22825,0.369,0.27025,0.10875,0.02375,2,1
2800,0.097,0.26375,0.36625,0.21425,0.05875,3,4
2801,0.2515,0.37725,0.2545,0.0985,0.01825,2,1
2802,0.01125,0.04575,0.16275,0.41125,0.369,4,4
2803,0.099,0.2625,0.37,0.21075,0.05775,3,3
2804,0.0105,0.05125,0.155,0.428,0.35525,4,3
2805,0.00925,0.04475,0.15975,0.4295,0.35675,4,2
2806,0.00775,0.021,0.102,0.3695,0.49975,5,5
2807,0.005,0.02675,0.0995,0.3625,0.50625,5,4
2808,0.01075,0.04,0.15375,0.4285,0.367,4,4
2809,0.196,0.355,0.301,0.121,0.027,2,1
2810,0.00225,0.01425,0.054,0.253,0.6765,5,5
2811,0.01575,0.05675,0.17575,0.44225,0.3095,4,4
2812,0.31175,0.39875,0.20725,0.07025,0.012,2,2
2813,0.13675,0.3045,0.344,0.17925,0.0355,3,2
2814,0.09575,0.2555,0.38025,0.21775,0.05075,3,1
2815,0.01175,0.04175,0.156,0.40525,0.38525,4,5
2816,0.002,0.01425,0.047,0.254,0.68275,5,5
2817,0.016,0.064,0.21575,0.4255,0.27875,4,2
2818,0.01175,0.056,0.1915,0.44175,0.299,4,3
2819,0.2205,0.38275,0.28,0.09825,0.0185,2,4
2820,0.06375,0.2015,0.37825,0.27825,0.07825,3,2
2821,0.33,0.37875,0.20675,0.06825,0.01625,2,1
2822,0.07425,0.20625,0.36925,0.274,0.07625,3,3
2823,0.00275,0.017,0.05575,0.24475,0.67975,5,5
2824,0.09425,0.265,0.36775,0.21775,0.05525,3,2
2825,0.06375,0.2105,0.37025,0.27425,0.08125,3,1
2826,0.31475,0.38675,0.22,0.0655,0.013,2,3
2827,0.1365,0.3205,0.3345,0.16775,0.04075,3,2
2828,0.06825,0.21525,0.362,0.279,0.0755,3,2
2829,0.01775,0.06225,0.1955,0.4435,0.281,4,5
2830,0.1285,0.28525,0.37525,0.171,0.04,3,2
2831,0.22875,0.37475,0.2775,0.09475,0.02425,2,1
2832,0.0915,0.25375,0.38025,0.22325,0.05125,3,3
2833,0.005,0.022,0.0975,0.34775,0.52775,5,4
2834,0.24375,0.35625,0.27775,0.104,0.01825,2,4
2835,0.18475,0.3805,0.286,0.12625,0.0225,2,3
2836,0.32175,0.3765,0.22475,0.06625,0.01075,2,3
2837,0.011,0.04225,0.1675,0.41725,0.362,4,3
2838,0.22625,0.37625,0.27025,0.10775,0.0195,2,3
2839,0.1045,0.25775,0.3645,0.21925,0.054,3,4
2840,0.00725,0.026,0.10125,0.36,0.5055,5,3
2841,0.32,0.39675,0.203,0.067,0.01325,2,1
2842,0.1335,0.295,0.34925,0.1795,0.04275,3,3
2843,0.08325,0.22525,0.38775,0.23425,0.0695,3,3
2844,0.099,0.26125,0.368,0.2225,0.04925,3,3
2845,0.01025,0.04625,0.1615,0.437,0.345,4,4
2846,0.0125,0.04175,0.1565,0.43125,0.358,4,4
2847,0.018,0.06175,0.20425,0.4325,0.2835,4,4
2848,0.06375,0.21675,0.36525,0.276,0.07825,3,4
2849,0.10575,0.253,0.378,0.21,0.05325,3,2
2850,0.078,0.23475,0.38,0.23575,0.0715,3,3
2851,0.0035,0.01225,0.0555,0.25725,0.6715,5,5
2852,0.00875,0.01975,0.11,0.35,0.5115,5,5
2853,0.22925,0.371,0.28325,0.09175,0.02475,2,2
2854,0.19675,0.36775,0.301,0.10975,0.02475,2,3
2855,0.0025,0.02775,0.096,0.353,0.52075,5,3
2856,0.074,0.2025,0.35825,0.28525,0.08,3,3
2857,0.0145,0.05925,0.204,0.44925,0.273,4,5
2858,0.13125,0.30625,0.352,0.174,0.0365,3,2
2859,0.24875,0.37475,0.26675,0.09225,0.0175,2,2
2860,0.06625,0.21425,0.3605,0.27975,0.07925,3,3
2861,0.005,0.0255,0.0895,0.35675,0.52325,5,3
2862,0.01225,0.03675,0.15575,0.42375,0.3715,4,4
2863,0.31675,0.38225,0.22175,0.06275,0.0165,2,1
2864,0.1325,0.30675,0.34775,0.17075,0.04225,3,5
2865,0.01525,0.059,0.2185,0.439,0.26825,4,4
2866,0.06975,0.2095,0.36,0.27625,0.0845,3,4
2867,0.01225,0.04925,0.18375,0.4305,0.32425,4,2
2868,0.06725,0.195,0.3735,0.28425,0.08,3,2
2869,0.1965,0.35375,0.2985,0.1275,0.02375,2,2
2870,0.0635,0.2125,0.37,0.27825,0.07575,3,3
2871,0.097,0.253,0.3815,0.2165,0.052,3,2
2872,0.22675,0.38275,0.2705,0.1,0.02,2,1
2873,0.13575,0.3105,0.35075,0.167,0.036,3,4
2874,0.228,0.37575,0.27175,0.1,0.0245,2,1
2875,0.2235,0.372,0.28075,0.1045,0.01925,2,3
2876,0.00725,0.02225,0.09725,0.37325,0.5,5,5
2877,0.0035,0.013,0.05075,0.265,0.66775,5,5
2878,0.066,0.20475,0.38,0.26975,0.0795,3,4
2879,0.01375,0.05175,0.1915,0.44725,0.29575,4,4
2880,0.00975,0.04625,0.158,0.42975,0.35625,4,3
2881,0.0055,0.02075,0.09575,0.35675,0.52125,5,1
2882,0.19375,0.35475,0.30325,0.122,0.02625,2,3
2883,0.006,0.024,0.09675,0.361,0.51225,5,5
2884,0.181,0.36275,0.30375,0.129,0.0235,2,3
2885,0.0065,0.02525,0.09425,0.3595,0.5145,5,4
2886,0.20175,0.34575,0.3125,0.1145,0.0255,2,2
2887,0.0125,0.04975,0.14975,0.42975,0.35825,4,1
2888,0.06475,0.207,0.37375,0.27675,0.07775,3,4
2889,0.192,0.36325,0.31075,0.11175,0.02225,2,2
2890,0.00325,0.01175,0.0575,0.255,0.6725,5,5
2891,0.203,0.35675,0.2995,0.1145,0.02625,2,3
2892,0.012,0.03925,0.15175,0.42275,0.37425,4,4
2893,0.09675,0.2545,0.36825,0.222,0.0585,3,3
2894,0.18325,0.37175,0.29225,0.1275,0.02525,2,2
2895,0.0115,0.04825,0.1535,0.44075,0.346,4,4
2896,0.0155,0.0575,0.21425,0.4295,0.28325,4,5
2897,0.0165,0.06825,0.20975,0.43075,0.27475,4,3
2898,0.07025,0.2105,0.3615,0.283,0.07475,3,2
2899,0.06575,0.1945,0.3665,0.28975,0.0835,3,1
2900,0.0095,0.047,0.15925,0.4155,0.36875,4,5
2901,0.06525,0.21575,0.375,0.2645,0.0795,3,4
2902,0.01325,0.05975,0.1975,0.4465,0.283,4,4
2903,0.18725,0.36325,0.3045,0.11875,0.02625,2,4
2904,0.09575,0.26675,0.37225,0.21175,0.0535,3,4
2905,0.008,0.022,0.09,0.36,0.52,5,5
2906,0.06825,0.214,0.3605,0.27275,0.0845,3,3
2907,0.0055,0.0245,0.09375,0.35075,0.5255,5,4
2908,0.00725,0.02725,0.09325,0.35725,0.515,5,5
2909,0.12625,0.3055,0.36,0.16925,0.039,3,3
2910,0.015,0.06325,0.2205,0.418,0.28325,4,4
2911,0.24725,0.379,0.27125,0.08375,0.01875,2,2
2912,0.23225,0.379,0.2705,0.098,0.02025,2,2
2913,0.012,0.03825,0.154,0.42775,0.368,4,5
2914,0.07075,0.209,0.35975,0.28225,0.07825,3,3
2915,0.06925,0.21,0.362,0.2835,0.07525,3,3
2916,0.0025,0.00925,0.05825,0.25425,0.67575,5,5
2917,0.101,0.25725,0.36525,0.221,0.0555,3,4
2918,0.00725,0.0245,0.10125,0.35825,0.50875,5,5
2919,0.19375,0.36525,0.30225,0.1105,0.02825,2,3
2920,0.0615,0.20425,0.377,0.2725,0.08475,3,3
2921,0.0975,0.256,0.3695,0.21725,0.05975,3,2
2922,0.01175,0.04075,0.1535,0.42725,0.36675,4,4
2923,0.23075,0.3755,0.2695,0.101,0.02325,2,1
2924,0.06825,0.19975,0.3655,0.284,0.0825,3,3
2925,0.229,0.3825,0.273,0.09675,0.01875,2,2
2926,0.0695,0.21075,0.3465,0.29175,0.0815,3,4
2927,0.06775,0.21,0.36825,0.2755,0.0785,3,2
2928,0.06175,0.20825,0.369,0.2775,0.0835,3,2
2929,0.0075,0.01925,0.09875,0.34875,0.52575,5,5
2930,0.00625,0.02825,0.091,0.37575,0.49875,5,5
2931,0.0095,0.039,0.1605,0.4295,0.3615,4,5
2932,0.065,0.22275,0.36575,0.27225,0.07425,3,4
2933,0.06525,0.1965,0.3715,0.288,0.07875,3,3
2934,0.00675,0.042,0.15825,0.43825,0.35475,4,4
2935,0.23175,0.36525,0.28175,0.10025,0.021,2,1
2936,0.10075,0.258,0.36375,0.22425,0.05325,3,3
2937,0.0115,0.053,0.1845,0.43775,0.31325,4,5
2938,0.01075,0.045,0.163,0.40575,0.3755,4,5
2939,0.327,0.3845,0.21375,0.06175,0.013,2,2
2940,0.08525,0.2245,0.382,0.24625,0.062,3,2
2941,0.2025,0.35125,0.303,0.11625,0.027,2,3
2942,0.006,0.02075,0.09975,0.35375,0.51975,5,4
2943,0.24175,0.3865,0.26,0.0925,0.01925,2,3
2944,0.07825,0.23425,0.3695,0.2535,0.0645,3,3
2945,0.2505,0.37075,0.26475,0.09475,0.01925,2,3
2946,0.08625,0.219,0.383,0.24275,0.069,3,2
2947,0.00825,0.02775,0.09975,0.35475,0.5095,5,4
2948,0.2495,0.38525,0.25275,0.08925,0.02325,2,1
2949,0.01425,0.04625,0.1615,0.41575,0.36225,4,3
2950,0.09725,0.27475,0.362,0.215,0.051,3,3
2951,0.004,0.02125,0.095,0.358,0.52175,5,5
2952,0.06325,0.1995,0.377,0.28175,0.0785,3,3
2953,0.06675,0.208,0.3605,0.28075,0.084,3,3
2954,0.011,0.04675,0.1665,0.42375,0.352,4,5
2955,0.0035,0.012,0.05475,0.24625,0.6835,5,4
2956,0.1295,0.3075,0.3595,0.167,0.0365,3,3
2957,0.067,0.20525,0.36475,0.28675,0.07625,3,3
2958,0.07775,0.2305,0.37575,0.2495,0.0665,3,4
2959,0.0565,0.206,0.37825,0.27925,0.08,3,1
2960,0.0145,0.0505,0.1865,0.4295,0.319,4,4
2961,0.0105,0.04875,0.16425,0.40325,0.37325,4,5
2962,0.00675,0.0205,0.09275,0.365,0.515,5,5
2963,0.227,0.382,0.267,0.10075,0.02325,2,2
2964,0.012,0.044,0.15475,0.42225,0.367,4,4
2965,0.325,0.393,0.212,0.05625,0.01375,2,2
2966,0.2315,0.37625,0.2715,0.1005,0.02025,2,2
2967,0.009,0.0405,0.163,0.4255,0.362,4,3
2968,0.01075,0.045,0.16025,0.4405,0.3435,4,4
2969,0.0065,0.0215,0.0915,0.357,0.5235,5,4
2970,0.06475,0.19725,0.3725,0.2905,0.075,3,2
2971,0.06725,0.21,0.3565,0.28325,0.083,3,3
2972,0.313,0.39925,0.21,0.066,0.01175,2,4
2973,0.12575,0.30975,0.35125,0.176,0.03725,3,4
2974,0.07525,0.24075,0.3705,0.24625,0.06725,3,3
2975,0.12975,0.3005,0.358,0.16975,0.042,3,2
2976,0.094,0.261,0.373,0.2205,0.0515,3,4
2977,0.06275,0.2105,0.37,0.27525,0.0815,3,4
2978,0.0135,0.0475,0.15425,0.42425,0.3605,4,4
2979,0.07875,0.24325,0.37275,0.234,0.07125,3,3
2980,0.0145,0.0485,0.16825,0.41225,0.3565,4,5
2981,0.2275,0.381,0.27225,0.09525,0.024,2,4
2982,0.228,0.37125,0.278,0.10375,0.019,2,3
2983,0.0665,0.20325,0.36975,0.275,0.0855,3,3
2984,0.006,0.0225,0.086,0.3555,0.53,5,4
2985,0.06675,0.196,0.37675,0.2815,0.079,3,4
2986,0.1255,0.3175,0.34175,0.17475,0.0405,3,4
2987,0.09925,0.26025,0.3715,0.21375,0.05525,3,2
2988,0.00525,0.02325,0.09125,0.3535,0.52675,5,5
2989,0.13075,0.31325,0.34525,0.16675,0.044,3,1
2990,0.197,0.35925,0.30475,0.1145,0.0245,2,2
2991,0.01575,0.04825,0.19425,0.41775,0.324,4,3
