,Prob_Note_1,Prob_Note_2,Prob_Note_3,Prob_Note_4,Prob_Note_5,Note_Predite,Note_Reelle
0,0.0015,0.01725,0.0905,0.38875,0.502,5,5
1,0.07725,0.27925,0.417,0.195,0.0315,3,3
2,0.03775,0.1615,0.42,0.3125,0.06825,3,3
3,0.03125,0.15475,0.406,0.329,0.079,3,4
4,0.0195,0.0935,0.34275,0.4135,0.13075,4,4
5,0.08775,0.32725,0.4065,0.15075,0.02775,3,3
6,0.001,0.00925,0.054,0.30075,0.635,5,5
7,0.01,0.0565,0.27225,0.47225,0.189,4,4
8,0.09975,0.3275,0.4005,0.1495,0.02275,3,3
9,0.007,0.03575,0.19075,0.4855,0.281,4,5
10,0.1275,0.3585,0.3825,0.11625,0.01525,3,3
11,0.20225,0.428,0.29175,0.06725,0.01075,2,2
12,0.04725,0.20525,0.43775,0.25725,0.0525,3,4
13,0.12525,0.3585,0.37575,0.12375,0.01675,3,1
14,0.012,0.0715,0.2715,0.465,0.18,4,3
15,0.037,0.17575,0.41975,0.3025,0.065,3,5
16,0.57975,0.31925,0.08525,0.014,0.00175,1,1
17,0.0015,0.00775,0.06125,0.31175,0.61775,5,4
18,0.03025,0.1385,0.40775,0.34625,0.07725,3,4
19,0.01225,0.08025,0.28625,0.44925,0.172,4,5
20,0.02675,0.13225,0.39075,0.3575,0.09275,3,3
21,0.14775,0.39275,0.3575,0.0905,0.0115,2,3
22,0.37375,0.43175,0.1565,0.033,0.005,2,2
23,0.04525,0.19375,0.43375,0.273,0.05425,3,4
24,0.04325,0.19775,0.44275,0.2545,0.06175,3,3
25,0.001,0.00875,0.06375,0.321,0.6055,5,4
26,0.09225,0.317,0.422,0.142,0.02675,3,3
27,0.0005,0.00575,0.0315,0.207,0.75525,5,5
28,0.01325,0.07175,0.30675,0.43875,0.1695,4,5
29,0.00775,0.04675,0.21425,0.475,0.25625,4,4
30,0.411,0.40925,0.152,0.025,0.00275,1,1
31,0.0895,0.288,0.415,0.17325,0.03425,3,3
32,0.002,0.0215,0.12475,0.435,0.41675,4,1
33,0.0,0.0015,0.0055,0.049,0.944,5,5
34,0.171,0.40925,0.3285,0.08,0.01125,2,2
35,0.017,0.0725,0.30525,0.438,0.16725,4,5
36,0.001,0.00325,0.026,0.177,0.79275,5,5
37,0.021,0.11,0.3335,0.40775,0.12775,4,4
38,0.00975,0.0585,0.26525,0.4725,0.194,4,4
39,0.2695,0.44025,0.2315,0.05025,0.0085,2,2
40,0.021,0.12575,0.389,0.37325,0.091,3,3
41,0.1045,0.338,0.39475,0.14025,0.0225,3,1
42,0.03475,0.17325,0.4005,0.32225,0.06925,3,2
43,0.051,0.2175,0.4205,0.262,0.049,3,3
44,0.02275,0.11925,0.3665,0.38475,0.10675,4,3
45,0.002,0.00725,0.06525,0.3165,0.609,5,4
46,0.04825,0.194,0.41625,0.28575,0.05575,3,1
47,0.133,0.34825,0.3795,0.1225,0.01675,3,3
48,0.0015,0.00675,0.04125,0.26825,0.68225,5,5
49,0.001,0.00775,0.059,0.3085,0.62375,5,5
50,0.48975,0.367,0.1225,0.018,0.00275,1,2
51,0.0765,0.29675,0.4275,0.17075,0.0285,3,3
52,0.2505,0.4425,0.24425,0.0555,0.00725,2,1
53,0.36625,0.428,0.16875,0.03475,0.00225,2,2
54,0.36175,0.4425,0.1595,0.0325,0.00375,2,1
55,0.40275,0.41625,0.148,0.0285,0.0045,2,3
56,0.0055,0.0215,0.12475,0.4275,0.42075,4,4
57,0.00175,0.007,0.052,0.28225,0.657,5,5
58,0.00125,0.01075,0.05625,0.3,0.63175,5,4
59,0.00225,0.013,0.06475,0.35775,0.56225,5,4
60,0.09275,0.32925,0.39725,0.156,0.02475,3,3
61,0.0005,0.01125,0.05275,0.31025,0.62525,5,5
62,0.003,0.01825,0.091,0.40225,0.4855,5,5
63,0.05025,0.22225,0.4305,0.248,0.049,3,2
64,0.00075,0.00625,0.0395,0.23425,0.71925,5,5
65,0.00175,0.016,0.0955,0.39,0.49675,5,3
66,0.008,0.04575,0.209,0.47175,0.2655,4,4
67,0.0005,0.00275,0.01225,0.10175,0.88275,5,5
68,0.0005,0.00725,0.04425,0.26325,0.68475,5,5
69,0.4215,0.412,0.1395,0.02425,0.00275,1,1
70,0.06725,0.24475,0.43,0.219,0.039,3,4
71,0.05625,0.2175,0.435,0.245,0.04625,3,3
72,0.015,0.0855,0.3095,0.43325,0.15675,4,4
73,0.00125,0.0085,0.061,0.3045,0.62475,5,5
74,0.00425,0.01925,0.137,0.434,0.4055,4,5
75,0.0065,0.04625,0.213,0.46775,0.2665,4,4
76,0.06425,0.27625,0.42725,0.19975,0.0325,3,3
77,0.0425,0.17825,0.42025,0.29575,0.06325,3,3
78,0.00525,0.0415,0.18125,0.4505,0.3215,4,3
79,0.01525,0.09525,0.33675,0.41725,0.1355,4,4
80,0.1765,0.4185,0.30275,0.08975,0.0125,2,2
81,0.00625,0.03125,0.1905,0.495,0.277,4,3
82,0.30175,0.45025,0.2035,0.0415,0.003,2,2
83,0.16325,0.395,0.335,0.09375,0.013,2,1
84,0.0885,0.29925,0.4205,0.167,0.02475,3,2
85,0.00525,0.0435,0.20825,0.47375,0.26925,4,3
86,0.00025,0.002,0.007,0.063,0.92775,5,5
87,0.06875,0.283,0.43325,0.1795,0.0355,3,3
88,0.0575,0.21275,0.4325,0.25075,0.0465,3,4
89,0.00025,0.00475,0.03525,0.23,0.72975,5,5
90,0.0285,0.15325,0.4155,0.3195,0.08325,3,3
91,0.001,0.006,0.02825,0.2175,0.74725,5,4
92,0.00875,0.059,0.23225,0.483,0.217,4,4
93,0.01175,0.07525,0.29125,0.4515,0.17025,4,4
94,0.031,0.15125,0.41675,0.326,0.075,3,3
95,0.019,0.11875,0.3515,0.39925,0.1115,4,3
96,0.2495,0.41425,0.2655,0.0615,0.00925,2,2
97,0.02425,0.116,0.37475,0.3795,0.1055,4,4
98,0.001,0.00875,0.04575,0.27475,0.66975,5,5
99,0.04975,0.21325,0.429,0.25875,0.04925,3,4
100,0.0775,0.28475,0.4335,0.17325,0.031,3,2
101,0.03175,0.16425,0.43,0.3055,0.0685,3,3
102,0.005,0.029,0.16,0.4565,0.3495,4,5
103,0.04425,0.17775,0.41025,0.304,0.06375,3,3
104,0.04375,0.20425,0.43575,0.26075,0.0555,3,3
105,0.2545,0.43175,0.2485,0.05875,0.0065,2,2
106,0.16775,0.402,0.3255,0.09175,0.013,2,2
107,0.2325,0.433,0.26475,0.05825,0.0115,2,1
108,0.41475,0.43075,0.126,0.02325,0.00525,2,2
109,0.002,0.0165,0.0875,0.3725,0.5215,5,5
110,0.17875,0.4195,0.31075,0.0805,0.0105,2,2
111,0.017,0.09625,0.345,0.4135,0.12825,4,4
112,0.48825,0.365,0.11875,0.02575,0.00225,1,2
113,0.047,0.19225,0.424,0.2735,0.06325,3,4
114,0.0525,0.21675,0.41725,0.255,0.0585,3,4
115,0.1315,0.37625,0.3505,0.12525,0.0165,2,2
116,0.00975,0.0525,0.24875,0.46925,0.21975,4,4
117,0.0255,0.12575,0.3825,0.37175,0.0945,3,4
118,0.17675,0.4085,0.324,0.077,0.01375,2,2
119,0.0,0.002,0.009,0.09475,0.89425,5,5
120,0.214,0.42975,0.27725,0.069,0.01,2,2
121,0.0005,0.00625,0.04825,0.272,0.673,5,5
122,0.00375,0.01875,0.106,0.421,0.4505,5,5
123,0.00075,0.00475,0.0235,0.16575,0.80525,5,5
124,0.001,0.00425,0.0275,0.17825,0.789,5,5
125,0.063,0.245,0.438,0.213,0.041,3,2
126,0.0025,0.016,0.08175,0.3715,0.52825,5,5
127,0.00025,0.00375,0.02525,0.161,0.80975,5,5
128,0.0015,0.0105,0.0715,0.34525,0.57125,5,5
129,0.198,0.40575,0.3035,0.081,0.01175,2,1
130,0.00475,0.0265,0.14375,0.465,0.36,4,5
131,0.03775,0.16475,0.4245,0.30975,0.06325,3,1
132,0.05975,0.262,0.433,0.20325,0.042,3,3
133,0.03575,0.169,0.421,0.31025,0.064,3,2
134,0.08525,0.29125,0.41775,0.179,0.02675,3,3
135,0.0585,0.22025,0.43175,0.24775,0.04175,3,2
136,0.01975,0.083,0.32875,0.43375,0.13475,4,5
137,0.062,0.2395,0.42325,0.2325,0.04275,3,3
138,0.0035,0.019,0.117,0.448,0.4125,4,4
139,0.208,0.42325,0.28275,0.0765,0.0095,2,2
140,0.00275,0.01675,0.1095,0.41175,0.45925,5,4
141,0.01525,0.078,0.30925,0.44225,0.15525,4,4
142,0.1525,0.391,0.3405,0.10075,0.01525,2,2
143,0.00275,0.016,0.072,0.33375,0.5755,5,4
144,0.16675,0.406,0.31975,0.09325,0.01425,2,2
145,0.081,0.28375,0.41925,0.1865,0.0295,3,5
146,0.00375,0.035,0.166,0.4735,0.32175,4,5
147,0.0005,0.008,0.06275,0.32625,0.6025,5,5
148,0.177,0.40175,0.326,0.08225,0.013,2,5
149,0.15575,0.38375,0.337,0.1055,0.018,2,3
150,0.0085,0.04525,0.215,0.48075,0.2505,4,3
151,0.00075,0.0035,0.03025,0.1875,0.778,5,4
152,0.00125,0.0135,0.0645,0.3475,0.57325,5,4
153,0.01375,0.0745,0.27125,0.461,0.1795,4,4
154,0.3065,0.44825,0.20125,0.03875,0.00525,2,2
155,0.311,0.438,0.203,0.04375,0.00425,2,2
156,0.2455,0.43275,0.25475,0.05975,0.00725,2,1
157,0.03025,0.15625,0.414,0.326,0.0735,3,3
158,0.03625,0.1715,0.4185,0.3025,0.07125,3,4
159,0.005,0.03375,0.157,0.458,0.34625,4,5
160,0.47425,0.38825,0.114,0.02175,0.00175,1,1
161,0.10825,0.3455,0.38975,0.1375,0.019,3,2
162,0.008,0.04825,0.232,0.4825,0.22925,4,4
163,0.13375,0.374,0.36075,0.113,0.0185,2,2
164,0.0,0.00225,0.00925,0.0635,0.925,5,5
165,0.04525,0.18075,0.4245,0.2945,0.055,3,4
166,0.043,0.1945,0.42375,0.28325,0.0555,3,3
167,0.0105,0.06325,0.28425,0.45725,0.18475,4,3
168,0.757,0.20025,0.037,0.00525,0.0005,1,1
169,0.17775,0.4165,0.318,0.078,0.00975,2,3
170,0.0005,0.00675,0.03875,0.248,0.706,5,4
171,0.3415,0.4305,0.1865,0.03725,0.00425,2,2
172,0.00275,0.0095,0.05425,0.26775,0.66575,5,5
173,0.04775,0.2025,0.4215,0.27275,0.0555,3,3
174,0.1555,0.394,0.34375,0.0945,0.01225,2,2
175,0.26575,0.43825,0.238,0.05175,0.00625,2,2
176,0.00175,0.02125,0.1105,0.43125,0.43525,5,4
177,0.304,0.43725,0.20675,0.0455,0.0065,2,2
178,0.19225,0.42825,0.29375,0.0745,0.01125,2,2
179,0.03375,0.15275,0.42075,0.321,0.07175,3,5
180,0.0185,0.092,0.324,0.42,0.1455,4,3
181,0.034,0.17225,0.41825,0.3045,0.071,3,4
182,0.00275,0.027,0.154,0.44725,0.369,4,3
183,0.0715,0.2545,0.427,0.211,0.036,3,5
184,0.04975,0.21575,0.436,0.24475,0.05375,3,3
185,0.0735,0.28,0.42875,0.18575,0.032,3,3
186,0.088,0.33,0.4065,0.15275,0.02275,3,3
187,0.05025,0.2165,0.43875,0.24475,0.04975,3,4
188,0.03475,0.1545,0.40775,0.3255,0.0775,3,4
189,0.00175,0.01325,0.0905,0.37475,0.51975,5,5
190,0.06075,0.262,0.43125,0.21325,0.03275,3,3
191,0.02775,0.12975,0.40375,0.3495,0.08925,3,3
192,0.0335,0.15125,0.41225,0.3245,0.0785,3,3
193,0.005,0.02625,0.12775,0.4555,0.3855,4,3
194,0.0105,0.06425,0.26075,0.462,0.2025,4,2
195,0.1325,0.3605,0.36275,0.124,0.02025,3,1
196,0.012,0.07,0.2785,0.4505,0.189,4,2
197,0.1175,0.37975,0.36125,0.12675,0.01475,2,1
198,0.00525,0.03125,0.15825,0.46275,0.3425,4,2
199,0.2275,0.4135,0.2785,0.07075,0.00975,2,2
200,0.0195,0.128,0.411,0.35525,0.08625,3,4
201,0.158,0.41075,0.32625,0.09,0.015,2,3
202,0.001,0.00775,0.04675,0.2765,0.668,5,5
203,0.39775,0.41425,0.159,0.025,0.004,2,1
204,0.0,0.0045,0.0285,0.21325,0.75375,5,5
205,0.092,0.30425,0.411,0.16375,0.029,3,3
206,0.00475,0.024,0.1375,0.455,0.37875,4,2
207,0.0615,0.23875,0.439,0.21925,0.0415,3,4
208,0.05475,0.22175,0.43775,0.23525,0.0505,3,2
209,0.009,0.05575,0.2395,0.46325,0.2325,4,5
210,0.003,0.02375,0.15025,0.46425,0.35875,4,4
211,0.513,0.36275,0.10375,0.0175,0.003,1,3
212,0.0125,0.06075,0.2745,0.46,0.19225,4,4
213,0.18525,0.40325,0.312,0.085,0.0145,2,2
214,0.00175,0.009,0.06175,0.31675,0.61075,5,5
215,0.00475,0.02075,0.13925,0.4355,0.39975,4,5
216,0.023,0.116,0.3755,0.37675,0.10875,4,2
217,0.005,0.03275,0.187,0.46525,0.31,4,3
218,0.00375,0.02525,0.13425,0.4445,0.39225,4,4
219,0.1065,0.329,0.394,0.14825,0.02225,3,4
220,0.0285,0.14425,0.39325,0.33775,0.09625,3,3
221,0.80675,0.1615,0.02675,0.00375,0.00125,1,1
222,0.0965,0.2955,0.42125,0.1615,0.02525,3,3
223,0.04225,0.2025,0.4315,0.2665,0.05725,3,3
224,0.0135,0.087,0.33975,0.41875,0.141,4,3
225,0.07275,0.29075,0.4185,0.186,0.032,3,3
226,0.0375,0.155,0.40725,0.32925,0.071,3,3
227,0.19325,0.42,0.2985,0.07775,0.0105,2,3
228,0.14975,0.37075,0.3595,0.104,0.016,2,2
229,0.366,0.42675,0.1655,0.038,0.00375,2,2
230,0.00225,0.01425,0.079,0.37325,0.53125,5,4
231,0.01625,0.08875,0.33325,0.42025,0.1415,4,5
232,0.20775,0.4235,0.289,0.07,0.00975,2,4
233,0.0035,0.03125,0.163,0.44625,0.356,4,3
234,0.15775,0.3835,0.344,0.09825,0.0165,2,2
235,0.004,0.0165,0.10175,0.4,0.47775,5,4
236,0.23475,0.42425,0.26925,0.064,0.00775,2,2
237,0.023,0.11375,0.381,0.37525,0.107,3,3
238,0.2615,0.43275,0.24525,0.051,0.0095,2,2
239,0.037,0.18025,0.40875,0.306,0.068,3,4
240,0.4715,0.38325,0.1195,0.02125,0.0045,1,1
241,0.0375,0.18225,0.41725,0.291,0.072,3,2
242,0.25925,0.4355,0.24425,0.05425,0.00675,2,1
243,0.23475,0.445,0.2535,0.05925,0.0075,2,2
244,0.001,0.00675,0.04875,0.28825,0.65525,5,4
245,0.0385,0.158,0.42125,0.31875,0.0635,3,3
246,0.0005,0.004,0.04375,0.2435,0.70825,5,5
247,0.12075,0.36025,0.38175,0.11575,0.0215,3,2
248,0.0045,0.0255,0.14975,0.46925,0.351,4,3
249,0.14925,0.384,0.3535,0.096,0.01725,2,2
250,0.1035,0.32425,0.3955,0.15325,0.0235,3,2
251,0.002,0.014,0.0805,0.356,0.5475,5,1
252,0.00175,0.011,0.0595,0.32075,0.607,5,4
253,0.00575,0.02725,0.15525,0.44625,0.3655,4,4
254,0.00475,0.0385,0.18675,0.4585,0.3115,4,4
255,0.0365,0.16525,0.42125,0.306,0.071,3,3
256,0.0,0.00375,0.01875,0.15375,0.82375,5,5
257,0.01425,0.07775,0.3405,0.42825,0.13925,4,3
258,0.003,0.0135,0.09425,0.371,0.51825,5,5
259,0.0,0.0035,0.02525,0.16875,0.8025,5,5
260,0.0775,0.29175,0.41975,0.1825,0.0285,3,4
261,0.19775,0.422,0.29575,0.07075,0.01375,2,2
262,0.07375,0.27825,0.4415,0.17875,0.02775,3,1
263,0.01625,0.075,0.32175,0.43475,0.15225,4,4
264,0.01,0.0785,0.29625,0.43925,0.176,4,4
265,0.01325,0.07475,0.3185,0.43925,0.15425,4,4
266,0.01575,0.09775,0.35375,0.4155,0.11725,4,4
267,0.27725,0.43225,0.238,0.0465,0.006,2,3
268,0.035,0.16625,0.408,0.3175,0.07325,3,4
269,0.0015,0.01125,0.07625,0.36425,0.54675,5,5
270,0.0015,0.0065,0.04575,0.2665,0.67975,5,5
271,0.00075,0.005,0.03125,0.22725,0.73575,5,3
272,0.003,0.011,0.0755,0.3805,0.53,5,5
273,0.13225,0.37675,0.35975,0.1125,0.01875,2,2
274,0.02075,0.1275,0.36775,0.37375,0.11025,4,3
275,0.00125,0.007,0.039,0.21775,0.735,5,5
276,0.26,0.448,0.2405,0.04675,0.00475,2,3
277,0.05575,0.237,0.44025,0.221,0.046,3,3
278,0.0015,0.0035,0.023,0.171,0.801,5,4
279,0.11125,0.34575,0.38875,0.1335,0.02075,3,2
280,0.0055,0.0405,0.19325,0.46525,0.2955,4,4
281,0.008,0.03725,0.207,0.474,0.27375,4,5
282,0.03225,0.16,0.408,0.321,0.07875,3,3
283,0.0835,0.30525,0.41575,0.16675,0.02875,3,2
284,0.22725,0.432,0.271,0.061,0.00875,2,2
285,0.03225,0.146,0.40975,0.32125,0.09075,3,4
286,0.359,0.429,0.1765,0.031,0.0045,2,1
287,0.0045,0.03375,0.1845,0.46925,0.308,4,5
288,0.5415,0.3505,0.0925,0.01375,0.00175,1,2
289,0.00225,0.01925,0.10775,0.39275,0.478,5,5
290,0.00125,0.01725,0.11575,0.4285,0.43725,5,5
291,0.00275,0.016,0.09575,0.3945,0.491,5,3
292,0.00375,0.019,0.1005,0.39825,0.4785,5,4
293,0.0055,0.03675,0.19775,0.4685,0.2915,4,5
294,0.15975,0.4105,0.315,0.10275,0.012,2,2
295,0.24525,0.43875,0.2535,0.05675,0.00575,2,2
296,0.0035,0.0245,0.1335,0.4065,0.432,5,4
297,0.186,0.406,0.3045,0.08975,0.01375,2,1
298,0.31275,0.4365,0.207,0.039,0.00475,2,1
299,0.0145,0.067,0.27175,0.45475,0.192,4,3
300,0.1185,0.3675,0.377,0.12025,0.01675,3,2
301,0.04725,0.2155,0.43275,0.258,0.0465,3,3
302,0.16375,0.421,0.311,0.09125,0.013,2,4
303,0.055,0.23325,0.431,0.2345,0.04625,3,2
304,0.056,0.23425,0.43225,0.22925,0.04825,3,3
305,0.038,0.16075,0.407,0.32325,0.071,3,5
306,0.00175,0.01725,0.091,0.37675,0.51325,5,4
307,0.083,0.3075,0.4175,0.16475,0.02725,3,3
308,0.03475,0.15425,0.4165,0.32275,0.07175,3,3
309,0.002,0.00875,0.0545,0.2985,0.63625,5,5
310,0.0045,0.02225,0.12175,0.44175,0.40975,4,4
311,0.00625,0.0495,0.235,0.453,0.25625,4,5
312,0.04775,0.21075,0.42575,0.26375,0.052,3,3
313,0.11475,0.3635,0.37775,0.12625,0.01775,3,2
314,0.0095,0.0455,0.2515,0.482,0.2115,4,4
315,0.01825,0.12275,0.36525,0.379,0.11475,4,1
316,0.001,0.0065,0.0515,0.27375,0.66725,5,5
317,0.22375,0.43325,0.264,0.06875,0.01025,2,1
318,0.0045,0.013,0.101,0.39675,0.48475,5,4
319,0.02925,0.1395,0.3845,0.3425,0.10425,3,4
320,0.121,0.3515,0.38025,0.13025,0.017,3,3
321,0.0,0.0075,0.04275,0.2435,0.70625,5,5
322,0.00925,0.053,0.249,0.466,0.22275,4,5
323,0.00225,0.01775,0.091,0.388,0.501,5,5
324,0.0195,0.09525,0.34225,0.40825,0.13475,4,4
325,0.012,0.06625,0.2565,0.466,0.19925,4,3
326,0.02225,0.13125,0.3835,0.368,0.095,3,2
327,0.169,0.393,0.32775,0.0975,0.01275,2,4
328,0.013,0.0605,0.26875,0.4605,0.19725,4,5
329,0.034,0.1675,0.4105,0.3235,0.0645,3,3
330,0.6335,0.296,0.06075,0.008,0.00175,1,1
331,0.07325,0.263,0.42725,0.2,0.0365,3,4
332,0.06825,0.2625,0.435,0.19875,0.0355,3,3
333,0.0,0.00075,0.008,0.058,0.93325,5,5
334,0.031,0.148,0.40275,0.3285,0.08975,3,3
335,0.066,0.282,0.42725,0.191,0.03375,3,3
336,0.62575,0.28975,0.07225,0.01125,0.001,1,1
337,0.0395,0.166,0.41725,0.3065,0.07075,3,4
338,0.1815,0.427,0.29575,0.08575,0.01,2,2
339,0.03175,0.14725,0.417,0.31825,0.08575,3,5
340,0.0035,0.0215,0.11925,0.41275,0.443,5,5
341,0.0045,0.02225,0.12675,0.4365,0.41,4,5
342,0.01325,0.08325,0.3035,0.4435,0.1565,4,3
343,0.19825,0.415,0.305,0.07425,0.0075,2,2
344,0.022,0.11725,0.36075,0.38475,0.11525,4,3
345,0.09525,0.318,0.40275,0.1585,0.0255,3,2
346,0.10625,0.327,0.38875,0.15625,0.02175,3,4
347,0.016,0.095,0.335,0.428,0.126,4,4
348,0.00125,0.00325,0.02125,0.16275,0.8115,5,5
349,0.00075,0.006,0.03375,0.221,0.7385,5,5
350,0.04175,0.1715,0.4255,0.2935,0.06775,3,3
351,0.11425,0.37125,0.3745,0.122,0.018,3,1
352,0.002,0.01225,0.0845,0.3675,0.53375,5,4
353,0.3165,0.42525,0.19925,0.0535,0.0055,2,2
354,0.56675,0.337,0.08225,0.0125,0.0015,1,1
355,0.1325,0.35525,0.371,0.11975,0.0215,3,2
356,0.06775,0.27075,0.42375,0.201,0.03675,3,3
357,0.00525,0.03275,0.19825,0.46,0.30375,4,4
358,0.021,0.09375,0.35575,0.4055,0.124,4,3
359,0.01575,0.0955,0.323,0.4265,0.13925,4,4
360,0.2635,0.4305,0.244,0.05425,0.00775,2,2
361,0.0115,0.0545,0.26225,0.47325,0.1985,4,4
362,0.04125,0.18325,0.4295,0.281,0.065,3,2
363,0.0425,0.18175,0.42725,0.28775,0.06075,3,3
364,0.10225,0.3245,0.40375,0.14625,0.02325,3,2
365,0.00175,0.0105,0.048,0.28925,0.6505,5,5
366,0.04475,0.202,0.43,0.2695,0.05375,3,3
367,0.00625,0.03225,0.18025,0.474,0.30725,4,5
368,0.0355,0.15225,0.40525,0.3285,0.0785,3,1
369,0.05775,0.2295,0.42925,0.23825,0.04525,3,4
370,0.0795,0.2915,0.42425,0.1805,0.02425,3,3
371,0.08875,0.301,0.42075,0.16375,0.02575,3,3
372,0.01475,0.084,0.29875,0.43975,0.16275,4,3
373,0.0465,0.222,0.4315,0.25425,0.04575,3,3
374,0.00925,0.04975,0.2255,0.46325,0.25225,4,5
375,0.00525,0.0255,0.128,0.435,0.40625,4,5
376,0.0005,0.01,0.04925,0.25975,0.6805,5,5
377,0.0615,0.2495,0.437,0.21175,0.04025,3,3
378,0.0325,0.18625,0.42575,0.2845,0.071,3,4
379,0.00475,0.03275,0.16175,0.47475,0.326,4,4
380,0.00425,0.024,0.14075,0.44725,0.38375,4,4
381,0.01125,0.0615,0.27125,0.452,0.204,4,4
382,0.12375,0.36325,0.3675,0.12225,0.02325,3,4
383,0.3565,0.424,0.1765,0.03525,0.00775,2,3
384,0.04175,0.17175,0.42225,0.29725,0.067,3,4
385,0.00275,0.01575,0.1,0.4045,0.477,5,4
386,0.01675,0.09,0.318,0.43175,0.1435,4,3
387,0.0015,0.013,0.08825,0.37475,0.5225,5,5
388,0.0005,0.004,0.0295,0.194,0.772,5,3
389,0.2355,0.434,0.26575,0.055,0.00975,2,2
390,0.08625,0.294,0.4115,0.1775,0.03075,3,2
391,0.004,0.02125,0.13175,0.42225,0.42075,4,5
392,0.0205,0.12,0.382,0.36975,0.10775,3,4
393,0.17825,0.42225,0.31275,0.07625,0.0105,2,1
394,0.094,0.31925,0.41175,0.15375,0.02125,3,3
395,0.037,0.18025,0.42075,0.30075,0.06125,3,3
396,0.009,0.068,0.27425,0.45275,0.196,4,4
397,0.00125,0.012,0.056,0.31875,0.612,5,5
398,0.162,0.416,0.314,0.0955,0.0125,2,2
399,0.06925,0.2615,0.43025,0.205,0.034,3,4
400,0.0015,0.008,0.06425,0.2935,0.63275,5,5
401,0.0085,0.04275,0.19775,0.46975,0.28125,4,4
402,0.02625,0.15275,0.40275,0.3335,0.08475,3,3
403,0.0025,0.0195,0.13475,0.435,0.40825,4,5
404,0.1365,0.38125,0.34975,0.118,0.0145,2,2
405,0.24675,0.4225,0.26025,0.0625,0.008,2,2
406,0.00025,0.00425,0.0285,0.198,0.769,5,4
407,0.00275,0.0225,0.14475,0.452,0.378,4,4
408,0.19625,0.42575,0.291,0.0755,0.0115,2,2
409,0.09075,0.33725,0.3985,0.14625,0.02725,3,1
410,0.1215,0.36025,0.372,0.1265,0.01975,3,3
411,0.401,0.42475,0.1445,0.02625,0.0035,2,1
412,0.00225,0.0075,0.06,0.2975,0.63275,5,5
413,0.05,0.20925,0.45325,0.2445,0.043,3,3
414,0.002,0.00725,0.0715,0.31625,0.603,5,5
415,0.149,0.39925,0.33675,0.09675,0.01825,2,2
416,0.333,0.4405,0.18725,0.03425,0.005,2,1
417,0.2585,0.427,0.249,0.0585,0.007,2,2
418,0.148,0.40425,0.33875,0.0915,0.0175,2,2
419,0.02,0.12525,0.37725,0.37825,0.09925,4,2
420,0.07925,0.26475,0.429,0.19325,0.03375,3,3
421,0.01725,0.07875,0.31175,0.44275,0.1495,4,5
422,0.2125,0.4195,0.28575,0.073,0.00925,2,4
423,0.00775,0.05025,0.211,0.49025,0.24075,4,4
424,0.004,0.0305,0.187,0.4745,0.304,4,3
425,0.0265,0.1375,0.392,0.355,0.089,3,3
426,0.06075,0.24225,0.429,0.22625,0.04175,3,4
427,0.0065,0.04075,0.204,0.483,0.26575,4,4
428,0.39125,0.41375,0.16,0.03075,0.00425,2,2
429,0.01425,0.074,0.28975,0.45225,0.16975,4,5
430,0.00275,0.018,0.1135,0.41525,0.4505,5,4
431,0.00375,0.0185,0.10625,0.3955,0.476,5,5
432,0.34475,0.4335,0.18475,0.03275,0.00425,2,2
433,0.0025,0.019,0.12325,0.437,0.41825,4,4
434,0.009,0.05525,0.2515,0.46625,0.218,4,5
435,0.0065,0.045,0.22575,0.47875,0.244,4,2
436,0.00075,0.003,0.033,0.21225,0.751,5,5
437,0.14925,0.37425,0.35575,0.10375,0.017,2,2
438,0.00075,0.00875,0.04475,0.2595,0.68625,5,4
439,0.05475,0.24075,0.447,0.21875,0.03875,3,3
440,0.0025,0.01125,0.08475,0.386,0.5155,5,5
441,0.01475,0.07625,0.262,0.461,0.186,4,2
442,0.00025,0.0055,0.03175,0.22525,0.73725,5,4
443,0.5405,0.35175,0.08975,0.0165,0.0015,1,1
444,0.31225,0.4195,0.21425,0.04725,0.00675,2,4
445,0.05475,0.24725,0.438,0.22725,0.03275,3,3
446,0.021,0.11975,0.36475,0.3905,0.104,4,4
447,0.4095,0.42525,0.13825,0.02425,0.00275,2,2
448,0.00525,0.022,0.12075,0.42875,0.42325,4,5
449,0.08425,0.29525,0.42625,0.16775,0.0265,3,4
450,0.09125,0.3125,0.41175,0.159,0.0255,3,3
451,0.00025,0.004,0.01775,0.12475,0.85325,5,5
452,0.1065,0.328,0.4005,0.14025,0.02475,3,4
453,0.0465,0.24075,0.43925,0.229,0.0445,3,3
454,0.24225,0.44025,0.25975,0.05025,0.0075,2,2
455,0.002,0.01375,0.07525,0.371,0.538,5,5
456,0.0015,0.00875,0.06375,0.31525,0.61075,5,5
457,0.0325,0.156,0.41675,0.317,0.07775,3,4
458,0.27875,0.4295,0.2335,0.05025,0.008,2,2
459,0.00125,0.0145,0.0965,0.39925,0.4885,5,4
460,0.01775,0.088,0.3255,0.4255,0.14325,4,4
461,0.01275,0.077,0.2765,0.458,0.17575,4,5
462,0.348,0.44175,0.17625,0.03,0.004,2,3
463,0.02025,0.11925,0.3645,0.38975,0.10625,4,4
464,0.00975,0.04,0.2115,0.462,0.27675,4,4
465,0.0055,0.036,0.2075,0.47925,0.27175,4,5
466,0.546,0.3405,0.094,0.01875,0.00075,1,1
467,0.0925,0.325,0.4145,0.14575,0.02225,3,2
468,0.0015,0.00625,0.0625,0.292,0.63775,5,4
469,0.00625,0.05025,0.23,0.46675,0.24675,4,3
470,0.01775,0.092,0.339,0.42075,0.1305,4,3
471,0.0005,0.004,0.0425,0.2205,0.7325,5,5
472,0.00775,0.051,0.224,0.4745,0.24275,4,5
473,0.11225,0.35575,0.38325,0.13075,0.018,3,2
474,0.14225,0.40375,0.345,0.09475,0.01425,2,2
475,0.26925,0.447,0.22525,0.05125,0.00725,2,3
476,0.02975,0.1445,0.413,0.33075,0.082,3,3
477,0.104,0.316,0.3935,0.1615,0.025,3,3
478,0.02275,0.11725,0.36725,0.3815,0.11125,4,3
479,0.00225,0.01575,0.0825,0.39375,0.50575,5,5
480,0.0,0.00125,0.0025,0.0325,0.96375,5,5
481,0.00375,0.01975,0.13375,0.439,0.40375,4,3
482,0.01525,0.078,0.3015,0.4555,0.14975,4,4
483,0.00425,0.03475,0.176,0.476,0.309,4,4
484,0.0085,0.04525,0.2165,0.46075,0.269,4,3
485,0.0045,0.02525,0.12225,0.431,0.417,4,5
486,0.086,0.293,0.42225,0.16725,0.0315,3,3
487,0.00225,0.028,0.15,0.4535,0.36625,4,4
488,0.011,0.0765,0.31075,0.44725,0.1545,4,4
489,0.19,0.40925,0.30075,0.091,0.009,2,2
490,0.00475,0.0305,0.14725,0.42575,0.39175,4,5
491,0.0045,0.026,0.12325,0.4305,0.41575,4,5
492,0.05375,0.21475,0.451,0.23525,0.04525,3,3
493,0.0495,0.20925,0.43925,0.2535,0.0485,3,4
494,0.34875,0.41925,0.19,0.03675,0.00525,2,2
495,0.363,0.42775,0.17525,0.031,0.003,2,2
496,0.04825,0.21125,0.4105,0.27925,0.05075,3,2
497,0.11625,0.35625,0.3775,0.129,0.021,3,2
498,0.00425,0.022,0.1455,0.46125,0.367,4,4
499,0.12325,0.35,0.369,0.13475,0.023,3,3
500,0.03675,0.18125,0.42,0.29275,0.06925,3,3
501,0.03725,0.17075,0.42,0.29825,0.07375,3,4
502,0.1975,0.43575,0.288,0.0685,0.01025,2,2
503,0.13925,0.39,0.34675,0.108,0.016,2,3
504,0.00275,0.02575,0.1465,0.47375,0.35125,4,3
505,0.129,0.35775,0.37375,0.12125,0.01825,3,2
506,0.0185,0.116,0.36325,0.388,0.11425,4,4
507,0.009,0.056,0.24975,0.46175,0.2235,4,5
508,0.26075,0.446,0.234,0.05325,0.006,2,3
509,0.061,0.242,0.446,0.218,0.033,3,3
510,0.0395,0.176,0.41575,0.305,0.06375,3,4
511,0.03575,0.1735,0.428,0.29925,0.0635,3,4
512,0.00725,0.05025,0.22775,0.47525,0.2395,4,3
513,0.0235,0.1415,0.398,0.34425,0.09275,3,4
514,0.36475,0.41575,0.181,0.034,0.0045,2,3
515,0.002,0.013,0.089,0.3785,0.5175,5,5
516,0.0015,0.0155,0.0805,0.37525,0.52725,5,5
517,0.01825,0.092,0.339,0.41425,0.1365,4,4
518,0.00275,0.01925,0.10725,0.42875,0.442,5,5
519,0.00125,0.01075,0.062,0.3435,0.5825,5,5
520,0.60825,0.31275,0.067,0.01075,0.00125,1,1
521,0.012,0.0665,0.27275,0.44725,0.2015,4,5
522,0.00975,0.05575,0.23625,0.4775,0.22075,4,3
523,0.002,0.0095,0.05525,0.29525,0.638,5,4
524,0.01625,0.08725,0.31125,0.4285,0.15675,4,5
525,0.0005,0.003,0.019,0.13325,0.84425,5,5
526,0.002,0.02075,0.10025,0.402,0.475,5,4
527,0.277,0.4315,0.23525,0.0515,0.00475,2,1
528,0.00225,0.014,0.0865,0.35925,0.538,5,4
529,0.00575,0.0465,0.21775,0.4665,0.2635,4,5
530,0.642,0.28775,0.0575,0.01125,0.0015,1,2
531,0.33075,0.42925,0.19175,0.041,0.00725,2,1
532,0.18,0.41625,0.31625,0.07875,0.00875,2,3
533,0.0005,0.01125,0.06425,0.33925,0.58475,5,5
534,0.00175,0.0075,0.05925,0.327,0.6045,5,3
535,0.00075,0.004,0.03625,0.215,0.744,5,5
536,0.00025,0.0055,0.0265,0.15775,0.81,5,5
537,0.0,0.0005,0.004,0.0365,0.959,5,5
538,0.00525,0.0325,0.1645,0.44725,0.3505,4,4
539,0.1785,0.415,0.31275,0.0835,0.01025,2,3
540,0.00075,0.00175,0.025,0.15625,0.81625,5,5
541,0.0565,0.231,0.42175,0.24125,0.0495,3,3
542,0.08125,0.2935,0.413,0.17975,0.0325,3,2
543,0.053,0.2415,0.42825,0.22825,0.049,3,4
544,0.0025,0.016,0.0785,0.374,0.529,5,4
545,0.024,0.11475,0.37675,0.3665,0.118,3,3
546,0.16325,0.387,0.3355,0.09825,0.016,2,1
547,0.00375,0.02675,0.13975,0.4495,0.38025,4,3
548,0.0035,0.01675,0.1085,0.42575,0.4455,5,4
549,0.0125,0.084,0.317,0.42925,0.15725,4,4
550,0.0135,0.07675,0.28775,0.45075,0.17125,4,4
551,0.059,0.239,0.43325,0.226,0.04275,3,1
552,0.0095,0.0555,0.251,0.47025,0.21375,4,4
553,0.00075,0.005,0.03225,0.21875,0.74325,5,5
554,0.0005,0.00525,0.04825,0.2545,0.6915,5,4
555,0.0,0.00175,0.01025,0.093,0.895,5,5
556,0.145,0.3695,0.36375,0.10725,0.0145,2,1
557,0.0815,0.31375,0.4155,0.158,0.03125,3,3
558,0.0005,0.00275,0.02925,0.20025,0.76725,5,5
559,0.14075,0.37,0.3525,0.11975,0.017,2,4
560,0.004,0.019,0.12375,0.42575,0.4275,5,5
561,0.00775,0.052,0.241,0.47725,0.222,4,5
562,0.47975,0.3795,0.1145,0.02425,0.002,1,1
563,0.0025,0.01075,0.06225,0.31475,0.60975,5,4
564,0.0035,0.02925,0.134,0.44525,0.388,4,3
565,0.0685,0.26425,0.4345,0.19825,0.0345,3,4
566,0.0735,0.2945,0.424,0.177,0.031,3,2
567,0.0705,0.2605,0.41875,0.2135,0.03675,3,3
568,0.004,0.019,0.11725,0.44475,0.415,4,5
569,0.01425,0.08125,0.30525,0.44075,0.1585,4,3
570,0.0,0.00125,0.01525,0.116,0.8675,5,5
571,0.00175,0.007,0.036,0.24125,0.714,5,5
572,0.056,0.2315,0.45,0.2195,0.043,3,3
573,0.022,0.12625,0.3765,0.381,0.09425,4,4
574,0.00125,0.00475,0.03075,0.21725,0.746,5,3
575,0.0015,0.01125,0.06875,0.33775,0.58075,5,5
576,0.00325,0.02125,0.09825,0.40125,0.476,5,1
577,0.0415,0.168,0.4185,0.30225,0.06975,3,3
578,0.00025,0.00575,0.0455,0.238,0.7105,5,4
579,0.2375,0.4455,0.25475,0.0555,0.00675,2,2
580,0.21375,0.43175,0.28175,0.06425,0.0085,2,2
581,0.13225,0.377,0.36525,0.1095,0.016,2,3
582,0.007,0.04425,0.216,0.47275,0.26,4,4
583,0.27625,0.424,0.233,0.058,0.00875,2,1
584,0.0035,0.0275,0.1465,0.447,0.3755,4,4
585,0.0435,0.19275,0.41825,0.28525,0.06025,3,3
586,0.0,0.0015,0.0055,0.0415,0.9515,5,5
587,0.26125,0.44375,0.23075,0.058,0.00625,2,2
588,0.09225,0.295,0.4115,0.17025,0.031,3,3
589,0.10075,0.35,0.40375,0.12825,0.01725,3,3
590,0.13975,0.376,0.35825,0.11,0.016,2,2
591,0.03025,0.16225,0.4065,0.324,0.077,3,2
592,0.086,0.294,0.42975,0.16325,0.027,3,2
593,0.18725,0.429,0.29875,0.07625,0.00875,2,3
594,0.096,0.315,0.40575,0.16275,0.0205,3,3
595,0.00125,0.0055,0.029,0.21475,0.7495,5,5
596,0.00275,0.01725,0.10525,0.4045,0.47025,5,4
597,0.0255,0.12,0.383,0.36475,0.10675,3,2
598,0.089,0.28875,0.40875,0.18425,0.02925,3,2
599,0.00775,0.0565,0.25275,0.47275,0.21025,4,4
600,0.026,0.13675,0.37425,0.36825,0.09475,3,3
601,0.01275,0.064,0.27775,0.47,0.1755,4,4
602,0.01925,0.09625,0.3535,0.41,0.121,4,3
603,0.0435,0.18775,0.421,0.28125,0.0665,3,3
604,0.2085,0.43825,0.28125,0.06425,0.00775,2,4
605,0.00325,0.01025,0.071,0.3365,0.579,5,5
606,0.00325,0.01125,0.07575,0.36125,0.5485,5,3
607,0.041,0.20025,0.4135,0.288,0.05725,3,2
608,0.002,0.01675,0.108,0.395,0.47825,5,2
609,0.00075,0.00125,0.014,0.09775,0.88625,5,5
610,0.011,0.0575,0.279,0.4565,0.196,4,4
611,0.017,0.096,0.33425,0.41275,0.14,4,2
612,0.0665,0.274,0.43225,0.193,0.03425,3,3
613,0.0335,0.16275,0.4175,0.318,0.06825,3,3
614,0.13525,0.36575,0.37625,0.108,0.01475,3,2
615,0.72725,0.222,0.043,0.007,0.00075,1,1
616,0.02025,0.12175,0.36475,0.3895,0.10375,4,2
617,0.16525,0.42725,0.3125,0.08425,0.01075,2,2
618,0.0005,0.00425,0.0385,0.22975,0.727,5,5
619,0.08575,0.31625,0.407,0.1695,0.0215,3,2
620,0.3185,0.44425,0.1935,0.03825,0.0055,2,2
621,0.00075,0.0075,0.05,0.28275,0.659,5,4
622,0.00425,0.027,0.15525,0.4565,0.357,4,5
623,0.2145,0.44475,0.26375,0.06875,0.00825,2,4
624,0.0,0.00025,0.01175,0.07325,0.91475,5,5
625,0.33275,0.4335,0.18375,0.0425,0.0075,2,2
626,0.05725,0.22775,0.431,0.23975,0.04425,3,3
627,0.00375,0.03425,0.1605,0.45575,0.34575,4,4
628,0.08475,0.32275,0.41025,0.16,0.02225,3,3
629,0.09125,0.3015,0.41675,0.1635,0.027,3,2
630,0.04925,0.213,0.429,0.25875,0.05,3,3
631,0.17675,0.4085,0.31525,0.086,0.0135,2,2
632,0.01275,0.0765,0.32775,0.43075,0.15225,4,4
633,0.0295,0.1395,0.4085,0.33975,0.08275,3,3
634,0.158,0.40575,0.326,0.094,0.01625,2,3
635,0.1575,0.39375,0.34225,0.0945,0.012,2,4
636,0.5795,0.31875,0.08675,0.01125,0.00375,1,1
637,0.214,0.42425,0.28325,0.07,0.0085,2,2
638,0.01125,0.0745,0.29625,0.45725,0.16075,4,3
639,0.13625,0.37975,0.35975,0.10975,0.0145,2,3
640,0.10475,0.3305,0.39925,0.146,0.0195,3,3
641,0.004,0.0175,0.095,0.392,0.4915,5,3
642,0.003,0.0275,0.12925,0.441,0.39925,4,4
643,0.05675,0.2405,0.44025,0.2185,0.044,3,3
644,0.5815,0.31725,0.085,0.01375,0.0025,1,1
645,0.03975,0.1845,0.43725,0.281,0.0575,3,2
646,0.0455,0.19375,0.4345,0.27075,0.0555,3,2
647,0.002,0.0195,0.11325,0.41575,0.4495,5,5
648,0.0145,0.0715,0.30325,0.446,0.16475,4,3
649,0.0085,0.0485,0.234,0.4715,0.2375,4,4
650,0.00175,0.0075,0.04675,0.265,0.679,5,5
651,0.3875,0.42075,0.15575,0.03175,0.00425,2,3
652,0.001,0.01,0.05375,0.288,0.64725,5,4
653,0.05325,0.22475,0.43975,0.241,0.04125,3,3
654,0.2155,0.41175,0.2905,0.072,0.01025,2,1
655,0.00925,0.04925,0.22725,0.471,0.24325,4,4
656,0.00175,0.01375,0.07825,0.338,0.56825,5,4
657,0.0705,0.27875,0.42225,0.195,0.0335,3,2
658,0.00225,0.0105,0.0655,0.342,0.57975,5,4
659,0.21475,0.42875,0.28275,0.06575,0.008,2,3
660,0.0055,0.021,0.13175,0.4315,0.41025,4,4
661,0.06275,0.25175,0.43175,0.21825,0.0355,3,3
662,0.067,0.29125,0.419,0.18725,0.0355,3,2
663,0.0625,0.26175,0.43825,0.20825,0.02925,3,4
664,0.15725,0.3905,0.3375,0.10025,0.0145,2,2
665,0.0015,0.00525,0.03425,0.22575,0.73325,5,3
666,0.00525,0.038,0.18875,0.47175,0.29625,4,4
667,0.10125,0.329,0.39625,0.15125,0.02225,3,2
668,0.22,0.42825,0.28175,0.06425,0.00575,2,1
669,0.0,0.0025,0.01475,0.098,0.88475,5,5
670,0.267,0.44375,0.228,0.0545,0.00675,2,1
671,0.04625,0.2195,0.441,0.25125,0.042,3,3
672,0.00075,0.0075,0.0405,0.25075,0.7005,5,4
673,0.19825,0.4215,0.291,0.0795,0.00975,2,3
674,0.57475,0.32525,0.08375,0.014,0.00225,1,1
675,0.01575,0.08525,0.311,0.4375,0.1505,4,4
676,0.57875,0.3195,0.087,0.0125,0.00225,1,1
677,0.001,0.00775,0.05625,0.292,0.643,5,4
678,0.00125,0.00575,0.0585,0.29025,0.64425,5,5
679,0.004,0.03575,0.1745,0.47575,0.31,4,4
680,0.1095,0.3375,0.39325,0.14,0.01975,3,2
681,0.01575,0.085,0.3405,0.431,0.12775,4,4
682,0.003,0.0105,0.065,0.33775,0.58375,5,5
683,0.3205,0.43625,0.19525,0.0415,0.0065,2,3
684,0.02425,0.12575,0.387,0.36225,0.10075,3,5
685,0.19525,0.41325,0.30575,0.073,0.01275,2,3
686,0.14925,0.39775,0.34575,0.09275,0.0145,2,2
687,0.007,0.0375,0.197,0.479,0.2795,4,5
688,0.002,0.016,0.09725,0.3835,0.50125,5,2
689,0.2025,0.42975,0.28275,0.07375,0.01125,2,2
690,0.166,0.389,0.333,0.0985,0.0135,2,2
691,0.16625,0.397,0.3275,0.093,0.01625,2,1
692,0.011,0.05275,0.24,0.4635,0.23275,4,3
693,0.136,0.3805,0.35725,0.10875,0.0175,2,2
694,0.018,0.07475,0.309,0.44175,0.1565,4,5
695,0.037,0.16325,0.412,0.32575,0.062,3,3
696,0.00475,0.03275,0.158,0.452,0.3525,4,3
697,0.006,0.03125,0.173,0.47475,0.315,4,4
698,0.0195,0.1005,0.3395,0.409,0.1315,4,4
699,0.06275,0.24175,0.4335,0.22225,0.03975,3,5
700,0.0005,0.0035,0.02375,0.1625,0.80975,5,5
701,0.007,0.03275,0.173,0.47525,0.312,4,4
702,0.00625,0.03925,0.21325,0.47975,0.2615,4,4
703,0.00175,0.00825,0.05475,0.25425,0.681,5,5
704,0.082,0.3195,0.41025,0.16125,0.027,3,3
705,0.00975,0.04925,0.24225,0.46375,0.235,4,5
706,0.009,0.0495,0.25525,0.4605,0.22575,4,4
707,0.0085,0.05175,0.233,0.47125,0.2355,4,4
708,0.26325,0.45625,0.222,0.0515,0.007,2,3
709,0.0525,0.21925,0.434,0.249,0.04525,3,3
710,0.00275,0.02625,0.13925,0.4325,0.39925,4,5
711,0.0015,0.01125,0.07675,0.36575,0.54475,5,5
712,0.0395,0.1775,0.42675,0.29175,0.0645,3,3
713,0.01475,0.099,0.31975,0.426,0.1405,4,3
714,0.01875,0.1155,0.38,0.37525,0.1105,3,2
715,0.42775,0.40225,0.13625,0.029,0.00475,1,1
716,0.0155,0.103,0.3305,0.42025,0.13075,4,4
717,0.00275,0.02125,0.11075,0.424,0.44125,5,4
718,0.0805,0.292,0.419,0.17675,0.03175,3,3
719,0.6515,0.275,0.0615,0.01125,0.00075,1,1
720,0.224,0.43675,0.26475,0.0595,0.015,2,3
721,0.00925,0.06625,0.26525,0.4615,0.19775,4,4
722,0.23475,0.43325,0.2625,0.062,0.0075,2,2
723,0.02425,0.123,0.374,0.3745,0.10425,4,4
724,0.0015,0.00925,0.07425,0.3535,0.5615,5,4
725,0.12225,0.3775,0.371,0.109,0.02025,2,2
726,0.1485,0.41,0.342,0.08575,0.01375,2,1
727,0.00225,0.018,0.08375,0.3775,0.5185,5,5
728,0.12975,0.3795,0.36475,0.1115,0.0145,2,2
729,0.0085,0.037,0.20075,0.46475,0.289,4,3
730,0.0005,0.01125,0.058,0.32225,0.608,5,5
731,0.07525,0.2975,0.4165,0.1765,0.03425,3,3
732,0.0305,0.14575,0.40875,0.34125,0.07375,3,2
733,0.00025,0.002,0.02175,0.17125,0.80475,5,5
734,0.0245,0.11375,0.36425,0.38675,0.11075,4,4
735,0.00275,0.011,0.081,0.35875,0.5465,5,5
736,0.0085,0.049,0.21625,0.476,0.25025,4,5
737,0.0255,0.12975,0.369,0.3735,0.10225,4,3
738,0.05225,0.236,0.431,0.235,0.04575,3,4
739,0.0005,0.00875,0.0425,0.23725,0.711,5,4
740,0.0015,0.01275,0.06925,0.32325,0.59325,5,5
741,0.0385,0.1645,0.4295,0.303,0.0645,3,3
742,0.0305,0.14475,0.4155,0.333,0.07625,3,4
743,0.0395,0.18075,0.43375,0.287,0.059,3,3
744,0.1065,0.33225,0.41275,0.13025,0.01825,3,4
745,0.02325,0.12525,0.3735,0.389,0.089,4,3
746,0.069,0.26725,0.433,0.2005,0.03025,3,3
747,0.0855,0.28975,0.4195,0.17625,0.029,3,3
748,0.0005,0.007,0.04,0.2415,0.711,5,4
749,0.0,0.0015,0.007,0.052,0.9395,5,5
750,0.36675,0.425,0.1765,0.02825,0.0035,2,4
751,0.10825,0.3445,0.385,0.14475,0.0175,3,3
752,0.00975,0.05925,0.267,0.47475,0.18925,4,5
753,0.27825,0.43275,0.23275,0.04825,0.008,2,3
754,0.07975,0.305,0.42125,0.1685,0.0255,3,1
755,0.312,0.4405,0.19925,0.0435,0.00475,2,1
756,0.2455,0.427,0.257,0.0615,0.009,2,2
757,0.021,0.11475,0.38925,0.376,0.099,3,3
758,0.12875,0.364,0.37325,0.113,0.021,3,2
759,0.0105,0.04,0.21775,0.48075,0.251,4,5
760,0.0325,0.1665,0.4055,0.32025,0.07525,3,4
761,0.0245,0.1285,0.391,0.36625,0.08975,3,4
762,0.04775,0.2025,0.43925,0.25775,0.05275,3,1
763,0.0045,0.03075,0.1585,0.4795,0.32675,4,5
764,0.00275,0.014,0.07775,0.3645,0.541,5,5
765,0.0145,0.07025,0.27875,0.45525,0.18125,4,3
766,0.08775,0.3045,0.413,0.17025,0.0245,3,1
767,0.0025,0.012,0.0905,0.38225,0.51275,5,4
768,0.0265,0.124,0.376,0.37225,0.10125,3,4
769,0.268,0.455,0.21525,0.05475,0.007,2,2
770,0.01425,0.059,0.298,0.467,0.16175,4,3
771,0.09275,0.328,0.404,0.14975,0.0255,3,3
772,0.535,0.359,0.089,0.01575,0.00125,1,2
773,0.003,0.0125,0.08775,0.383,0.51375,5,5
774,0.00075,0.00775,0.056,0.29325,0.64225,5,5
775,0.006,0.035,0.19225,0.471,0.29575,4,5
776,0.0015,0.0095,0.073,0.32225,0.59375,5,5
777,0.20025,0.4115,0.30625,0.06925,0.01275,2,2
778,0.001,0.0065,0.0415,0.2285,0.7225,5,5
779,0.002,0.01125,0.06875,0.3155,0.6025,5,5
780,0.386,0.407,0.1665,0.03775,0.00275,2,1
781,0.04025,0.15975,0.41175,0.3155,0.07275,3,4
782,0.005,0.03125,0.158,0.46825,0.3375,4,4
783,0.0075,0.0375,0.1845,0.47175,0.29875,4,5
784,0.00275,0.018,0.11425,0.43125,0.43375,5,5
785,0.2025,0.42325,0.293,0.07325,0.008,2,2
786,0.01,0.0535,0.2255,0.482,0.229,4,3
787,0.00725,0.0355,0.18275,0.481,0.2935,4,5
788,0.4025,0.41425,0.15125,0.02825,0.00375,2,1
789,0.309,0.4345,0.2095,0.0405,0.0065,2,3
790,0.0,0.00175,0.01075,0.09775,0.88975,5,5
791,0.09375,0.29625,0.41,0.17,0.03,3,3
792,0.005,0.033,0.164,0.4695,0.3285,4,4
793,0.00125,0.0115,0.07325,0.35425,0.55975,5,4
794,0.06825,0.2755,0.44075,0.18525,0.03025,3,3
795,0.0035,0.023,0.13525,0.43675,0.4015,4,4
796,0.003,0.01575,0.09375,0.375,0.5125,5,5
797,0.04725,0.21825,0.4265,0.264,0.044,3,3
798,0.00125,0.01125,0.063,0.31175,0.61275,5,5
799,0.002,0.00825,0.06025,0.31375,0.61575,5,4
800,0.0115,0.06175,0.2895,0.4605,0.17675,4,4
801,0.05025,0.2195,0.44025,0.24225,0.04775,3,3
802,0.567,0.3325,0.08525,0.01375,0.0015,1,1
803,0.132,0.3665,0.3675,0.11725,0.01675,3,2
804,0.00125,0.00775,0.04675,0.266,0.67825,5,5
805,0.0,0.0065,0.02625,0.1995,0.76775,5,5
806,0.01275,0.08025,0.2975,0.4415,0.168,4,5
807,0.001,0.003,0.0225,0.15975,0.81375,5,5
808,0.17875,0.42125,0.316,0.07025,0.01375,2,1
809,0.00525,0.03425,0.1765,0.45975,0.32425,4,2
810,0.00325,0.02225,0.12125,0.428,0.42525,4,5
811,0.0015,0.0105,0.0665,0.341,0.5805,5,4
812,0.03575,0.147,0.419,0.31975,0.0785,3,4
813,0.0275,0.13775,0.39025,0.35875,0.08575,3,3
814,0.00475,0.03975,0.18325,0.4575,0.31475,4,4
815,0.1365,0.384,0.3555,0.10825,0.01575,2,4
816,0.0495,0.21225,0.431,0.253,0.05425,3,3
817,0.09625,0.30025,0.4035,0.16775,0.03225,3,3
818,0.0005,0.0055,0.02625,0.2055,0.76225,5,5
819,0.5725,0.332,0.07875,0.014,0.00275,1,1
820,0.0025,0.017,0.0965,0.4045,0.4795,5,4
821,0.00075,0.00325,0.02525,0.181,0.78975,5,5
822,0.00125,0.0175,0.08975,0.38025,0.51125,5,5
823,0.26275,0.43825,0.238,0.055,0.006,2,2
824,0.5145,0.372,0.094,0.0175,0.002,1,1
825,0.04425,0.211,0.421,0.2735,0.05025,3,3
826,0.00025,0.00175,0.01725,0.12725,0.8535,5,5
827,0.003,0.0155,0.1055,0.43425,0.44175,5,5
828,0.22375,0.436,0.26925,0.0615,0.0095,2,3
829,0.30625,0.43525,0.2105,0.04325,0.00475,2,2
830,0.25,0.4395,0.249,0.05425,0.00725,2,1
831,0.0025,0.00875,0.068,0.321,0.59975,5,5
832,0.021,0.08675,0.3435,0.41275,0.136,4,3
833,0.00325,0.017,0.1095,0.42,0.45025,5,4
834,0.00275,0.02175,0.11575,0.41225,0.4475,5,3
835,0.49825,0.36575,0.11175,0.022,0.00225,1,2
836,0.01725,0.098,0.35725,0.41075,0.11675,4,3
837,0.18425,0.4235,0.30175,0.07825,0.01225,2,2
838,0.2215,0.40625,0.2965,0.06575,0.01,2,1
839,0.04025,0.16175,0.424,0.309,0.065,3,3
840,0.00625,0.042,0.217,0.467,0.26775,4,3
841,0.04075,0.15325,0.41075,0.3235,0.07175,3,3
842,0.136,0.36025,0.3685,0.11875,0.0165,3,4
843,0.06775,0.26775,0.42925,0.196,0.03925,3,2
844,0.008,0.0455,0.19175,0.46575,0.289,4,5
845,0.26225,0.45,0.2335,0.04575,0.0085,2,1
846,0.00025,0.00425,0.02825,0.19075,0.7765,5,5
847,0.07425,0.29225,0.42725,0.17375,0.0325,3,1
848,0.4195,0.40375,0.14925,0.02525,0.00225,1,2
849,0.00325,0.02475,0.13325,0.447,0.39175,4,4
850,0.61,0.3,0.0735,0.015,0.0015,1,2
851,0.08375,0.29375,0.4175,0.174,0.031,3,4
852,0.06075,0.236,0.4335,0.227,0.04275,3,1
853,0.14175,0.369,0.36925,0.10175,0.01825,3,3
854,0.001,0.003,0.02925,0.213,0.75375,5,5
855,0.03125,0.16475,0.42,0.31625,0.06775,3,4
856,0.00225,0.0145,0.08775,0.366,0.5295,5,4
857,0.17125,0.41875,0.3145,0.0845,0.011,2,4
858,0.00325,0.02575,0.137,0.4475,0.3865,4,5
859,0.001,0.004,0.025,0.1965,0.7735,5,5
860,0.09425,0.321,0.399,0.15825,0.0275,3,4
861,0.038,0.204,0.41725,0.28225,0.0585,3,3
862,0.3345,0.42675,0.2,0.03525,0.0035,2,1
863,0.054,0.20975,0.426,0.2645,0.04575,3,4
864,0.0005,0.00375,0.02175,0.16225,0.81175,5,5
865,0.03325,0.15425,0.43,0.30975,0.07275,3,3
866,0.3135,0.43325,0.20725,0.04075,0.00525,2,1
867,0.11925,0.37725,0.37625,0.10675,0.0205,2,1
868,0.143,0.38425,0.35,0.1075,0.01525,2,3
869,0.031,0.20325,0.43425,0.27375,0.05775,3,4
870,0.0045,0.03675,0.188,0.478,0.29275,4,5
871,0.00025,0.0035,0.02975,0.2,0.7665,5,4
872,0.203,0.4365,0.28075,0.071,0.00875,2,3
873,0.00325,0.0235,0.124,0.44225,0.407,4,4
874,0.08275,0.3015,0.4075,0.1775,0.03075,3,3
875,0.24325,0.42425,0.27175,0.05325,0.0075,2,2
876,0.022,0.13775,0.387,0.3635,0.08975,3,2
877,0.001,0.0075,0.0455,0.2675,0.6785,5,4
878,0.00925,0.0525,0.2445,0.47125,0.2225,4,4
879,0.07825,0.2745,0.43575,0.1795,0.032,3,3
880,0.01975,0.1025,0.33925,0.415,0.1235,4,4
881,0.00575,0.023,0.13075,0.44275,0.39775,4,4
882,0.042,0.1885,0.4405,0.27525,0.05375,3,3
883,0.25425,0.4335,0.24975,0.054,0.0085,2,3
884,0.07075,0.26425,0.43525,0.198,0.03175,3,3
885,0.01575,0.081,0.2965,0.44375,0.163,4,2
886,0.01275,0.0565,0.271,0.4445,0.21525,4,4
887,0.079,0.2965,0.42175,0.1725,0.03025,3,1
888,0.0015,0.01,0.064,0.3235,0.601,5,4
889,0.0,0.004,0.02775,0.1705,0.79775,5,5
890,0.17325,0.40925,0.31825,0.08375,0.0155,2,1
891,0.00275,0.023,0.13875,0.43125,0.40425,4,5
892,0.00125,0.00975,0.071,0.34325,0.57475,5,4
893,0.0,0.002,0.01075,0.07925,0.908,5,5
894,0.01375,0.08625,0.33125,0.4245,0.14425,4,4
895,0.043,0.20275,0.43725,0.26675,0.05025,3,1
896,0.2005,0.43175,0.28725,0.069,0.0115,2,1
897,0.076,0.28125,0.43725,0.17575,0.02975,3,3
898,0.0985,0.33675,0.3925,0.14675,0.0255,3,1
899,0.00575,0.046,0.23475,0.454,0.2595,4,4
900,0.00825,0.04025,0.1935,0.478,0.28,4,4
901,0.0035,0.02725,0.15,0.4515,0.36775,4,5
902,0.06175,0.24175,0.4305,0.227,0.039,3,4
903,0.00225,0.0155,0.0895,0.383,0.50975,5,4
904,0.001,0.01225,0.058,0.3205,0.60825,5,5
905,0.03175,0.16075,0.41775,0.3155,0.07425,3,4
906,0.02575,0.13725,0.42075,0.333,0.08325,3,3
907,0.1645,0.3985,0.333,0.08975,0.01425,2,2
908,0.00275,0.008,0.06675,0.3205,0.602,5,3
909,0.06575,0.26225,0.42675,0.20975,0.0355,3,3
910,0.23575,0.43475,0.26325,0.06075,0.0055,2,3
911,0.00375,0.02525,0.14,0.44925,0.38175,4,4
912,0.01675,0.09875,0.34725,0.40675,0.1305,4,3
913,0.05225,0.236,0.435,0.2395,0.03725,3,4
914,0.00225,0.00975,0.0785,0.3585,0.551,5,5
915,0.25375,0.4445,0.238,0.054,0.00975,2,3
916,0.0845,0.29525,0.4185,0.173,0.02875,3,5
917,0.00025,0.00075,0.012,0.08025,0.90675,5,5
918,0.0005,0.00125,0.01225,0.111,0.875,5,5
919,0.0025,0.02475,0.138,0.4525,0.38225,4,4
920,0.0235,0.13425,0.40325,0.34575,0.09325,3,3
921,0.1655,0.3945,0.34125,0.08675,0.012,2,2
922,0.006,0.05025,0.21025,0.48175,0.25175,4,5
923,0.199,0.40825,0.30675,0.075,0.011,2,2
924,0.02925,0.14125,0.39425,0.35125,0.084,3,4
925,0.0215,0.11,0.3625,0.39925,0.10675,4,3
926,0.00975,0.0585,0.24875,0.4695,0.2135,4,4
927,0.0595,0.246,0.44125,0.218,0.03525,3,2
928,0.3905,0.43,0.1505,0.0265,0.0025,2,2
929,0.002,0.01025,0.05775,0.3205,0.6095,5,4
930,0.00875,0.06725,0.28125,0.456,0.18675,4,2
931,0.01775,0.091,0.3225,0.4255,0.14325,4,4
932,0.111,0.3415,0.38175,0.1415,0.02425,3,3
933,0.7195,0.2245,0.049,0.006,0.001,1,1
934,0.0195,0.094,0.34575,0.421,0.11975,4,3
935,0.32525,0.43975,0.189,0.0395,0.0065,2,1
936,0.00025,0.00475,0.029,0.19325,0.77275,5,4
937,0.006,0.0505,0.21775,0.48775,0.238,4,4
938,0.049,0.194,0.42125,0.28425,0.0515,3,3
939,0.018,0.10025,0.34,0.4145,0.12725,4,3
940,0.11575,0.358,0.3765,0.13,0.01975,3,2
941,0.24675,0.42225,0.266,0.055,0.01,2,2
942,0.01775,0.0885,0.3155,0.44225,0.136,4,4
943,0.0145,0.0725,0.3125,0.442,0.1585,4,4
944,0.0,0.003,0.02325,0.177,0.79675,5,4
945,0.00175,0.01025,0.0595,0.31525,0.61325,5,5
946,0.00325,0.02075,0.1405,0.45525,0.38025,4,5
947,0.044,0.1915,0.42825,0.27425,0.062,3,3
948,0.039,0.178,0.43725,0.28475,0.061,3,3
949,0.343,0.4235,0.18725,0.04175,0.0045,2,2
950,0.12975,0.38325,0.356,0.113,0.018,2,2
951,0.151,0.396,0.349,0.08975,0.01425,2,2
952,0.01075,0.058,0.2565,0.47275,0.202,4,2
953,0.101,0.331,0.40075,0.1485,0.01875,3,3
954,0.0245,0.13475,0.397,0.353,0.09075,3,5
955,0.081,0.30325,0.41675,0.1735,0.0255,3,3
956,0.01775,0.094,0.3555,0.4,0.13275,4,4
957,0.102,0.3385,0.4,0.13525,0.02425,3,2
958,0.00225,0.01975,0.1165,0.42325,0.43825,5,4
959,0.082,0.28525,0.412,0.186,0.03475,3,4
960,0.19575,0.41775,0.2975,0.078,0.011,2,2
961,0.283,0.4345,0.22625,0.04975,0.0065,2,1
962,0.0805,0.28575,0.4295,0.1785,0.02575,3,4
963,0.018,0.08325,0.32525,0.43475,0.13875,4,4
964,0.00075,0.00375,0.0315,0.22725,0.73675,5,3
965,0.15475,0.39875,0.342,0.09075,0.01375,2,2
966,0.00975,0.05275,0.26525,0.463,0.20925,4,3
967,0.068,0.257,0.43375,0.2045,0.03675,3,3
968,0.14125,0.36225,0.35625,0.12175,0.0185,2,4
969,0.17125,0.39125,0.337,0.0885,0.012,2,2
970,0.0,0.004,0.02525,0.17025,0.8005,5,5
971,0.00725,0.042,0.229,0.471,0.25075,4,4
972,0.197,0.43125,0.29625,0.067,0.0085,2,1
973,0.2115,0.40575,0.29775,0.0755,0.0095,2,1
974,0.06375,0.24225,0.43425,0.22175,0.038,3,2
975,0.0015,0.0105,0.058,0.287,0.643,5,5
976,0.01075,0.061,0.24975,0.47225,0.20625,4,4
977,0.389,0.41675,0.15675,0.0325,0.005,2,2
978,0.0135,0.0795,0.32525,0.42725,0.1545,4,3
979,0.176,0.40025,0.3415,0.0715,0.01075,2,2
980,0.00925,0.0625,0.26575,0.463,0.1995,4,3
981,0.42175,0.4085,0.14025,0.02575,0.00375,1,1
982,0.04225,0.174,0.43175,0.29475,0.05725,3,3
983,0.203,0.437,0.2735,0.07675,0.00975,2,1
984,0.00025,0.002,0.01225,0.0945,0.891,5,4
985,0.00025,0.0025,0.0125,0.10525,0.8795,5,5
986,0.02225,0.10475,0.35825,0.3985,0.11625,4,4
987,0.4995,0.37625,0.103,0.01875,0.0025,1,2
988,0.067,0.2585,0.417,0.221,0.0365,3,2
989,0.006,0.028,0.163,0.476,0.327,4,5
990,0.04775,0.209,0.44225,0.2565,0.0445,3,3
991,0.06825,0.25525,0.43625,0.211,0.02925,3,4
992,0.0005,0.00425,0.02325,0.1885,0.7835,5,5
993,0.1,0.333,0.396,0.149,0.022,3,3
994,0.062,0.266,0.4355,0.2045,0.032,3,2
995,0.16325,0.41,0.31875,0.0905,0.0175,2,2
996,0.129,0.35375,0.372,0.12825,0.017,3,2
997,0.00875,0.03625,0.17275,0.47425,0.308,4,4
998,0.00125,0.00725,0.0475,0.25825,0.68575,5,5
999,0.3085,0.43675,0.20875,0.04,0.006,2,2
1000,0.19175,0.424,0.29575,0.0775,0.011,2,2
1001,0.03025,0.1445,0.41175,0.32475,0.08875,3,3
1002,0.1355,0.36725,0.3685,0.112,0.01675,3,3
1003,0.26,0.451,0.23325,0.04925,0.0065,2,2
1004,0.0145,0.0815,0.32875,0.418,0.15725,4,5
1005,0.00125,0.00975,0.05225,0.29625,0.6405,5,4
1006,0.1355,0.379,0.3555,0.1135,0.0165,2,2
1007,0.0965,0.3075,0.41425,0.1555,0.02625,3,2
1008,0.0055,0.043,0.19625,0.47875,0.2765,4,4
1009,0.07725,0.26975,0.426,0.1925,0.0345,3,4
1010,0.003,0.0255,0.1355,0.4325,0.4035,4,5
1011,0.00075,0.0065,0.04275,0.246,0.704,5,5
1012,0.02075,0.116,0.371,0.3825,0.10975,4,4
1013,0.124,0.34025,0.38525,0.134,0.0165,3,2
1014,0.152,0.377,0.34825,0.1035,0.01925,2,2
1015,0.004,0.015,0.1015,0.38475,0.49475,5,2
1016,0.01425,0.074,0.27825,0.4545,0.179,4,5
1017,0.02525,0.117,0.38125,0.3735,0.103,3,3
1018,0.2965,0.44125,0.20875,0.04825,0.00525,2,1
1019,0.01075,0.06225,0.27225,0.45725,0.1975,4,4
1020,0.0005,0.0085,0.04375,0.24275,0.7045,5,3
1021,0.4655,0.3865,0.12425,0.02075,0.003,1,1
1022,0.459,0.39225,0.12325,0.02375,0.00175,1,1
1023,0.027,0.123,0.36925,0.382,0.09875,4,3
1024,0.01,0.0575,0.25425,0.45425,0.224,4,4
1025,0.41925,0.39425,0.1525,0.031,0.003,1,1
1026,0.2235,0.433,0.27125,0.06475,0.0075,2,3
1027,0.0005,0.0045,0.0245,0.16775,0.80275,5,5
1028,0.03925,0.20025,0.42675,0.2755,0.05825,3,3
1029,0.217,0.42,0.2835,0.0715,0.008,2,2
1030,0.27475,0.43475,0.23525,0.048,0.00725,2,1
1031,0.14775,0.36175,0.36125,0.10875,0.0205,2,2
1032,0.272,0.43625,0.234,0.0515,0.00625,2,2
1033,0.42575,0.41425,0.12875,0.029,0.00225,1,1
1034,0.3145,0.4325,0.20925,0.03825,0.0055,2,1
1035,0.048,0.2165,0.4315,0.2555,0.0485,3,3
1036,0.0145,0.0895,0.318,0.423,0.155,4,5
1037,0.00725,0.04175,0.231,0.47675,0.24325,4,5
1038,0.00575,0.0255,0.135,0.45925,0.3745,4,5
1039,0.047,0.22025,0.43625,0.24725,0.04925,3,4
1040,0.001,0.00475,0.02925,0.19425,0.77075,5,5
1041,0.577,0.32925,0.0815,0.01175,0.0005,1,2
1042,0.03975,0.2025,0.4165,0.282,0.05925,3,5
1043,0.261,0.4445,0.23275,0.052,0.00975,2,2
1044,0.2635,0.44925,0.22775,0.049,0.0105,2,2
1045,0.046,0.20125,0.43,0.2655,0.05725,3,2
1046,0.098,0.325,0.3985,0.149,0.0295,3,2
1047,0.01275,0.07225,0.30475,0.448,0.16225,4,4
1048,0.27675,0.41775,0.24025,0.05525,0.01,2,2
1049,0.0005,0.00375,0.03375,0.203,0.759,5,5
1050,0.0375,0.179,0.432,0.29425,0.05725,3,3
1051,0.042,0.15675,0.42375,0.3115,0.066,3,3
1052,0.24625,0.43,0.25275,0.063,0.008,2,3
1053,0.01275,0.063,0.28925,0.4445,0.1905,4,4
1054,0.0225,0.12025,0.36825,0.38025,0.10875,4,3
1055,0.05075,0.21875,0.43325,0.24975,0.0475,3,4
1056,0.00675,0.05275,0.22375,0.4785,0.23825,4,3
1057,0.46225,0.38475,0.12925,0.02,0.00375,1,2
1058,0.05825,0.2435,0.442,0.219,0.03725,3,3
1059,0.27525,0.432,0.23425,0.052,0.0065,2,1
1060,0.007,0.0415,0.23575,0.472,0.24375,4,4
1061,0.0205,0.09825,0.345,0.40225,0.134,4,4
1062,0.2115,0.41825,0.28925,0.069,0.012,2,1
1063,0.00575,0.03025,0.1655,0.4645,0.334,4,4
1064,0.09325,0.33525,0.38475,0.16075,0.026,3,3
1065,0.006,0.03625,0.191,0.46575,0.301,4,5
1066,0.1385,0.36475,0.3615,0.115,0.02025,2,3
1067,0.04425,0.20375,0.438,0.267,0.047,3,3
1068,0.11875,0.375,0.36575,0.1215,0.019,2,1
1069,0.04175,0.20425,0.44225,0.25525,0.0565,3,4
1070,0.019,0.10025,0.34125,0.41,0.1295,4,5
1071,0.0025,0.01275,0.09825,0.40925,0.47725,5,4
1072,0.0025,0.019,0.1055,0.379,0.494,5,4
1073,0.238,0.42625,0.26675,0.0605,0.0085,2,1
1074,0.0005,0.00425,0.027,0.16625,0.802,5,5
1075,0.557,0.3455,0.08325,0.012,0.00225,1,1
1076,0.02675,0.1425,0.3885,0.35375,0.0885,3,3
1077,0.05375,0.20825,0.42475,0.26175,0.0515,3,4
1078,0.25375,0.421,0.26075,0.05875,0.00575,2,2
1079,0.01525,0.073,0.2995,0.45,0.16225,4,3
1080,0.059,0.247,0.4255,0.232,0.0365,3,4
1081,0.00025,0.00275,0.01625,0.121,0.85975,5,4
1082,0.003,0.0155,0.09275,0.37825,0.5105,5,3
1083,0.2525,0.4485,0.23775,0.05375,0.0075,2,2
1084,0.21375,0.434,0.27425,0.06575,0.01225,2,3
1085,0.07,0.26925,0.42,0.202,0.03875,3,2
1086,0.0115,0.068,0.27925,0.45325,0.188,4,4
1087,0.00775,0.048,0.2305,0.487,0.22675,4,4
1088,0.064,0.233,0.42775,0.228,0.04725,3,2
1089,0.01875,0.07475,0.30775,0.4425,0.15625,4,4
1090,0.14625,0.4025,0.3415,0.09375,0.016,2,2
1091,0.002,0.01125,0.09275,0.3885,0.5055,5,4
1092,0.0215,0.11075,0.3545,0.407,0.10625,4,3
1093,0.399,0.4135,0.15475,0.028,0.00475,2,2
1094,0.10825,0.3375,0.3995,0.13525,0.0195,3,2
1095,0.083,0.3135,0.41975,0.15775,0.026,3,3
1096,0.00525,0.034,0.16525,0.475,0.3205,4,4
1097,0.00825,0.0715,0.2775,0.46375,0.179,4,3
1098,0.042,0.1885,0.4205,0.2915,0.0575,3,1
1099,0.00025,0.00125,0.01175,0.09,0.89675,5,5
1100,0.0875,0.2955,0.424,0.16575,0.02725,3,2
1101,0.03975,0.184,0.43675,0.28,0.0595,3,3
1102,0.05375,0.2165,0.4265,0.251,0.05225,3,3
1103,0.0005,0.004,0.03225,0.1975,0.76575,5,5
1104,0.12325,0.37625,0.3685,0.114,0.018,2,3
1105,0.04,0.1895,0.431,0.285,0.0545,3,4
1106,0.11,0.33825,0.39825,0.12975,0.02375,3,2
1107,0.00125,0.004,0.0225,0.1425,0.82975,5,5
1108,0.00875,0.05125,0.25175,0.46925,0.219,4,3
1109,0.183,0.421,0.31075,0.075,0.01025,2,2
1110,0.0005,0.004,0.026,0.156,0.8135,5,4
1111,0.00875,0.041,0.2065,0.483,0.26075,4,5
1112,0.003,0.01425,0.079,0.35475,0.549,5,5
1113,0.05775,0.23325,0.4395,0.2305,0.039,3,3
1114,0.00075,0.003,0.018,0.1375,0.84075,5,5
1115,0.321,0.434,0.199,0.04125,0.00475,2,2
1116,0.094,0.3205,0.409,0.15575,0.02075,3,3
1117,0.027,0.11275,0.37325,0.387,0.1,4,4
1118,0.5125,0.35875,0.11025,0.01475,0.00375,1,2
1119,0.045,0.18275,0.44,0.2765,0.05575,3,4
1120,0.0125,0.07375,0.29425,0.4425,0.177,4,5
1121,0.0625,0.25425,0.4225,0.217,0.04375,3,3
1122,0.00625,0.0325,0.1545,0.45575,0.351,4,4
1123,0.55425,0.3485,0.07975,0.0155,0.002,1,1
1124,0.16,0.3875,0.3355,0.1025,0.0145,2,2
1125,0.096,0.31975,0.41,0.145,0.02925,3,3
1126,0.001,0.00525,0.0325,0.23575,0.7255,5,5
1127,0.00225,0.0085,0.05075,0.30225,0.63625,5,4
1128,0.1125,0.35925,0.38925,0.11825,0.02075,3,3
1129,0.11625,0.34975,0.381,0.1335,0.0195,3,1
1130,0.07,0.26875,0.428,0.19775,0.0355,3,3
1131,0.02825,0.14,0.4165,0.334,0.08125,3,3
1132,0.275,0.4395,0.22875,0.05075,0.006,2,2
1133,0.3,0.44775,0.20025,0.046,0.006,2,2
1134,0.06225,0.278,0.41725,0.20575,0.03675,3,3
1135,0.03425,0.16225,0.4275,0.30275,0.07325,3,3
1136,0.00325,0.015,0.10475,0.42775,0.44925,5,4
1137,0.0,0.0015,0.009,0.0915,0.898,5,5
1138,0.00325,0.027,0.1365,0.4455,0.38775,4,4
1139,0.1275,0.372,0.3615,0.12275,0.01625,2,2
1140,0.0255,0.11625,0.375,0.379,0.10425,4,5
1141,0.0935,0.31475,0.40525,0.161,0.0255,3,3
1142,0.0585,0.22825,0.426,0.239,0.04825,3,3
1143,0.0015,0.0125,0.0925,0.37575,0.51775,5,5
1144,0.06925,0.264,0.42625,0.21075,0.02975,3,3
1145,0.06575,0.25825,0.418,0.22,0.038,3,2
1146,0.0925,0.30275,0.4125,0.16425,0.028,3,4
1147,0.03,0.17425,0.416,0.30875,0.071,3,3
1148,0.133,0.399,0.348,0.1065,0.0135,2,2
1149,0.01675,0.0935,0.33425,0.4175,0.138,4,2
1150,0.03975,0.1885,0.425,0.28575,0.061,3,2
1151,0.021,0.12175,0.3685,0.38025,0.1085,4,3
1152,0.0005,0.002,0.0085,0.0925,0.8965,5,5
1153,0.00075,0.0025,0.01275,0.07725,0.90675,5,5
1154,0.0035,0.0205,0.12575,0.43625,0.414,4,3
1155,0.0835,0.3095,0.40925,0.17275,0.025,3,2
1156,0.24,0.42175,0.26375,0.0665,0.008,2,1
1157,0.00425,0.0355,0.17975,0.481,0.2995,4,5
1158,0.093,0.28325,0.41325,0.178,0.0325,3,2
1159,0.01775,0.1005,0.34875,0.4095,0.1235,4,4
1160,0.138,0.36725,0.36875,0.10975,0.01625,3,2
1161,0.0445,0.195,0.40475,0.297,0.05875,3,5
1162,0.113,0.34425,0.378,0.144,0.02075,3,2
1163,0.02325,0.129,0.388,0.36475,0.095,3,4
1164,0.1005,0.31025,0.413,0.14975,0.0265,3,3
1165,0.00075,0.00175,0.0215,0.1535,0.8225,5,5
1166,0.1465,0.37525,0.35425,0.10875,0.01525,2,2
1167,0.00425,0.03075,0.1615,0.46425,0.33925,4,3
1168,0.00625,0.04125,0.19675,0.48775,0.268,4,5
1169,0.20075,0.41475,0.29125,0.07925,0.014,2,2
1170,0.00925,0.0505,0.23175,0.47575,0.23275,4,4
1171,0.34975,0.43525,0.179,0.0325,0.0035,2,2
1172,0.49275,0.3795,0.1055,0.01925,0.003,1,2
1173,0.1205,0.36125,0.3705,0.12875,0.019,3,2
1174,0.01,0.0425,0.21325,0.47425,0.26,4,5
1175,0.08675,0.31775,0.41325,0.154,0.02825,3,4
1176,0.01725,0.09975,0.3475,0.4015,0.134,4,3
1177,0.0615,0.2595,0.42525,0.21675,0.037,3,3
1178,0.056,0.2375,0.43125,0.23275,0.0425,3,4
1179,0.47875,0.3845,0.11075,0.02325,0.00275,1,5
1180,0.02975,0.1425,0.4165,0.33725,0.074,3,4
1181,0.123,0.37175,0.3715,0.1185,0.01525,2,5
1182,0.00075,0.004,0.01975,0.1585,0.817,5,4
1183,0.13375,0.35875,0.3715,0.11425,0.02175,3,3
1184,0.00025,0.00175,0.0105,0.09475,0.89275,5,5
1185,0.066,0.2405,0.42475,0.227,0.04175,3,1
1186,0.026,0.12525,0.3945,0.3625,0.09175,3,3
1187,0.46625,0.39275,0.11775,0.01925,0.004,1,2
1188,0.00675,0.03625,0.2365,0.47725,0.24325,4,4
1189,0.19275,0.4355,0.28925,0.07275,0.00975,2,3
1190,0.00175,0.01325,0.09775,0.37675,0.5105,5,3
1191,0.0315,0.138,0.409,0.337,0.0845,3,4
1192,0.54875,0.3435,0.0895,0.017,0.00125,1,2
1193,0.14675,0.37575,0.3565,0.1065,0.0145,2,2
1194,0.1175,0.3625,0.3705,0.13275,0.01675,3,2
1195,0.22475,0.42425,0.27275,0.0705,0.00775,2,3
1196,0.41125,0.41975,0.1405,0.02425,0.00425,2,2
1197,0.001,0.0085,0.0595,0.30125,0.62975,5,4
1198,0.09825,0.32775,0.4075,0.144,0.0225,3,2
1199,0.07725,0.31075,0.41625,0.16775,0.028,3,2
1200,0.0015,0.00725,0.04675,0.29025,0.65425,5,4
1201,0.08025,0.30625,0.413,0.17325,0.02725,3,2
1202,0.0685,0.276,0.42375,0.1965,0.03525,3,3
1203,0.009,0.0475,0.2205,0.48225,0.24075,4,5
1204,0.08075,0.28575,0.4275,0.1795,0.0265,3,1
1205,0.16125,0.38375,0.33825,0.10025,0.0165,2,2
1206,0.06975,0.26425,0.4295,0.20175,0.03475,3,3
1207,0.16775,0.40625,0.32625,0.0885,0.01125,2,3
1208,0.012,0.0665,0.2915,0.4515,0.1785,4,4
1209,0.0,0.00175,0.012,0.082,0.90425,5,5
1210,0.045,0.19675,0.42425,0.27825,0.05575,3,3
1211,0.07875,0.304,0.4125,0.17625,0.0285,3,3
1212,0.2655,0.43775,0.23275,0.056,0.008,2,4
1213,0.061,0.253,0.4265,0.22025,0.03925,3,3
1214,0.30725,0.42925,0.217,0.04075,0.00575,2,1
1215,0.1935,0.43125,0.295,0.07,0.01025,2,1
1216,0.4125,0.4175,0.14275,0.0235,0.00375,2,2
1217,0.0005,0.008,0.05225,0.3095,0.62975,5,4
1218,0.2035,0.40925,0.30025,0.076,0.011,2,1
1219,0.03725,0.17075,0.41825,0.30675,0.067,3,3
1220,0.25125,0.44825,0.24475,0.04875,0.007,2,3
1221,0.0345,0.1645,0.42175,0.305,0.07425,3,3
1222,0.00625,0.03175,0.17525,0.4705,0.31625,4,4
1223,0.00575,0.03275,0.19825,0.45675,0.3065,4,3
1224,0.09875,0.32925,0.39325,0.15,0.02875,3,3
1225,0.09525,0.3025,0.41925,0.152,0.031,3,3
1226,0.195,0.42925,0.28925,0.07575,0.01075,2,3
1227,0.163,0.39025,0.32975,0.1015,0.0155,2,3
1228,0.16375,0.39625,0.336,0.09425,0.00975,2,3
1229,0.0695,0.275,0.43075,0.19075,0.034,3,2
1230,0.0035,0.021,0.12375,0.42975,0.422,4,4
1231,0.0075,0.03925,0.17625,0.4775,0.2995,4,4
1232,0.00375,0.03125,0.18225,0.466,0.31675,4,5
1233,0.00225,0.02675,0.14425,0.44375,0.383,4,5
1234,0.08575,0.30975,0.41675,0.16425,0.0235,3,3
1235,0.01275,0.0745,0.29725,0.4545,0.161,4,5
1236,0.054,0.22475,0.42875,0.24925,0.04325,3,2
1237,0.04325,0.1955,0.42075,0.2745,0.066,3,3
1238,0.0005,0.00525,0.037,0.27075,0.6865,5,5
1239,0.002,0.0065,0.045,0.28075,0.66575,5,5
1240,0.013,0.10175,0.34,0.41725,0.128,4,4
1241,0.036,0.18675,0.42325,0.28775,0.06625,3,3
1242,0.00775,0.0555,0.242,0.48575,0.209,4,5
1243,0.0775,0.294,0.42125,0.1765,0.03075,3,3
1244,0.28425,0.431,0.2305,0.04725,0.007,2,1
1245,0.0905,0.31525,0.4135,0.15675,0.024,3,2
1246,0.00775,0.0395,0.19975,0.49,0.263,4,3
1247,0.02275,0.13725,0.40775,0.35025,0.082,3,3
1248,0.00175,0.01225,0.057,0.3035,0.6255,5,5
1249,0.275,0.45125,0.21775,0.04925,0.00675,2,3
1250,0.015,0.06625,0.312,0.447,0.15975,4,4
1251,0.00525,0.02475,0.154,0.46275,0.35325,4,5
1252,0.34725,0.4235,0.1875,0.03625,0.0055,2,2
1253,0.12125,0.3565,0.37225,0.12975,0.02025,3,2
1254,0.00025,0.00175,0.0115,0.088,0.8985,5,5
1255,0.02125,0.1255,0.3735,0.37775,0.102,4,4
1256,0.02625,0.1205,0.38575,0.364,0.1035,3,2
1257,0.5885,0.32,0.078,0.012,0.0015,1,1
1258,0.0005,0.00275,0.01525,0.10575,0.87575,5,4
1259,0.0365,0.16125,0.4165,0.31925,0.0665,3,1
1260,0.097,0.31225,0.39525,0.16775,0.02775,3,3
1261,0.00075,0.0095,0.08075,0.36725,0.54175,5,5
1262,0.09125,0.2945,0.404,0.17925,0.031,3,3
1263,0.10225,0.33875,0.3895,0.149,0.0205,3,3
1264,0.1925,0.41925,0.30525,0.07425,0.00875,2,3
1265,0.01925,0.1275,0.39,0.37,0.09325,3,4
1266,0.0695,0.26175,0.42275,0.20725,0.03875,3,4
1267,0.0015,0.00925,0.0575,0.304,0.62775,5,5
1268,0.02175,0.0995,0.344,0.40775,0.127,4,4
1269,0.228,0.4335,0.2645,0.0625,0.0115,2,4
1270,0.0075,0.0305,0.18775,0.47875,0.2955,4,3
1271,0.25275,0.43325,0.24725,0.056,0.01075,2,2
1272,0.085,0.29325,0.41475,0.17975,0.02725,3,4
1273,0.6305,0.29525,0.0605,0.01175,0.002,1,1
1274,0.272,0.42825,0.23275,0.0595,0.0075,2,1
1275,0.24875,0.446,0.241,0.0565,0.00775,2,1
1276,0.024,0.10525,0.368,0.38825,0.1145,4,3
1277,0.0,0.00125,0.00525,0.04725,0.94625,5,5
1278,0.00225,0.012,0.06625,0.312,0.6075,5,5
1279,0.52725,0.34625,0.107,0.016,0.0035,1,1
1280,0.0015,0.00325,0.03225,0.20625,0.75675,5,5
1281,0.0025,0.0075,0.04025,0.2385,0.71125,5,5
1282,0.021,0.111,0.37125,0.389,0.10775,4,5
1283,0.00025,0.0065,0.0315,0.21875,0.743,5,5
1284,0.33725,0.444,0.1765,0.0375,0.00475,2,4
1285,0.01775,0.091,0.315,0.43875,0.1375,4,3
1286,0.0965,0.32975,0.39475,0.15225,0.02675,3,2
1287,0.00675,0.04475,0.22875,0.4745,0.24525,4,4
1288,0.19575,0.422,0.29725,0.0755,0.0095,2,3
1289,0.00175,0.007,0.0345,0.21875,0.738,5,5
1290,0.006,0.02225,0.1185,0.42075,0.4325,5,5
1291,0.0045,0.02475,0.124,0.43275,0.414,4,5
1292,0.00625,0.048,0.2285,0.48675,0.2305,4,4
1293,0.01025,0.0525,0.24225,0.45775,0.23725,4,4
1294,0.01125,0.0585,0.25975,0.4585,0.212,4,4
1295,0.001,0.00575,0.03625,0.23525,0.72175,5,5
1296,0.0045,0.033,0.18575,0.47625,0.3005,4,4
1297,0.03075,0.1545,0.40475,0.33125,0.07875,3,3
1298,0.13375,0.3975,0.34775,0.10475,0.01625,2,4
1299,0.4645,0.39275,0.117,0.02325,0.0025,1,1
1300,0.01775,0.10025,0.3555,0.4125,0.114,4,4
1301,0.4205,0.404,0.14325,0.02725,0.005,1,1
1302,0.0295,0.1375,0.3765,0.36375,0.09275,3,4
1303,0.236,0.4425,0.247,0.0675,0.007,2,1
1304,0.05425,0.22925,0.43925,0.23775,0.0395,3,3
1305,0.0025,0.01025,0.06275,0.3255,0.599,5,5
1306,0.03325,0.169,0.41775,0.31025,0.06975,3,3
1307,0.0675,0.262,0.437,0.19625,0.03725,3,2
1308,0.05525,0.22775,0.436,0.2385,0.0425,3,3
1309,0.02575,0.11825,0.3705,0.3795,0.106,4,3
1310,0.21875,0.428,0.2785,0.0645,0.01025,2,2
1311,0.203,0.422,0.28825,0.0775,0.00925,2,2
1312,0.0045,0.03175,0.1495,0.4495,0.36475,4,4
1313,0.28125,0.43675,0.225,0.05325,0.00375,2,2
1314,0.0435,0.22175,0.45,0.23825,0.0465,3,3
1315,0.265,0.447,0.23325,0.048,0.00675,2,3
1316,0.01175,0.06325,0.28675,0.45525,0.183,4,2
1317,0.1935,0.41075,0.305,0.08,0.01075,2,2
1318,0.02075,0.13175,0.36925,0.38075,0.0975,4,4
1319,0.064,0.2515,0.43225,0.217,0.03525,3,2
1320,0.00175,0.01875,0.108,0.412,0.4595,5,5
1321,0.01975,0.1125,0.37075,0.38225,0.11475,4,4
1322,0.012,0.07125,0.27325,0.46325,0.18025,4,5
1323,0.1025,0.3315,0.39,0.15225,0.02375,3,2
1324,0.05275,0.2105,0.4515,0.23875,0.0465,3,4
1325,0.032,0.1705,0.42,0.3075,0.07,3,3
1326,0.453,0.38925,0.1325,0.02275,0.0025,1,2
1327,0.432,0.40125,0.139,0.024,0.00375,1,1
1328,0.29175,0.45275,0.2095,0.041,0.005,2,2
1329,0.1905,0.423,0.30125,0.0745,0.01075,2,3
1330,0.12425,0.353,0.384,0.11825,0.0205,3,4
1331,0.01425,0.10225,0.34125,0.4175,0.12475,4,3
1332,0.11425,0.35225,0.388,0.12875,0.01675,3,2
1333,0.0,0.00175,0.012,0.0895,0.89675,5,5
1334,0.0905,0.32625,0.408,0.145,0.03025,3,3
1335,0.76325,0.1955,0.034,0.0065,0.00075,1,1
1336,0.00375,0.02425,0.152,0.45475,0.36525,4,3
1337,0.24725,0.43175,0.2605,0.0525,0.008,2,5
1338,0.03825,0.19725,0.43325,0.27025,0.061,3,3
1339,0.006,0.0325,0.191,0.46675,0.30375,4,4
1340,0.0405,0.1895,0.4255,0.28025,0.06425,3,3
1341,0.08,0.2835,0.4085,0.1925,0.0355,3,5
1342,0.56375,0.3285,0.092,0.01425,0.0015,1,1
1343,0.00625,0.05075,0.23375,0.46875,0.2405,4,4
1344,0.00175,0.0105,0.0755,0.37,0.54225,5,5
1345,0.286,0.427,0.2305,0.05,0.0065,2,3
1346,0.00025,0.00225,0.01825,0.119,0.86025,5,5
1347,0.0005,0.001,0.00825,0.0625,0.92775,5,5
1348,0.0015,0.01025,0.06,0.30425,0.624,5,5
1349,0.02475,0.1015,0.37825,0.3895,0.106,4,4
1350,0.00375,0.0155,0.112,0.4265,0.44225,5,4
1351,0.004,0.05575,0.257,0.47475,0.2085,4,4
1352,0.00175,0.00925,0.07625,0.371,0.54175,5,4
1353,0.0035,0.02325,0.12325,0.411,0.439,5,5
1354,0.03875,0.16075,0.415,0.313,0.0725,3,4
1355,0.006,0.03275,0.18225,0.482,0.297,4,5
1356,0.0005,0.00325,0.018,0.15425,0.824,5,5
1357,0.1415,0.39575,0.3515,0.0985,0.01275,2,3
1358,0.25175,0.4505,0.23425,0.05375,0.00975,2,2
1359,0.031,0.1435,0.39775,0.349,0.07875,3,3
1360,0.00425,0.02725,0.162,0.46075,0.34575,4,5
1361,0.052,0.22275,0.43725,0.24375,0.04425,3,4
1362,0.00025,0.0015,0.00825,0.08475,0.90525,5,5
1363,0.00975,0.0705,0.273,0.45275,0.194,4,3
1364,0.10275,0.3505,0.4005,0.12375,0.0225,3,3
1365,0.00925,0.0545,0.24775,0.473,0.2155,4,1
1366,0.08325,0.30175,0.40925,0.1805,0.02525,3,3
1367,0.0005,0.00375,0.025,0.18375,0.787,5,5
1368,0.09475,0.3265,0.40475,0.1485,0.0255,3,3
1369,0.011,0.07175,0.282,0.46075,0.1745,4,4
1370,0.0215,0.115,0.36275,0.39325,0.1075,4,4
1371,0.00025,0.0015,0.0075,0.0635,0.92725,5,5
1372,0.004,0.027,0.144,0.45275,0.37225,4,5
1373,0.00325,0.01575,0.0985,0.40175,0.48075,5,5
1374,0.21225,0.42375,0.2875,0.0685,0.008,2,2
1375,0.16225,0.39425,0.33525,0.0915,0.01675,2,1
1376,0.06975,0.2675,0.42675,0.20175,0.03425,3,3
1377,0.00375,0.01825,0.1185,0.441,0.4185,4,5
1378,0.248,0.43025,0.25775,0.056,0.008,2,4
1379,0.003,0.01375,0.0935,0.3905,0.49925,5,5
1380,0.126,0.369,0.36575,0.1195,0.01975,2,2
1381,0.00475,0.022,0.1125,0.432,0.42875,4,5
1382,0.3075,0.4395,0.2135,0.03525,0.00425,2,1
1383,0.0005,0.00525,0.05125,0.28,0.663,5,5
1384,0.01775,0.10025,0.356,0.40275,0.12325,4,3
1385,0.06275,0.237,0.43325,0.22225,0.04475,3,2
1386,0.00275,0.01325,0.0705,0.34775,0.56575,5,4
1387,0.00125,0.005,0.0375,0.24825,0.708,5,4
1388,0.0005,0.00575,0.05275,0.277,0.664,5,5
1389,0.1045,0.3385,0.394,0.14125,0.02175,3,2
1390,0.05025,0.21375,0.42875,0.25525,0.052,3,3
1391,0.08425,0.29925,0.423,0.16575,0.02775,3,3
1392,0.005,0.037,0.2085,0.46375,0.28575,4,3
1393,0.009,0.05375,0.25,0.47625,0.211,4,2
1394,0.397,0.40775,0.1645,0.02675,0.004,2,3
1395,0.07675,0.2685,0.442,0.18425,0.0285,3,3
1396,0.0055,0.032,0.16025,0.4785,0.32375,4,4
1397,0.1115,0.38475,0.37675,0.11325,0.01375,2,2
1398,0.149,0.39075,0.343,0.1045,0.01275,2,2
1399,0.01,0.0625,0.2715,0.4485,0.2075,4,4
1400,0.1025,0.346,0.39025,0.1395,0.02175,3,3
1401,0.005,0.02775,0.144,0.46125,0.362,4,3
1402,0.00075,0.00275,0.01775,0.1395,0.83925,5,5
1403,0.00425,0.031,0.14575,0.4485,0.3705,4,4
1404,0.0355,0.175,0.42025,0.30125,0.068,3,3
1405,0.013,0.09075,0.3365,0.412,0.14775,4,4
1406,0.14825,0.387,0.34525,0.103,0.0165,2,3
1407,0.046,0.21625,0.4295,0.254,0.05425,3,3
1408,0.0505,0.20325,0.44725,0.2485,0.0505,3,5
1409,0.0095,0.0615,0.246,0.47175,0.21125,4,3
1410,0.00275,0.021,0.1275,0.449,0.39975,4,5
1411,0.00625,0.03975,0.1815,0.4765,0.296,4,4
1412,0.309,0.43425,0.20525,0.0445,0.007,2,2
1413,0.01425,0.0785,0.29725,0.43975,0.17025,4,4
1414,0.053,0.24225,0.43725,0.227,0.0405,3,2
1415,0.2335,0.42925,0.26375,0.06475,0.00875,2,1
1416,0.11325,0.352,0.38625,0.13175,0.01675,3,3
1417,0.00275,0.0165,0.066,0.3755,0.53925,5,5
1418,0.03225,0.15575,0.387,0.33625,0.08875,3,2
1419,0.15,0.3925,0.34625,0.0965,0.01475,2,2
1420,0.002,0.0075,0.06375,0.3145,0.61225,5,4
1421,0.369,0.43625,0.1595,0.03125,0.004,2,3
1422,0.4245,0.40475,0.13875,0.03,0.002,1,3
1423,0.002,0.01025,0.04775,0.271,0.669,5,5
1424,0.015,0.066,0.2885,0.45275,0.17775,4,3
1425,0.3095,0.4505,0.19275,0.042,0.00525,2,2
1426,0.03575,0.1595,0.41025,0.32875,0.06575,3,4
1427,0.5635,0.3365,0.084,0.01325,0.00275,1,3
1428,0.0035,0.03275,0.15475,0.45475,0.35425,4,3
1429,0.00475,0.02475,0.13575,0.44525,0.3895,4,4
1430,0.28875,0.438,0.22425,0.0435,0.0055,2,1
1431,0.0005,0.0025,0.02475,0.16475,0.8075,5,4
1432,0.13025,0.379,0.36525,0.1115,0.014,2,3
1433,0.01025,0.07075,0.3005,0.44475,0.17375,4,4
1434,0.04375,0.184,0.41825,0.2925,0.0615,3,4
1435,0.00575,0.03225,0.1855,0.48125,0.29525,4,4
1436,0.001,0.00675,0.048,0.29125,0.653,5,5
1437,0.694,0.24325,0.05525,0.00625,0.00125,1,1
1438,0.02,0.1135,0.356,0.3925,0.118,4,2
1439,0.421,0.39875,0.1495,0.02775,0.003,1,1
1440,0.0005,0.0045,0.028,0.18925,0.77775,5,5
1441,0.15425,0.4225,0.3185,0.09175,0.013,2,2
1442,0.0195,0.1135,0.37225,0.37625,0.1185,4,4
1443,0.1545,0.38775,0.35375,0.08975,0.01425,2,3
1444,0.738,0.2135,0.04025,0.00625,0.002,1,1
1445,0.1525,0.391,0.3435,0.09625,0.01675,2,3
1446,0.00875,0.06225,0.27825,0.4745,0.17625,4,4
1447,0.0165,0.07575,0.28025,0.454,0.1735,4,5
1448,0.0375,0.15525,0.416,0.3165,0.07475,3,3
1449,0.005,0.0355,0.1875,0.46725,0.30475,4,4
1450,0.0985,0.338,0.38875,0.15225,0.0225,3,3
1451,0.30175,0.43725,0.208,0.04775,0.00525,2,4
1452,0.38475,0.43175,0.15175,0.0285,0.00325,2,2
1453,0.068,0.24025,0.43,0.2215,0.04025,3,2
1454,0.39725,0.426,0.14825,0.02475,0.00375,2,3
1455,0.04075,0.17175,0.41975,0.29875,0.069,3,2
1456,0.0015,0.0105,0.06375,0.33175,0.5925,5,5
1457,0.2505,0.4315,0.24975,0.05925,0.009,2,2
1458,0.00025,0.0005,0.00225,0.015,0.982,5,5
1459,0.0,0.00125,0.01825,0.1145,0.866,5,5
1460,0.1585,0.39075,0.34175,0.095,0.014,2,2
1461,0.126,0.36425,0.3655,0.1235,0.02075,3,2
1462,0.01725,0.09625,0.3485,0.415,0.123,4,4
1463,0.08575,0.314,0.4195,0.15825,0.0225,3,3
1464,0.0015,0.01675,0.10675,0.41075,0.46425,5,5
1465,0.00025,0.0035,0.02825,0.1755,0.7925,5,4
1466,0.14825,0.38825,0.347,0.1025,0.014,2,1
1467,0.1005,0.3265,0.40025,0.14875,0.024,3,2
1468,0.0385,0.16875,0.42225,0.31075,0.05975,3,3
1469,0.0775,0.28,0.418,0.19075,0.03375,3,4
1470,0.24975,0.4425,0.249,0.0505,0.00825,2,2
1471,0.1415,0.37875,0.36125,0.10225,0.01625,2,1
1472,0.063,0.2355,0.4245,0.237,0.04,3,4
1473,0.07375,0.26175,0.433,0.19575,0.03575,3,3
1474,0.1365,0.3825,0.36225,0.10175,0.017,2,2
1475,0.15875,0.3905,0.3365,0.09825,0.016,2,3
1476,0.006,0.021,0.15325,0.45,0.36975,4,2
1477,0.22925,0.4275,0.2705,0.0665,0.00625,2,2
1478,0.01075,0.04975,0.24575,0.471,0.22275,4,4
1479,0.003,0.0205,0.11825,0.43375,0.4245,4,4
1480,0.00025,0.00025,0.00675,0.0425,0.95025,5,5
1481,0.04675,0.20125,0.43325,0.2675,0.05125,3,2
1482,0.00875,0.04075,0.235,0.4745,0.241,4,4
1483,0.1155,0.332,0.3995,0.13475,0.01825,3,3
1484,0.0045,0.017,0.1155,0.43425,0.42875,4,4
1485,0.062,0.24875,0.428,0.22025,0.041,3,2
1486,0.1595,0.40325,0.333,0.09025,0.014,2,3
1487,0.02225,0.1055,0.36325,0.40425,0.10475,4,2
1488,0.055,0.205,0.427,0.26525,0.04775,3,3
1489,0.4705,0.3855,0.1235,0.01675,0.00375,1,1
1490,0.193,0.42425,0.292,0.0775,0.01325,2,2
1491,0.0445,0.1985,0.433,0.26675,0.05725,3,3
1492,0.00625,0.028,0.1595,0.455,0.35125,4,4
1493,0.07925,0.2845,0.415,0.1925,0.02875,3,2
1494,0.03375,0.174,0.41825,0.30525,0.06875,3,4
1495,0.0025,0.006,0.0405,0.24925,0.70175,5,3
1496,0.003,0.00775,0.06575,0.3405,0.583,5,5
1497,0.00175,0.01125,0.064,0.302,0.621,5,5
1498,0.00725,0.04225,0.226,0.4595,0.265,4,4
1499,0.00075,0.00575,0.03725,0.2595,0.69675,5,5
1500,0.15475,0.3885,0.34125,0.0985,0.017,2,2
1501,0.018,0.10775,0.35975,0.396,0.1185,4,3
1502,0.006,0.0405,0.1895,0.45775,0.30625,4,4
1503,0.029,0.145,0.39775,0.3545,0.07375,3,4
1504,0.14325,0.38225,0.3515,0.109,0.014,2,2
1505,0.04125,0.20175,0.42625,0.277,0.05375,3,3
1506,0.0295,0.16025,0.41025,0.33125,0.06875,3,3
1507,0.25575,0.43175,0.2475,0.057,0.008,2,2
1508,0.18875,0.4095,0.31625,0.0755,0.01,2,1
1509,0.13,0.35625,0.3685,0.128,0.01725,3,2
1510,0.0445,0.19375,0.41475,0.28675,0.06025,3,3
1511,0.01025,0.06225,0.26075,0.4755,0.19125,4,4
1512,0.0115,0.06875,0.27225,0.4625,0.185,4,4
1513,0.0125,0.07175,0.30025,0.4455,0.17,4,4
1514,0.11625,0.36275,0.38775,0.117,0.01625,3,1
1515,0.1085,0.36125,0.38725,0.124,0.019,3,2
1516,0.07825,0.277,0.42025,0.18725,0.03725,3,4
1517,0.12525,0.3635,0.36525,0.12575,0.02025,3,2
1518,0.00025,0.00525,0.028,0.20025,0.76625,5,5
1519,0.01025,0.05075,0.25375,0.4885,0.19675,4,4
1520,0.00125,0.0105,0.06825,0.331,0.589,5,5
1521,0.125,0.363,0.37175,0.1215,0.01875,3,2
1522,0.0115,0.0805,0.2915,0.44925,0.16725,4,2
1523,0.005,0.0285,0.147,0.4375,0.382,4,4
1524,0.36975,0.42725,0.16825,0.0315,0.00325,2,2
1525,0.00425,0.017,0.11625,0.4155,0.447,5,5
1526,0.0,0.001,0.01,0.092,0.897,5,5
1527,0.0195,0.1035,0.357,0.40475,0.11525,4,2
1528,0.18925,0.41975,0.30225,0.07775,0.011,2,2
1529,0.00325,0.016,0.1065,0.3995,0.47475,5,5
1530,0.04875,0.217,0.4395,0.24175,0.053,3,3
1531,0.0015,0.0095,0.066,0.32775,0.59525,5,5
1532,0.0025,0.014,0.11625,0.409,0.45825,5,4
1533,0.06725,0.2605,0.429,0.203,0.04025,3,3
1534,0.215,0.4245,0.28775,0.063,0.00975,2,2
1535,0.00325,0.01875,0.10975,0.416,0.45225,5,4
1536,0.003,0.0105,0.06825,0.3595,0.55875,5,4
1537,0.00875,0.05225,0.2585,0.46025,0.22025,4,4
1538,0.0935,0.3255,0.41,0.14975,0.02125,3,2
1539,0.32925,0.431,0.18975,0.04275,0.00725,2,1
1540,0.00025,0.001,0.00975,0.084,0.905,5,5
1541,0.002,0.01325,0.08325,0.365,0.5365,5,5
1542,0.0015,0.0095,0.057,0.29175,0.64025,5,5
1543,0.00625,0.036,0.18,0.474,0.30375,4,4
1544,0.059,0.22975,0.42925,0.2375,0.0445,3,3
1545,0.25975,0.438,0.24275,0.05225,0.00725,2,2
1546,0.0005,0.00375,0.0215,0.14325,0.831,5,5
1547,0.00925,0.049,0.234,0.469,0.23875,4,4
1548,0.0005,0.00325,0.03375,0.22525,0.73725,5,5
1549,0.32675,0.43375,0.19975,0.03525,0.0045,2,2
1550,0.0305,0.12925,0.4025,0.352,0.08575,3,4
1551,0.0,0.00375,0.02425,0.17825,0.79375,5,5
1552,0.011,0.06625,0.31375,0.4435,0.1655,4,4
1553,0.02475,0.115,0.367,0.384,0.10925,4,4
1554,0.0015,0.0085,0.051,0.2765,0.6625,5,5
1555,0.003,0.01375,0.08375,0.386,0.5135,5,5
1556,0.03975,0.18175,0.4225,0.29775,0.05825,3,3
1557,0.091,0.3035,0.41225,0.16525,0.028,3,3
1558,0.00075,0.00225,0.01925,0.131,0.84675,5,5
1559,0.00775,0.0365,0.174,0.47075,0.311,4,4
1560,0.00625,0.03725,0.199,0.48825,0.26925,4,5
1561,0.291,0.43125,0.2175,0.05425,0.006,2,1
1562,0.26775,0.441,0.22975,0.0535,0.008,2,1
1563,0.09125,0.3145,0.39825,0.1705,0.0255,3,2
1564,0.003,0.02075,0.12575,0.452,0.3985,4,4
1565,0.005,0.036,0.17375,0.467,0.31825,4,5
1566,0.00225,0.0105,0.0685,0.3315,0.58725,5,5
1567,0.33825,0.43875,0.18575,0.03375,0.0035,2,2
1568,0.03875,0.17075,0.41575,0.30575,0.069,3,2
1569,0.00975,0.05925,0.27675,0.46675,0.1875,4,3
1570,0.0055,0.04475,0.20375,0.47125,0.27475,4,5
1571,0.12875,0.35375,0.36225,0.13425,0.021,3,3
1572,0.00125,0.02075,0.1095,0.403,0.4655,5,5
1573,0.005,0.02525,0.13525,0.43975,0.39475,4,5
1574,0.30275,0.431,0.21125,0.04975,0.00525,2,2
1575,0.2505,0.44325,0.24125,0.056,0.009,2,2
1576,0.00325,0.017,0.1135,0.41725,0.449,5,4
1577,0.28825,0.44025,0.2135,0.05175,0.00625,2,1
1578,0.02775,0.139,0.41325,0.33725,0.08275,3,3
1579,0.00125,0.003,0.02975,0.21825,0.74775,5,5
1580,0.48175,0.38325,0.113,0.021,0.001,1,1
1581,0.10625,0.33575,0.405,0.13425,0.01875,3,2
1582,0.0025,0.0155,0.088,0.385,0.509,5,3
1583,0.048,0.211,0.422,0.26775,0.05125,3,4
1584,0.00125,0.00525,0.04175,0.26525,0.6865,5,4
1585,0.23125,0.452,0.256,0.0545,0.00625,2,1
1586,0.04775,0.239,0.4315,0.2435,0.03825,3,3
1587,0.12925,0.39925,0.351,0.10525,0.01525,2,3
1588,0.021,0.105,0.3485,0.40825,0.11725,4,4
1589,0.0,0.00025,0.0015,0.01775,0.9805,5,5
1590,0.00175,0.0145,0.08125,0.3495,0.553,5,5
1591,0.00875,0.058,0.2555,0.4565,0.22125,4,5
1592,0.0015,0.00625,0.04375,0.2645,0.684,5,4
1593,0.0255,0.13525,0.40625,0.3435,0.0895,3,4
1594,0.3825,0.414,0.16525,0.03375,0.0045,2,1
1595,0.062,0.24,0.4255,0.23175,0.04075,3,4
1596,0.02725,0.14075,0.4025,0.3485,0.081,3,3
1597,0.0115,0.05175,0.23525,0.47225,0.22925,4,4
1598,0.09375,0.31475,0.3935,0.1715,0.0265,3,5
1599,0.01175,0.07275,0.2915,0.4515,0.1725,4,5
1600,0.08675,0.29175,0.42225,0.168,0.03125,3,2
1601,0.372,0.43725,0.159,0.02725,0.0045,2,1
1602,0.079,0.28175,0.42,0.1865,0.03275,3,3
1603,0.00975,0.05775,0.28575,0.455,0.19175,4,3
1604,0.08475,0.30175,0.40325,0.184,0.02625,3,3
1605,0.42425,0.41175,0.13275,0.0255,0.00575,1,2
1606,0.026,0.13125,0.394,0.36225,0.0865,3,3
1607,0.00625,0.04375,0.23275,0.4855,0.23175,4,4
1608,0.0175,0.07525,0.31325,0.4415,0.1525,4,4
1609,0.08475,0.28875,0.4315,0.169,0.026,3,3
1610,0.107,0.3285,0.4005,0.145,0.019,3,3
1611,0.01075,0.057,0.2415,0.46875,0.222,4,4
1612,0.0385,0.18125,0.422,0.289,0.06925,3,3
1613,0.14725,0.37325,0.35525,0.10925,0.015,2,2
1614,0.0055,0.02775,0.16475,0.4815,0.3205,4,3
1615,0.03425,0.16925,0.43925,0.295,0.06225,3,4
1616,0.0055,0.03175,0.185,0.4555,0.32225,4,2
1617,0.1005,0.32275,0.39525,0.15925,0.02225,3,3
1618,0.2275,0.42125,0.26875,0.07,0.0125,2,4
1619,0.0005,0.00475,0.02075,0.177,0.797,5,5
1620,0.02275,0.0975,0.334,0.41325,0.1325,4,4
1621,0.01725,0.12025,0.37,0.38825,0.10425,4,3
1622,0.669,0.263,0.058,0.00775,0.00225,1,1
1623,0.002,0.01875,0.10925,0.41025,0.45975,5,5
1624,0.56675,0.332,0.08875,0.012,0.0005,1,2
1625,0.01425,0.07125,0.2985,0.442,0.174,4,4
1626,0.0005,0.004,0.034,0.22425,0.73725,5,5
1627,0.04675,0.1815,0.43825,0.27475,0.05875,3,3
1628,0.41875,0.40575,0.147,0.02625,0.00225,1,1
1629,0.0305,0.1525,0.4115,0.32825,0.07725,3,2
1630,0.01825,0.11825,0.369,0.39425,0.10025,4,1
1631,0.0165,0.0765,0.31875,0.438,0.15025,4,5
1632,0.0405,0.16275,0.41575,0.31225,0.06875,3,4
1633,0.00025,0.00475,0.033,0.20625,0.75575,5,5
1634,0.0005,0.00575,0.042,0.2605,0.69125,5,4
1635,0.0545,0.23625,0.43675,0.2335,0.039,3,3
1636,0.0,0.00175,0.008,0.076,0.91425,5,5
1637,0.00225,0.017,0.092,0.3925,0.49625,5,4
1638,0.07875,0.2945,0.44125,0.16025,0.02525,3,1
1639,0.00225,0.0095,0.06175,0.33625,0.59025,5,4
1640,0.01325,0.06625,0.27375,0.46675,0.18,4,3
1641,0.00525,0.039,0.2105,0.47125,0.274,4,5
1642,0.03175,0.17275,0.41225,0.312,0.07125,3,4
1643,0.0345,0.161,0.414,0.32025,0.07025,3,3
1644,0.005,0.0375,0.19225,0.4615,0.30375,4,5
1645,0.00525,0.03375,0.16725,0.47225,0.3215,4,5
1646,0.00325,0.0195,0.123,0.40975,0.4445,5,5
1647,0.0005,0.004,0.02425,0.188,0.78325,5,5
1648,0.062,0.26375,0.42925,0.20625,0.03875,3,3
1649,0.00975,0.0635,0.27975,0.46175,0.18525,4,3
1650,0.0465,0.218,0.433,0.2475,0.055,3,1
1651,0.00375,0.016,0.10775,0.4215,0.451,5,4
1652,0.22925,0.43275,0.2695,0.0605,0.008,2,3
1653,0.06625,0.25725,0.43175,0.20175,0.043,3,3
1654,0.04,0.1685,0.4415,0.2915,0.0585,3,3
1655,0.0015,0.01425,0.077,0.356,0.55125,5,3
1656,0.01575,0.088,0.304,0.441,0.15125,4,5
1657,0.05325,0.20375,0.42575,0.264,0.05325,3,5
1658,0.06625,0.25625,0.4275,0.20825,0.04175,3,2
1659,0.20725,0.42775,0.28425,0.07075,0.01,2,2
1660,0.0055,0.03525,0.19125,0.498,0.27,4,4
1661,0.02075,0.098,0.339,0.41575,0.1265,4,3
1662,0.00225,0.01025,0.06775,0.3185,0.60125,5,4
1663,0.00275,0.0155,0.08675,0.35625,0.53875,5,5
1664,0.0205,0.11825,0.375,0.38425,0.102,4,4
1665,0.2045,0.43125,0.287,0.06975,0.0075,2,2
1666,0.015,0.07575,0.328,0.4395,0.14175,4,2
1667,0.0095,0.03775,0.194,0.4855,0.27325,4,4
1668,0.3435,0.432,0.184,0.03575,0.00475,2,4
1669,0.00175,0.0185,0.11375,0.42875,0.43725,5,4
1670,0.346,0.42325,0.18625,0.039,0.0055,2,3
1671,0.04,0.175,0.4225,0.2955,0.067,3,4
1672,0.0085,0.0565,0.23975,0.46225,0.233,4,4
1673,0.03325,0.15375,0.4095,0.32475,0.07875,3,4
1674,0.01075,0.052,0.244,0.47225,0.221,4,5
1675,0.003,0.0115,0.08075,0.375,0.52975,5,5
1676,0.04275,0.19975,0.417,0.27925,0.06125,3,4
1677,0.0015,0.013,0.0715,0.35125,0.56275,5,3
1678,0.60575,0.303,0.0765,0.0125,0.00225,1,3
1679,0.0035,0.02575,0.16525,0.45525,0.35025,4,5
1680,0.26675,0.45325,0.23,0.04175,0.00825,2,2
1681,0.112,0.3535,0.38525,0.12475,0.0245,3,3
1682,0.0835,0.29325,0.40925,0.18,0.034,3,2
1683,0.0015,0.00725,0.04275,0.2555,0.693,5,5
1684,0.26225,0.4295,0.25175,0.05,0.0065,2,2
1685,0.18275,0.42575,0.30275,0.0765,0.01225,2,2
1686,0.1985,0.4085,0.3005,0.08175,0.01075,2,1
1687,0.00325,0.026,0.11975,0.44025,0.41075,4,3
1688,0.09775,0.3255,0.408,0.1485,0.02025,3,2
1689,0.00225,0.01,0.05175,0.275,0.661,5,4
1690,0.34825,0.42625,0.1875,0.03375,0.00425,2,1
1691,0.029,0.14,0.405,0.3395,0.0865,3,3
1692,0.00275,0.01825,0.12,0.42075,0.43825,5,5
1693,0.32225,0.432,0.201,0.03975,0.005,2,3
1694,0.00325,0.02175,0.138,0.4555,0.3815,4,5
1695,0.001,0.0175,0.087,0.37225,0.52225,5,4
1696,0.039,0.196,0.4245,0.28675,0.05375,3,3
1697,0.04825,0.21075,0.44425,0.24475,0.052,3,3
1698,0.0,0.0005,0.004,0.03775,0.95775,5,5
1699,0.0395,0.18125,0.416,0.29825,0.065,3,3
1700,0.02275,0.113,0.38,0.382,0.10225,4,4
1701,0.21175,0.42325,0.27475,0.081,0.00925,2,4
1702,0.01575,0.079,0.31225,0.432,0.161,4,4
1703,0.45425,0.402,0.12025,0.0195,0.004,1,1
1704,0.0115,0.0675,0.3055,0.451,0.1645,4,4
1705,0.11825,0.3285,0.397,0.13625,0.02,3,3
1706,0.1315,0.369,0.3625,0.122,0.015,2,1
1707,0.0135,0.0775,0.31575,0.447,0.14625,4,4
1708,0.0005,0.003,0.02325,0.17675,0.7965,5,5
1709,0.03075,0.146,0.4125,0.32825,0.0825,3,3
1710,0.00225,0.02,0.10025,0.3705,0.507,5,4
1711,0.04175,0.1855,0.41425,0.2945,0.064,3,2
1712,0.058,0.24275,0.4245,0.23375,0.041,3,3
1713,0.01325,0.082,0.31125,0.43775,0.15575,4,4
1714,0.00325,0.0225,0.1295,0.42825,0.4165,4,3
1715,0.0,0.00075,0.0065,0.05875,0.934,5,5
1716,0.0365,0.1745,0.4325,0.29725,0.05925,3,3
1717,0.0165,0.10475,0.3425,0.4045,0.13175,4,5
1718,0.001,0.00775,0.0475,0.271,0.67275,5,4
1719,0.13675,0.388,0.355,0.102,0.01825,2,2
1720,0.00175,0.01,0.055,0.3085,0.62475,5,4
1721,0.00825,0.0585,0.27125,0.469,0.193,4,4
1722,0.05275,0.20875,0.42725,0.25425,0.057,3,3
1723,0.00075,0.0045,0.03225,0.2075,0.755,5,5
1724,0.0075,0.04625,0.225,0.476,0.24525,4,3
1725,0.04925,0.202,0.43425,0.2625,0.052,3,3
1726,0.03,0.14475,0.41775,0.32725,0.08025,3,4
1727,0.00125,0.00675,0.043,0.27,0.679,5,5
1728,0.2655,0.4345,0.24125,0.05175,0.007,2,5
1729,0.001,0.0055,0.0365,0.22975,0.72725,5,5
1730,0.00975,0.05475,0.2665,0.465,0.204,4,4
1731,0.29675,0.4455,0.21,0.04175,0.006,2,3
1732,0.00175,0.011,0.0505,0.2755,0.66125,5,5
1733,0.03975,0.1665,0.41925,0.30575,0.06875,3,4
1734,0.0035,0.0215,0.1315,0.41625,0.42725,5,5
1735,0.00275,0.00925,0.062,0.3005,0.6255,5,5
1736,0.24575,0.4275,0.26275,0.05725,0.00675,2,2
1737,0.001,0.009,0.05025,0.259,0.68075,5,5
1738,0.00175,0.00675,0.045,0.246,0.7005,5,5
1739,0.0025,0.027,0.15625,0.44925,0.365,4,5
1740,0.0045,0.036,0.164,0.4835,0.312,4,4
1741,0.15575,0.38975,0.34,0.09775,0.01675,2,3
1742,0.01525,0.082,0.34175,0.42175,0.13925,4,2
1743,0.5525,0.342,0.08825,0.016,0.00125,1,2
1744,0.07825,0.27125,0.42275,0.1895,0.03825,3,2
1745,0.13225,0.37675,0.36225,0.11175,0.017,2,2
1746,0.00125,0.01025,0.05925,0.302,0.62725,5,4
1747,0.169,0.4195,0.31025,0.0865,0.01475,2,1
1748,0.00525,0.021,0.1305,0.43925,0.404,4,5
1749,0.012,0.0765,0.2915,0.4535,0.1665,4,4
1750,0.00075,0.00425,0.025,0.18025,0.78975,5,5
1751,0.0445,0.2075,0.4345,0.26825,0.04525,3,4
1752,0.0055,0.03025,0.17225,0.47925,0.31275,4,5
1753,0.005,0.03575,0.17325,0.48125,0.30475,4,4
1754,0.063,0.2555,0.431,0.2115,0.039,3,3
1755,0.00375,0.024,0.13025,0.447,0.395,4,4
1756,0.198,0.4155,0.29775,0.078,0.01075,2,1
1757,0.05275,0.233,0.4305,0.23425,0.0495,3,3
1758,0.0955,0.31825,0.398,0.16275,0.0255,3,3
1759,0.007,0.03925,0.207,0.464,0.28275,4,5
1760,0.001,0.01175,0.07,0.33675,0.5805,5,4
1761,0.0205,0.10025,0.3515,0.401,0.12675,4,4
1762,0.00075,0.00175,0.01125,0.088,0.89825,5,5
1763,0.05475,0.234,0.42925,0.23775,0.04425,3,3
1764,0.02825,0.132,0.41075,0.34425,0.08475,3,5
1765,0.022,0.11725,0.38225,0.38175,0.09675,3,5
1766,0.0345,0.177,0.42375,0.2995,0.06525,3,4
1767,0.2115,0.431,0.28425,0.0675,0.00575,2,3
1768,0.03575,0.1555,0.4045,0.333,0.07125,3,5
1769,0.0115,0.06475,0.276,0.46125,0.1865,4,4
1770,0.00875,0.05625,0.2535,0.46225,0.21925,4,4
1771,0.048,0.19525,0.4155,0.28325,0.058,3,3
1772,0.30825,0.43875,0.20225,0.0445,0.00625,2,2
1773,0.006,0.03575,0.2075,0.47,0.28075,4,3
1774,0.00475,0.0195,0.1295,0.44325,0.403,4,3
1775,0.0035,0.017,0.10475,0.41,0.46475,5,5
1776,0.0,0.00175,0.00975,0.07575,0.91275,5,5
1777,0.00075,0.0025,0.01325,0.11825,0.86525,5,5
1778,0.08275,0.29275,0.413,0.1785,0.033,3,4
1779,0.1515,0.38325,0.35075,0.102,0.0125,2,2
1780,0.051,0.22275,0.42725,0.25,0.049,3,4
1781,0.00675,0.03625,0.17275,0.47875,0.3055,4,4
1782,0.002,0.01675,0.09,0.3795,0.51175,5,5
1783,0.08525,0.2905,0.426,0.17575,0.0225,3,2
1784,0.0925,0.29975,0.424,0.1595,0.02425,3,2
1785,0.06575,0.25625,0.44675,0.19625,0.035,3,2
1786,0.00725,0.05025,0.23575,0.4765,0.23025,4,4
1787,0.21725,0.43575,0.2715,0.06575,0.00975,2,2
1788,0.01225,0.08125,0.32025,0.43525,0.151,4,3
1789,0.026,0.12675,0.39025,0.36225,0.09475,3,3
1790,0.27,0.425,0.25025,0.04625,0.0085,2,1
1791,0.0005,0.003,0.0325,0.21875,0.74525,5,5
1792,0.1855,0.40275,0.31925,0.0815,0.011,2,3
1793,0.01275,0.0705,0.28075,0.45225,0.18375,4,4
1794,0.01025,0.0635,0.26125,0.46725,0.19775,4,4
1795,0.0285,0.14775,0.3905,0.3465,0.08675,3,4
1796,0.00675,0.035,0.17725,0.46075,0.32025,4,5
1797,0.0015,0.0025,0.016,0.12075,0.85925,5,5
1798,0.224,0.4385,0.26975,0.05875,0.009,2,2
1799,0.136,0.3765,0.3585,0.11275,0.01625,2,3
1800,0.00425,0.027,0.14825,0.44425,0.37625,4,4
1801,0.0,0.00025,0.0055,0.03325,0.961,5,5
1802,0.0785,0.262,0.4355,0.19,0.034,3,4
1803,0.05,0.1945,0.44325,0.269,0.04325,3,4
1804,0.18325,0.40425,0.31325,0.086,0.01325,2,4
1805,0.00825,0.0555,0.23,0.481,0.22525,4,2
1806,0.024,0.114,0.3635,0.3885,0.11,4,4
1807,0.0425,0.19925,0.4345,0.26725,0.0565,3,4
1808,0.0325,0.17125,0.41125,0.30775,0.07725,3,3
1809,0.029,0.12675,0.40475,0.34725,0.09225,3,3
1810,0.2395,0.4405,0.25075,0.061,0.00825,2,3
1811,0.0215,0.112,0.365,0.37525,0.12625,4,5
1812,0.1915,0.41925,0.298,0.079,0.01225,2,2
1813,0.00625,0.03425,0.164,0.4655,0.33,4,4
1814,0.04075,0.185,0.4115,0.304,0.05875,3,3
1815,0.01175,0.05875,0.257,0.466,0.2065,4,3
1816,0.003,0.02725,0.1455,0.44325,0.381,4,3
1817,0.002,0.014,0.08025,0.3635,0.54025,5,4
1818,0.01175,0.0725,0.293,0.44575,0.177,4,3
1819,0.0,0.00125,0.013,0.08775,0.898,5,5
1820,0.068,0.275,0.429,0.193,0.035,3,3
1821,0.05675,0.241,0.44475,0.21775,0.03975,3,4
1822,0.25075,0.42325,0.2565,0.06225,0.00725,2,2
1823,0.01425,0.07925,0.31775,0.44025,0.1485,4,4
1824,0.001,0.00225,0.0185,0.13625,0.842,5,5
1825,0.0055,0.03,0.18725,0.47425,0.303,4,5
1826,0.00025,0.00275,0.015,0.11875,0.86325,5,5
1827,0.003,0.0115,0.08175,0.35775,0.546,5,5
1828,0.119,0.351,0.372,0.13575,0.02225,3,2
1829,0.00275,0.01225,0.06625,0.318,0.60075,5,4
1830,0.05125,0.21725,0.44425,0.2445,0.04275,3,3
1831,0.5965,0.3145,0.0765,0.01075,0.00175,1,1
1832,0.00675,0.0545,0.234,0.4565,0.24825,4,4
1833,0.037,0.15875,0.42075,0.30825,0.07525,3,3
1834,0.031,0.1455,0.38425,0.3555,0.08375,3,3
1835,0.00025,0.0025,0.01775,0.1265,0.853,5,5
1836,0.06575,0.2335,0.4265,0.2295,0.04475,3,3
1837,0.001,0.001,0.01325,0.115,0.86975,5,5
1838,0.07975,0.2825,0.425,0.181,0.03175,3,3
1839,0.16025,0.4045,0.327,0.09475,0.0135,2,2
1840,0.32925,0.43725,0.19275,0.0355,0.00525,2,2
1841,0.00075,0.00625,0.04225,0.26275,0.688,5,5
1842,0.20925,0.42925,0.279,0.0735,0.009,2,1
1843,0.185,0.40375,0.31025,0.087,0.014,2,4
1844,0.0945,0.30525,0.4195,0.15875,0.022,3,3
1845,0.4085,0.411,0.15175,0.02625,0.0025,2,2
1846,0.06825,0.25725,0.42275,0.2155,0.03625,3,3
1847,0.00625,0.0385,0.19475,0.49175,0.26875,4,5
1848,0.0,0.00375,0.01675,0.12725,0.85225,5,2
1849,0.105,0.35275,0.38575,0.13575,0.02075,3,3
1850,0.0395,0.18475,0.4235,0.28625,0.066,3,4
1851,0.27675,0.43275,0.2285,0.05375,0.00825,2,3
1852,0.0015,0.00525,0.03825,0.246,0.709,5,5
1853,0.44125,0.39625,0.13325,0.02625,0.003,1,2
1854,0.03325,0.1545,0.405,0.32625,0.081,3,2
1855,0.2385,0.429,0.264,0.06325,0.00525,2,2
1856,0.51475,0.3625,0.0995,0.021,0.00225,1,2
1857,0.022,0.1265,0.37325,0.3785,0.09975,4,3
1858,0.093,0.30475,0.4115,0.1685,0.02225,3,3
1859,0.18525,0.42975,0.29675,0.0775,0.01075,2,2
1860,0.0125,0.08175,0.3205,0.4395,0.14575,4,4
1861,0.001,0.0085,0.056,0.31725,0.61725,5,4
1862,0.0605,0.24,0.44225,0.2205,0.03675,3,3
1863,0.00125,0.01325,0.0755,0.353,0.557,5,5
1864,0.008,0.0465,0.21975,0.48275,0.243,4,5
1865,0.49275,0.3785,0.10725,0.0185,0.003,1,2
1866,0.00075,0.013,0.085,0.36775,0.5335,5,5
1867,0.00075,0.00175,0.02275,0.1515,0.82325,5,5
1868,0.429,0.41575,0.13,0.02225,0.003,1,2
1869,0.03525,0.18125,0.419,0.30425,0.06025,3,4
1870,0.1565,0.38425,0.347,0.0965,0.01575,2,2
1871,0.09425,0.33125,0.395,0.152,0.0275,3,4
1872,0.00225,0.0085,0.07125,0.342,0.576,5,4
1873,0.0135,0.0795,0.33025,0.42075,0.156,4,5
1874,0.01,0.07275,0.3,0.45125,0.166,4,3
1875,0.43675,0.4035,0.1365,0.01925,0.004,1,1
1876,0.3085,0.43925,0.20475,0.044,0.0035,2,1
1877,0.017,0.078,0.3065,0.45,0.1485,4,4
1878,0.38475,0.42025,0.16075,0.031,0.00325,2,1
1879,0.184,0.413,0.30975,0.081,0.01225,2,1
1880,0.1195,0.3625,0.3785,0.12125,0.01825,3,2
1881,0.1475,0.39225,0.34375,0.09925,0.01725,2,2
1882,0.0525,0.2315,0.4355,0.24125,0.03925,3,3
1883,0.00175,0.013,0.08325,0.3845,0.5175,5,4
1884,0.00075,0.00325,0.035,0.2155,0.7455,5,4
1885,0.2575,0.44075,0.244,0.04775,0.01,2,2
1886,0.28025,0.444,0.22325,0.0465,0.006,2,2
1887,0.0055,0.03625,0.193,0.47825,0.287,4,5
1888,0.05675,0.26325,0.42775,0.213,0.03925,3,3
1889,0.0015,0.00575,0.04125,0.22975,0.72175,5,4
1890,0.0,0.0015,0.0125,0.10775,0.87825,5,5
1891,0.00075,0.00725,0.03125,0.206,0.75475,5,4
1892,0.09775,0.33125,0.3925,0.15075,0.02775,3,5
1893,0.156,0.38125,0.34825,0.098,0.0165,2,1
1894,0.00275,0.019,0.11825,0.4165,0.4435,5,4
1895,0.118,0.34575,0.373,0.141,0.02225,3,1
1896,0.012,0.061,0.271,0.451,0.205,4,3
1897,0.0255,0.14175,0.39725,0.34275,0.09275,3,5
1898,0.006,0.03375,0.20675,0.48375,0.26975,4,4
1899,0.0765,0.3055,0.4135,0.1775,0.027,3,3
1900,0.108,0.34425,0.38725,0.138,0.0225,3,4
1901,0.0075,0.0425,0.208,0.49825,0.24375,4,4
1902,0.00725,0.0255,0.16175,0.46025,0.34525,4,4
1903,0.03475,0.1645,0.42125,0.30825,0.07125,3,3
1904,0.01375,0.068,0.29375,0.44475,0.17975,4,3
1905,0.00425,0.03275,0.17275,0.45825,0.332,4,3
1906,0.00075,0.007,0.05225,0.2905,0.6495,5,5
1907,0.03475,0.16575,0.422,0.31575,0.06175,3,4
1908,0.58225,0.3335,0.07025,0.012,0.002,1,1
1909,0.043,0.201,0.4275,0.28025,0.04825,3,4
1910,0.1795,0.41375,0.31275,0.083,0.011,2,1
1911,0.0515,0.2105,0.43,0.2595,0.0485,3,3
1912,0.00675,0.03525,0.18475,0.47175,0.3015,4,4
1913,0.03025,0.14425,0.41575,0.32475,0.085,3,3
1914,0.0015,0.0085,0.0475,0.29125,0.65125,5,5
1915,0.057,0.21375,0.44375,0.23975,0.04575,3,3
1916,0.00225,0.01875,0.10825,0.403,0.46775,5,4
1917,0.03175,0.166,0.417,0.315,0.07025,3,3
1918,0.0705,0.25525,0.41725,0.214,0.043,3,2
1919,0.00275,0.01075,0.074,0.34625,0.56625,5,4
1920,0.39,0.42325,0.15625,0.026,0.0045,2,1
1921,0.164,0.405,0.329,0.0895,0.0125,2,2
1922,0.001,0.00925,0.04625,0.25725,0.68625,5,5
1923,0.02625,0.13625,0.39175,0.3465,0.09925,3,4
1924,0.0405,0.18625,0.43925,0.272,0.062,3,4
1925,0.012,0.0625,0.2565,0.476,0.193,4,4
1926,0.02875,0.1415,0.40075,0.34225,0.08675,3,3
1927,0.003,0.0195,0.113,0.439,0.4255,4,3
1928,0.659,0.27225,0.057,0.0095,0.00225,1,1
1929,0.18675,0.4235,0.307,0.072,0.01075,2,1
1930,0.3325,0.43075,0.1995,0.033,0.00425,2,2
1931,0.05475,0.23775,0.43325,0.234,0.04025,3,3
1932,0.14275,0.402,0.35075,0.09175,0.01275,2,2
1933,0.0145,0.08475,0.314,0.432,0.15475,4,4
1934,0.07925,0.286,0.41725,0.1865,0.031,3,3
1935,0.6405,0.281,0.068,0.00925,0.00125,1,3
1936,0.01725,0.0885,0.33625,0.41675,0.14125,4,4
1937,0.04525,0.2115,0.43175,0.25775,0.05375,3,2
1938,0.242,0.4255,0.264,0.059,0.0095,2,1
1939,0.0045,0.013,0.09125,0.40325,0.488,5,4
1940,0.058,0.247,0.43975,0.215,0.04025,3,3
1941,0.003,0.0185,0.08525,0.377,0.51625,5,5
1942,0.08525,0.31125,0.41675,0.161,0.02575,3,3
1943,0.002,0.0115,0.07275,0.36,0.55375,5,4
1944,0.002,0.02025,0.12,0.44725,0.4105,4,5
1945,0.22075,0.4145,0.285,0.069,0.01075,2,2
1946,0.01025,0.064,0.283,0.4565,0.18625,4,4
1947,0.00025,0.004,0.014,0.13125,0.8505,5,5
1948,0.1545,0.4015,0.338,0.0905,0.0155,2,3
1949,0.15575,0.4115,0.32525,0.0915,0.016,2,3
1950,0.0055,0.0285,0.19075,0.457,0.31825,4,3
1951,0.1385,0.39525,0.35125,0.1025,0.0125,2,2
1952,0.0005,0.00225,0.02675,0.18675,0.78375,5,5
1953,0.36675,0.427,0.17125,0.03175,0.00325,2,2
1954,0.16425,0.4,0.327,0.09475,0.014,2,3
1955,0.02575,0.157,0.40875,0.33475,0.07375,3,4
1956,0.0005,0.01075,0.073,0.32425,0.5915,5,5
1957,0.05525,0.213,0.436,0.248,0.04775,3,4
1958,0.00775,0.03125,0.17775,0.47275,0.3105,4,3
1959,0.09225,0.32425,0.403,0.1565,0.024,3,3
1960,0.123,0.3585,0.38575,0.117,0.01575,3,3
1961,0.73125,0.2165,0.044,0.0075,0.00075,1,2
1962,0.20125,0.40475,0.301,0.07825,0.01475,2,2
1963,0.01175,0.071,0.2775,0.45025,0.1895,4,3
1964,0.01375,0.08875,0.31025,0.43375,0.1535,4,5
1965,0.13725,0.37025,0.358,0.11475,0.01975,2,4
1966,0.056,0.24525,0.42825,0.2335,0.037,3,2
1967,0.47025,0.3835,0.11775,0.02325,0.00525,1,1
1968,0.30675,0.4305,0.204,0.053,0.00575,2,1
1969,0.0035,0.0235,0.12675,0.44025,0.406,4,5
1970,0.30375,0.4395,0.20975,0.04025,0.00675,2,1
1971,0.002,0.0175,0.09775,0.40025,0.4825,5,3
1972,0.00025,0.0055,0.02925,0.18325,0.78175,5,5
1973,0.014,0.0785,0.2955,0.43725,0.17475,4,3
1974,0.00075,0.0025,0.016,0.10925,0.8715,5,4
1975,0.08925,0.306,0.409,0.16725,0.0285,3,2
1976,0.0035,0.02125,0.1195,0.43425,0.4215,4,5
1977,0.003,0.01325,0.102,0.40875,0.473,5,5
1978,0.005,0.0325,0.1875,0.4695,0.3055,4,3
1979,0.03025,0.14625,0.3935,0.34225,0.08775,3,3
1980,0.115,0.358,0.384,0.12375,0.01925,3,3
1981,0.00725,0.05375,0.252,0.46175,0.22525,4,4
1982,0.06875,0.26875,0.43,0.1995,0.033,3,4
1983,0.00625,0.04825,0.23775,0.49125,0.2165,4,4
1984,0.00025,0.0015,0.0135,0.099,0.88575,5,3
1985,0.03575,0.1745,0.41725,0.3055,0.067,3,4
1986,0.533,0.35425,0.09475,0.01625,0.00175,1,1
1987,0.0045,0.03025,0.18525,0.46725,0.31275,4,5
1988,0.029,0.1375,0.38575,0.35575,0.092,3,3
1989,0.0045,0.02825,0.15025,0.4565,0.3605,4,5
1990,0.1715,0.41,0.321,0.0865,0.011,2,2
1991,0.0015,0.00925,0.059,0.32175,0.6085,5,4
1992,0.1295,0.355,0.37675,0.12275,0.016,3,2
1993,0.02275,0.117,0.36925,0.37775,0.11325,4,3
1994,0.64725,0.27125,0.07275,0.00725,0.0015,1,1
1995,0.02975,0.14625,0.39775,0.3395,0.08675,3,3
1996,0.374,0.41875,0.16625,0.038,0.003,2,1
1997,0.224,0.4285,0.27425,0.066,0.00725,2,3
1998,0.05825,0.2205,0.42525,0.25025,0.04575,3,1
1999,0.03425,0.13775,0.39675,0.33925,0.092,3,4
2000,0.3585,0.4295,0.1735,0.0325,0.006,2,2
2001,0.35175,0.431,0.1685,0.04175,0.007,2,3
2002,0.18925,0.42225,0.30375,0.07175,0.013,2,3
2003,0.0055,0.04025,0.20725,0.472,0.275,4,4
2004,0.1295,0.362,0.37475,0.11525,0.0185,3,4
2005,0.0025,0.0135,0.0925,0.387,0.5045,5,4
2006,0.01975,0.09,0.33425,0.43,0.126,4,4
2007,0.012,0.059,0.26475,0.4555,0.20875,4,4
2008,0.0555,0.2435,0.4225,0.23525,0.04325,3,5
2009,0.0015,0.01125,0.06825,0.34275,0.57625,5,3
2010,0.00275,0.0155,0.09675,0.391,0.494,5,3
2011,0.006,0.0405,0.20025,0.46325,0.29,4,3
2012,0.02925,0.1435,0.3905,0.34825,0.0885,3,4
2013,0.476,0.384,0.11225,0.024,0.00375,1,1
2014,0.21025,0.448,0.267,0.06575,0.009,2,1
2015,0.22725,0.43525,0.25925,0.06875,0.0095,2,3
2016,0.1595,0.40425,0.32375,0.1025,0.01,2,2
2017,0.06225,0.252,0.40975,0.23475,0.04125,3,3
2018,0.0,0.00475,0.0225,0.18675,0.786,5,5
2019,0.06675,0.269,0.42175,0.20425,0.03825,3,3
2020,0.0695,0.28225,0.4215,0.191,0.03575,3,1
2021,0.02875,0.12675,0.37925,0.36725,0.098,3,4
2022,0.087,0.30075,0.42675,0.15675,0.02875,3,3
2023,0.0005,0.00175,0.01625,0.1095,0.872,5,5
2024,0.09175,0.32975,0.40775,0.146,0.02475,3,3
2025,0.008,0.06125,0.255,0.46175,0.214,4,5
2026,0.0795,0.27875,0.41825,0.1945,0.029,3,3
2027,0.0015,0.0065,0.03225,0.22925,0.7305,5,5
2028,0.399,0.41175,0.15325,0.03125,0.00475,2,1
2029,0.004,0.02625,0.15325,0.45475,0.36175,4,4
2030,0.14375,0.3785,0.353,0.112,0.01275,2,2
2031,0.0,0.0005,0.00475,0.0505,0.94425,5,5
2032,0.34525,0.43375,0.17975,0.03425,0.007,2,1
2033,0.396,0.40675,0.165,0.02775,0.0045,2,1
2034,0.11925,0.351,0.38425,0.12525,0.02025,3,4
2035,0.0125,0.06725,0.278,0.4485,0.19375,4,2
2036,0.003,0.01975,0.10225,0.42375,0.45125,5,4
2037,0.00725,0.04225,0.2115,0.46725,0.27175,4,5
2038,0.01725,0.08175,0.32,0.42775,0.15325,4,4
2039,0.04975,0.22725,0.44025,0.231,0.05175,3,4
2040,0.00075,0.00825,0.04275,0.2845,0.66375,5,5
2041,0.00775,0.02775,0.13475,0.4585,0.37125,4,4
2042,0.25425,0.4355,0.24975,0.05325,0.00725,2,2
2043,0.28575,0.43825,0.2255,0.0445,0.006,2,2
2044,0.00225,0.0165,0.09475,0.41,0.4765,5,3
2045,0.04025,0.1685,0.42575,0.3045,0.061,3,3
2046,0.18475,0.412,0.3125,0.0785,0.01225,2,2
2047,0.023,0.11375,0.372,0.3925,0.09875,4,3
2048,0.0005,0.007,0.03275,0.22575,0.734,5,5
2049,0.00825,0.0295,0.17725,0.46375,0.32125,4,5
2050,0.002,0.01525,0.08925,0.3965,0.497,5,4
2051,0.0815,0.28175,0.42725,0.18225,0.02725,3,3
2052,0.002,0.011,0.0935,0.395,0.4985,5,4
2053,0.00025,0.00075,0.0065,0.04775,0.94475,5,5
2054,0.001,0.013,0.0925,0.39,0.5035,5,5
2055,0.00775,0.03875,0.191,0.4735,0.289,4,4
2056,0.0005,0.00725,0.058,0.2895,0.64475,5,5
2057,0.00625,0.0375,0.17625,0.47475,0.30525,4,4
2058,0.0125,0.074,0.28425,0.45275,0.1765,4,4
2059,0.1385,0.391,0.35625,0.09925,0.015,2,3
2060,0.1595,0.3865,0.3415,0.0985,0.014,2,3
2061,0.13175,0.35975,0.367,0.11975,0.02175,3,4
2062,0.0005,0.0145,0.08525,0.3635,0.53625,5,4
2063,0.171,0.405,0.3185,0.09575,0.00975,2,2
2064,0.00125,0.0095,0.06075,0.2955,0.633,5,4
2065,0.00625,0.04625,0.20675,0.46875,0.272,4,4
2066,0.1345,0.3585,0.37625,0.11525,0.0155,3,1
2067,0.00175,0.011,0.079,0.378,0.53025,5,4
2068,0.0005,0.01075,0.07475,0.36075,0.55325,5,5
2069,0.04675,0.19525,0.42975,0.267,0.06125,3,3
2070,0.00475,0.0295,0.15475,0.467,0.344,4,5
2071,0.11975,0.3735,0.365,0.12325,0.0185,2,3
2072,0.0285,0.1555,0.4115,0.3275,0.077,3,3
2073,0.00525,0.03575,0.17375,0.4575,0.32775,4,5
2074,0.04375,0.222,0.4275,0.25875,0.048,3,3
2075,0.00325,0.04025,0.188,0.4695,0.299,4,4
2076,0.207,0.433,0.282,0.06775,0.01025,2,2
2077,0.0855,0.314,0.41175,0.16,0.02875,3,3
2078,0.002,0.0095,0.0805,0.375,0.533,5,4
2079,0.0335,0.152,0.4095,0.33125,0.07375,3,2
2080,0.3045,0.4405,0.20475,0.04625,0.004,2,2
2081,0.0195,0.0995,0.35275,0.40925,0.119,4,3
2082,0.0365,0.15225,0.4345,0.3115,0.06525,3,2
2083,0.11375,0.3355,0.4,0.12975,0.021,3,3
2084,0.00675,0.03075,0.17,0.46625,0.32625,4,4
2085,0.02825,0.156,0.4135,0.3235,0.07875,3,4
2086,0.00675,0.05225,0.22575,0.48725,0.228,4,4
2087,0.0505,0.2145,0.4415,0.24525,0.04825,3,3
2088,0.09925,0.31775,0.406,0.15325,0.02375,3,2
2089,0.05375,0.22175,0.42575,0.2465,0.05225,3,4
2090,0.25225,0.452,0.236,0.05175,0.008,2,1
2091,0.06025,0.24675,0.42975,0.221,0.04225,3,3
2092,0.38025,0.4235,0.16225,0.03,0.004,2,1
2093,0.00975,0.043,0.18825,0.4655,0.2935,4,4
2094,0.18975,0.39225,0.32025,0.088,0.00975,2,3
2095,0.02975,0.1495,0.40675,0.33525,0.07875,3,3
2096,0.17525,0.4205,0.315,0.07775,0.0115,2,2
2097,0.1685,0.38975,0.33625,0.08875,0.01675,2,1
2098,0.1605,0.407,0.3235,0.09225,0.01675,2,3
2099,0.04875,0.19425,0.41475,0.27925,0.063,3,5
2100,0.00275,0.00975,0.0705,0.334,0.583,5,5
2101,0.00125,0.01025,0.06325,0.3385,0.58675,5,5
2102,0.11925,0.36575,0.37375,0.12025,0.021,3,2
2103,0.009,0.03575,0.21,0.4865,0.25875,4,4
2104,0.06025,0.245,0.427,0.2315,0.03625,3,4
2105,0.457,0.39325,0.12475,0.02175,0.00325,1,2
2106,0.00075,0.00525,0.0405,0.2565,0.697,5,4
2107,0.007,0.042,0.203,0.47475,0.27325,4,4
2108,0.06525,0.27,0.43525,0.19525,0.03425,3,3
2109,0.01275,0.072,0.283,0.44575,0.1865,4,5
2110,0.05475,0.202,0.43525,0.25725,0.05075,3,3
2111,0.0035,0.03175,0.1555,0.457,0.35225,4,4
2112,0.22,0.43225,0.27175,0.0655,0.0105,2,3
2113,0.0995,0.333,0.39875,0.141,0.02775,3,2
2114,0.05375,0.22425,0.44375,0.234,0.04425,3,3
2115,0.04375,0.19075,0.4265,0.28125,0.05775,3,3
2116,0.07775,0.29225,0.4205,0.17725,0.03225,3,3
2117,0.00975,0.07925,0.304,0.443,0.164,4,4
2118,0.3735,0.4285,0.16325,0.03075,0.004,2,3
2119,0.1765,0.4165,0.30725,0.08825,0.0115,2,2
2120,0.02,0.109,0.36775,0.397,0.10625,4,4
2121,0.11475,0.35725,0.37975,0.13075,0.0175,3,3
2122,0.018,0.08375,0.32125,0.43375,0.14325,4,4
2123,0.0525,0.23225,0.42325,0.2455,0.0465,3,3
2124,0.046,0.1995,0.4165,0.285,0.053,3,4
2125,0.0015,0.00875,0.045,0.26875,0.676,5,5
2126,0.0345,0.17825,0.4195,0.30125,0.0665,3,3
2127,0.01075,0.0765,0.29275,0.438,0.182,4,4
2128,0.0255,0.1,0.35825,0.40025,0.116,4,3
2129,0.0065,0.028,0.15375,0.45325,0.3585,4,3
2130,0.00175,0.00975,0.051,0.29225,0.64525,5,5
2131,0.009,0.051,0.2475,0.461,0.2315,4,4
2132,0.0105,0.046,0.23725,0.46975,0.2365,4,5
2133,0.00875,0.05875,0.264,0.464,0.2045,4,4
2134,0.05575,0.2515,0.42025,0.22825,0.04425,3,3
2135,0.086,0.292,0.43175,0.1635,0.02675,3,2
2136,0.00175,0.00775,0.05375,0.277,0.65975,5,5
2137,0.00825,0.03975,0.22275,0.47525,0.254,4,4
2138,0.3565,0.4245,0.18225,0.033,0.00375,2,2
2139,0.05575,0.22275,0.43925,0.2365,0.04575,3,3
2140,0.0305,0.15325,0.4025,0.32975,0.084,3,4
2141,0.3495,0.4275,0.17875,0.03925,0.005,2,1
2142,0.00525,0.02325,0.145,0.4495,0.377,4,4
2143,0.01325,0.07825,0.28875,0.44675,0.173,4,5
2144,0.035,0.17675,0.4205,0.2985,0.06925,3,3
2145,0.2485,0.4335,0.24475,0.064,0.00925,2,2
2146,0.01525,0.08925,0.343,0.419,0.1335,4,3
2147,0.00775,0.02875,0.19375,0.48675,0.283,4,4
2148,0.019,0.0925,0.3635,0.41175,0.11325,4,3
2149,0.367,0.426,0.17225,0.03225,0.0025,2,1
2150,0.01025,0.06875,0.28525,0.45275,0.183,4,3
2151,0.27825,0.43225,0.234,0.049,0.0065,2,1
2152,0.00275,0.01625,0.09,0.40225,0.48875,5,5
2153,0.25325,0.448,0.24275,0.0505,0.0055,2,2
2154,0.08625,0.27975,0.42275,0.182,0.02925,3,4
2155,0.00075,0.00625,0.03175,0.22225,0.739,5,5
2156,0.002,0.01775,0.1015,0.3945,0.48425,5,5
2157,0.0095,0.0545,0.27475,0.46225,0.199,4,4
2158,0.036,0.1425,0.41075,0.331,0.07975,3,3
2159,0.017,0.0785,0.33125,0.41125,0.162,4,4
2160,0.028,0.1435,0.40625,0.34,0.08225,3,2
2161,0.01925,0.089,0.335,0.423,0.13375,4,4
2162,0.1685,0.39175,0.33225,0.094,0.0135,2,2
2163,0.03075,0.1615,0.41175,0.3255,0.0705,3,3
2164,0.264,0.4345,0.23725,0.058,0.00625,2,3
2165,0.11325,0.3505,0.39475,0.1225,0.019,3,3
2166,0.3405,0.42675,0.19225,0.03625,0.00425,2,2
2167,0.001,0.003,0.03325,0.2025,0.76025,5,4
2168,0.00925,0.053,0.2305,0.46325,0.244,4,4
2169,0.00025,0.00425,0.02575,0.188,0.78175,5,5
2170,0.05575,0.24225,0.4385,0.222,0.0415,3,3
2171,0.16075,0.3985,0.333,0.09525,0.0125,2,3
2172,0.001,0.00825,0.061,0.3225,0.60725,5,5
2173,0.4575,0.3935,0.12625,0.02,0.00275,1,1
2174,0.631,0.29025,0.06575,0.0125,0.0005,1,1
2175,0.0005,0.00275,0.0205,0.13575,0.8405,5,5
2176,0.055,0.235,0.4305,0.233,0.0465,3,2
2177,0.006,0.032,0.1545,0.464,0.3435,4,4
2178,0.1105,0.35475,0.38125,0.1335,0.02,3,2
2179,0.00525,0.02925,0.15175,0.4425,0.37125,4,4
2180,0.01075,0.05375,0.26025,0.47175,0.2035,4,3
2181,0.00425,0.03275,0.18675,0.484,0.29225,4,5
2182,0.00225,0.01025,0.0555,0.3135,0.6185,5,5
2183,0.08575,0.3,0.43125,0.1605,0.0225,3,3
2184,0.00975,0.0435,0.2215,0.4745,0.25075,4,4
2185,0.11225,0.325,0.4015,0.1395,0.02175,3,2
2186,0.00675,0.031,0.16525,0.47425,0.32275,4,5
2187,0.0405,0.1845,0.43775,0.27675,0.0605,3,3
2188,0.1595,0.396,0.33025,0.09875,0.0155,2,2
2189,0.28975,0.4455,0.2185,0.04,0.00625,2,2
2190,0.272,0.43825,0.2295,0.0535,0.00675,2,1
2191,0.20775,0.42375,0.28575,0.072,0.01075,2,1
2192,0.001,0.01325,0.07675,0.3855,0.5235,5,5
2193,0.007,0.055,0.24525,0.46875,0.224,4,4
2194,0.0265,0.14825,0.3855,0.35675,0.083,3,3
2195,0.0015,0.0145,0.08325,0.37675,0.524,5,4
2196,0.00375,0.03075,0.14225,0.44375,0.3795,4,3
2197,0.1525,0.40075,0.3385,0.09625,0.012,2,3
2198,0.00125,0.01275,0.083,0.35725,0.54575,5,4
2199,0.05075,0.20475,0.4315,0.26175,0.05125,3,3
2200,0.571,0.32975,0.08025,0.017,0.002,1,1
2201,0.048,0.20575,0.4505,0.247,0.04875,3,4
2202,0.0,0.0025,0.02225,0.159,0.81625,5,5
2203,0.003,0.018,0.10625,0.423,0.44975,5,4
2204,0.0035,0.0195,0.129,0.43425,0.41375,4,5
2205,0.04275,0.197,0.44475,0.25775,0.05775,3,4
2206,0.01775,0.08925,0.3295,0.4345,0.129,4,4
2207,0.016,0.09125,0.33025,0.4265,0.136,4,4
2208,0.0025,0.0135,0.08975,0.37275,0.5215,5,5
2209,0.1255,0.37575,0.379,0.1035,0.01625,3,2
2210,0.202,0.41675,0.29975,0.07325,0.00825,2,2
2211,0.00875,0.04725,0.22875,0.4765,0.23875,4,4
2212,0.05375,0.2195,0.432,0.24475,0.05,3,2
2213,0.077,0.28375,0.42525,0.1835,0.0305,3,3
2214,0.03425,0.1805,0.426,0.29625,0.063,3,2
2215,0.31125,0.44825,0.1925,0.0425,0.0055,2,2
2216,0.00425,0.0205,0.139,0.44275,0.3935,4,4
2217,0.1555,0.39575,0.3455,0.091,0.01225,2,3
2218,0.00375,0.01875,0.1125,0.42375,0.44125,5,4
2219,0.00025,0.00075,0.0165,0.1175,0.865,5,5
2220,0.003,0.01625,0.0965,0.41125,0.473,5,5
2221,0.32275,0.4375,0.19425,0.03975,0.00575,2,1
2222,0.146,0.36675,0.36525,0.108,0.014,2,4
2223,0.1305,0.36875,0.374,0.1095,0.01725,3,3
2224,0.01575,0.0705,0.3005,0.44175,0.1715,4,4
2225,0.0035,0.029,0.13325,0.452,0.38225,4,5
2226,0.412,0.41125,0.1455,0.028,0.00325,1,2
2227,0.05325,0.21525,0.42375,0.2555,0.05225,3,3
2228,0.01125,0.0585,0.2555,0.4645,0.21025,4,4
2229,0.34875,0.4255,0.1845,0.03525,0.006,2,3
2230,0.02525,0.10425,0.383,0.3875,0.1,4,4
2231,0.45875,0.3825,0.13175,0.02275,0.00425,1,1
2232,0.01175,0.064,0.2745,0.47375,0.176,4,3
2233,0.0285,0.143,0.3965,0.3405,0.0915,3,2
2234,0.1875,0.42825,0.29825,0.074,0.012,2,1
2235,0.026,0.13525,0.38575,0.36325,0.08975,3,3
2236,0.00125,0.00675,0.04275,0.23125,0.718,5,5
2237,0.00925,0.048,0.22275,0.47675,0.24325,4,4
2238,0.04925,0.22825,0.42125,0.252,0.04925,3,4
2239,0.40425,0.4135,0.1485,0.029,0.00475,2,1
2240,0.01275,0.075,0.30525,0.44775,0.15925,4,3
2241,0.03925,0.1975,0.43825,0.2695,0.0555,3,4
2242,0.114,0.36075,0.38275,0.12525,0.01725,3,3
2243,0.09975,0.3225,0.40825,0.14625,0.02325,3,2
2244,0.181,0.41325,0.31775,0.079,0.009,2,3
2245,0.14525,0.3805,0.35225,0.103,0.019,2,2
2246,0.002,0.0215,0.11425,0.429,0.43325,5,3
2247,0.0415,0.2055,0.43075,0.271,0.05125,3,3
2248,0.03175,0.1365,0.39025,0.3605,0.081,3,3
2249,0.0925,0.31925,0.402,0.16325,0.023,3,4
2250,0.00325,0.02525,0.134,0.45075,0.38675,4,5
2251,0.499,0.374,0.107,0.018,0.002,1,3
2252,0.007,0.03375,0.1785,0.4785,0.30225,4,5
2253,0.06025,0.229,0.43825,0.23125,0.04125,3,4
2254,0.00425,0.0265,0.1245,0.439,0.40575,4,5
2255,0.00375,0.02025,0.09625,0.41325,0.4665,5,5
2256,0.00375,0.024,0.126,0.4435,0.40275,4,5
2257,0.001,0.007,0.0615,0.29725,0.63325,5,5
2258,0.18925,0.423,0.2995,0.07775,0.0105,2,1
2259,0.01725,0.0895,0.32025,0.4265,0.1465,4,4
2260,0.0605,0.25625,0.426,0.217,0.04025,3,4
2261,0.31625,0.448,0.18925,0.042,0.0045,2,2
2262,0.0005,0.01025,0.07225,0.33675,0.58025,5,5
2263,0.005,0.03425,0.18425,0.47675,0.29975,4,4
2264,0.00325,0.028,0.1415,0.4335,0.39375,4,2
2265,0.089,0.3085,0.415,0.1605,0.027,3,1
2266,0.00675,0.03775,0.185,0.46,0.3105,4,5
2267,0.01725,0.09525,0.35475,0.4155,0.11725,4,4
2268,0.22075,0.431,0.27025,0.0665,0.0115,2,2
2269,0.02725,0.12125,0.39,0.3635,0.098,3,4
2270,0.00325,0.01225,0.0715,0.3765,0.5365,5,4
2271,0.474,0.38825,0.11725,0.01875,0.00175,1,1
2272,0.00025,0.00025,0.007,0.0395,0.953,5,5
2273,0.0865,0.301,0.4255,0.161,0.026,3,3
2274,0.00725,0.043,0.2115,0.4865,0.25175,4,4
2275,0.54925,0.34025,0.092,0.01675,0.00175,1,2
2276,0.358,0.4235,0.1775,0.037,0.004,2,1
2277,0.131,0.37125,0.3635,0.11575,0.0185,2,3
2278,0.1095,0.34375,0.37825,0.1435,0.025,3,2
2279,0.00475,0.02625,0.139,0.45825,0.37175,4,3
2280,0.0065,0.03375,0.164,0.4625,0.33325,4,5
2281,0.24075,0.43075,0.252,0.0685,0.008,2,2
2282,0.03225,0.1325,0.4035,0.347,0.08475,3,2
2283,0.00175,0.01125,0.084,0.35825,0.54475,5,3
2284,0.00425,0.02425,0.1425,0.44975,0.37925,4,3
2285,0.00275,0.0205,0.1315,0.429,0.41625,4,4
2286,0.198,0.4275,0.29425,0.06625,0.014,2,2
2287,0.00675,0.0385,0.19475,0.4825,0.2775,4,5
2288,0.0295,0.15525,0.4225,0.32225,0.0705,3,3
2289,0.4125,0.40575,0.154,0.023,0.00475,1,4
2290,0.1325,0.3805,0.3575,0.111,0.0185,2,3
2291,0.022,0.12275,0.38425,0.37625,0.09475,3,3
2292,0.005,0.0325,0.17575,0.46425,0.3225,4,4
2293,0.00325,0.02,0.11925,0.427,0.4305,5,4
2294,0.05225,0.24025,0.42825,0.23225,0.047,3,1
2295,0.00025,0.00225,0.0145,0.10675,0.87625,5,5
2296,0.14175,0.37575,0.34925,0.1145,0.01875,2,2
2297,0.014,0.07175,0.28925,0.46,0.165,4,5
2298,0.586,0.3265,0.0745,0.0115,0.0015,1,1
2299,0.01225,0.08125,0.29875,0.44,0.16775,4,5
2300,0.07425,0.2835,0.41625,0.19025,0.03575,3,3
2301,0.0005,0.005,0.041,0.23225,0.72125,5,5
2302,0.0005,0.00575,0.02725,0.19625,0.77025,5,5
2303,0.00075,0.00775,0.043,0.27675,0.67175,5,5
2304,0.1325,0.371,0.3635,0.11525,0.01775,2,2
2305,0.00275,0.019,0.135,0.434,0.40925,4,5
2306,0.11025,0.327,0.38725,0.14875,0.02675,3,3
2307,0.48375,0.37525,0.1195,0.018,0.0035,1,1
2308,0.0,0.00175,0.0105,0.08125,0.9065,5,5
2309,0.002,0.02325,0.1295,0.45175,0.3935,4,3
2310,0.00225,0.0065,0.04725,0.26625,0.67775,5,5
2311,0.205,0.42,0.29125,0.0735,0.01025,2,2
2312,0.0005,0.01025,0.05975,0.2985,0.631,5,5
2313,0.02275,0.11975,0.37725,0.38175,0.0985,4,3
2314,0.624,0.29625,0.06875,0.00975,0.00125,1,1
2315,0.106,0.32625,0.391,0.15,0.02675,3,1
2316,0.42125,0.408,0.14475,0.025,0.001,1,1
2317,0.00075,0.00375,0.032,0.2365,0.727,5,5
2318,0.4625,0.39975,0.11525,0.02025,0.00225,1,1
2319,0.00025,0.002,0.0165,0.127,0.85425,5,5
2320,0.078,0.26725,0.41825,0.2,0.0365,3,3
2321,0.00075,0.003,0.02075,0.14375,0.83175,5,5
2322,0.0145,0.09,0.32625,0.4275,0.14175,4,4
2323,0.0135,0.07975,0.29175,0.45025,0.16475,4,2
2324,0.07825,0.30675,0.4145,0.175,0.0255,3,3
2325,0.0095,0.05925,0.255,0.461,0.21525,4,4
2326,0.0255,0.14575,0.4045,0.34225,0.082,3,4
2327,0.006,0.02925,0.16525,0.46125,0.33825,4,4
2328,0.00125,0.00825,0.05625,0.31825,0.616,5,5
2329,0.0015,0.004,0.042,0.2515,0.701,5,5
2330,0.14675,0.394,0.345,0.1005,0.01375,2,3
2331,0.0015,0.0135,0.08725,0.3775,0.52025,5,4
2332,0.11875,0.3605,0.38525,0.1185,0.017,3,2
2333,0.0,0.00475,0.037,0.237,0.72125,5,5
2334,0.4745,0.385,0.11675,0.021,0.00275,1,1
2335,0.004,0.024,0.1655,0.47925,0.32725,4,4
2336,0.13325,0.39675,0.343,0.11,0.017,2,4
2337,0.18325,0.40425,0.31375,0.08475,0.014,2,3
2338,0.03925,0.16775,0.40575,0.31675,0.0705,3,4
2339,0.0,0.002,0.011,0.096,0.891,5,5
2340,0.393,0.4165,0.15825,0.02725,0.005,2,1
2341,0.0365,0.1575,0.42125,0.3155,0.06925,3,4
2342,0.00025,0.00225,0.014,0.08525,0.89825,5,5
2343,0.1445,0.36375,0.36375,0.10725,0.02075,2,2
2344,0.00775,0.06375,0.261,0.45775,0.20975,4,2
2345,0.0085,0.051,0.2375,0.45875,0.24425,4,4
2346,0.05475,0.222,0.43475,0.241,0.0475,3,2
2347,0.1565,0.38875,0.34975,0.09175,0.01325,2,2
2348,0.113,0.35175,0.38725,0.126,0.022,3,2
2349,0.081,0.3085,0.4305,0.157,0.023,3,2
2350,0.26925,0.43,0.239,0.0545,0.00725,2,5
2351,0.0015,0.011,0.0775,0.34725,0.56275,5,5
2352,0.24225,0.431,0.2605,0.05925,0.007,2,2
2353,0.2425,0.43075,0.25825,0.0595,0.009,2,2
2354,0.0395,0.17525,0.41725,0.2995,0.0685,3,2
2355,0.42875,0.41025,0.13425,0.024,0.00275,1,2
2356,0.00325,0.01175,0.08975,0.378,0.51725,5,5
2357,0.008,0.0465,0.2085,0.47275,0.26425,4,3
2358,0.01975,0.08975,0.3345,0.41775,0.13825,4,4
2359,0.0025,0.02325,0.15025,0.44425,0.37975,4,4
2360,0.0,0.00175,0.0185,0.11825,0.8615,5,5
2361,0.021,0.0955,0.3315,0.42725,0.12475,4,4
2362,0.18075,0.42475,0.2995,0.08575,0.00925,2,3
2363,0.0025,0.01275,0.07625,0.37025,0.53825,5,4
2364,0.4,0.41575,0.15125,0.02875,0.00425,2,1
2365,0.02125,0.111,0.367,0.39,0.11075,4,4
2366,0.0085,0.05025,0.23125,0.48825,0.22175,4,5
2367,0.0005,0.0075,0.05975,0.2995,0.63275,5,5
2368,0.04925,0.2245,0.448,0.23725,0.041,3,3
2369,0.0025,0.01125,0.073,0.33775,0.5755,5,5
2370,0.0375,0.192,0.4235,0.2865,0.0605,3,3
2371,0.1065,0.3255,0.39575,0.14575,0.0265,3,4
2372,0.01225,0.0615,0.265,0.4665,0.19475,4,2
2373,0.04575,0.218,0.4275,0.257,0.05175,3,3
2374,0.007,0.047,0.19875,0.482,0.26525,4,4
2375,0.45275,0.3925,0.131,0.02175,0.002,1,2
2376,0.10375,0.329,0.40075,0.14675,0.01975,3,3
2377,0.29,0.4425,0.20825,0.0515,0.00775,2,2
2378,0.04025,0.191,0.425,0.2825,0.06125,3,4
2379,0.067,0.288,0.43875,0.17425,0.032,3,3
2380,0.01525,0.1045,0.34375,0.4195,0.117,4,5
2381,0.00125,0.00875,0.045,0.27175,0.67325,5,4
2382,0.08675,0.3045,0.40875,0.16825,0.03175,3,4
2383,0.007,0.036,0.18775,0.4635,0.30575,4,5
2384,0.00075,0.00325,0.0215,0.1495,0.825,5,5
2385,0.59275,0.31425,0.07775,0.0135,0.00175,1,1
2386,0.0285,0.129,0.38225,0.37125,0.089,3,4
2387,0.48775,0.3775,0.11475,0.01875,0.00125,1,2
2388,0.0155,0.0795,0.32325,0.42525,0.1565,4,5
2389,0.00075,0.00675,0.044,0.251,0.6975,5,5
2390,0.14525,0.3905,0.3465,0.1005,0.01725,2,4
2391,0.68975,0.248,0.052,0.0095,0.00075,1,1
2392,0.06575,0.259,0.4315,0.20725,0.0365,3,3
2393,0.0045,0.02625,0.145,0.4615,0.36275,4,5
2394,0.0505,0.21475,0.443,0.24425,0.0475,3,3
2395,0.104,0.3305,0.40575,0.1395,0.02025,3,2
2396,0.007,0.03925,0.19025,0.47,0.2935,4,4
2397,0.002,0.00825,0.0575,0.2935,0.63875,5,4
2398,0.15625,0.3995,0.3315,0.098,0.01475,2,1
2399,0.021,0.1175,0.36325,0.39425,0.104,4,4
2400,0.00575,0.04825,0.22775,0.48275,0.2355,4,4
2401,0.17025,0.38925,0.331,0.09675,0.01275,2,2
2402,0.09875,0.33175,0.40175,0.14225,0.0255,3,3
2403,0.028,0.13475,0.3975,0.35125,0.0885,3,3
2404,0.0015,0.01025,0.05925,0.31675,0.61225,5,5
2405,0.00025,0.008,0.05,0.28075,0.661,5,4
2406,0.76075,0.19425,0.0385,0.00525,0.00125,1,1
2407,0.00175,0.01275,0.0735,0.357,0.555,5,4
2408,0.07075,0.254,0.43425,0.20575,0.03525,3,3
2409,0.18975,0.4285,0.30525,0.0655,0.011,2,2
2410,0.03,0.1445,0.41175,0.334,0.07975,3,4
2411,0.14075,0.3875,0.3495,0.10675,0.0155,2,2
2412,0.03675,0.1865,0.43225,0.28425,0.06025,3,3
2413,0.2325,0.43125,0.2655,0.061,0.00975,2,1
2414,0.39,0.415,0.163,0.03,0.002,2,1
2415,0.117,0.36025,0.37325,0.13,0.0195,3,3
2416,0.003,0.018,0.089,0.3945,0.4955,5,5
2417,0.274,0.45275,0.2175,0.05,0.00575,2,1
2418,0.00925,0.0565,0.2225,0.471,0.24075,4,4
2419,0.081,0.31175,0.411,0.16975,0.0265,3,3
2420,0.052,0.2375,0.452,0.22175,0.03675,3,3
2421,0.00225,0.01675,0.1115,0.41,0.4595,5,4
2422,0.09525,0.3085,0.403,0.168,0.02525,3,2
2423,0.003,0.008,0.06125,0.34625,0.5815,5,4
2424,0.0405,0.18525,0.4175,0.295,0.06175,3,2
2425,0.095,0.32375,0.405,0.15125,0.025,3,3
2426,0.04225,0.17575,0.4395,0.2815,0.061,3,4
2427,0.0935,0.3305,0.398,0.14975,0.02825,3,2
2428,0.32625,0.44,0.1865,0.04075,0.0065,2,2
2429,0.0385,0.17125,0.42275,0.31,0.0575,3,2
2430,0.022,0.10575,0.36825,0.39725,0.10675,4,4
2431,0.14625,0.381,0.34875,0.11025,0.01375,2,2
2432,0.00125,0.006,0.03975,0.25,0.703,5,4
2433,0.04225,0.19125,0.4285,0.277,0.061,3,3
2434,0.10875,0.352,0.38075,0.133,0.0255,3,2
2435,0.00075,0.01125,0.0655,0.31425,0.60825,5,5
2436,0.15875,0.40975,0.326,0.09125,0.01425,2,2
2437,0.167,0.39975,0.32825,0.0895,0.0155,2,2
2438,0.0675,0.2705,0.43125,0.195,0.03575,3,2
2439,0.00525,0.02925,0.16725,0.46025,0.338,4,4
2440,0.20575,0.42725,0.2855,0.07125,0.01025,2,2
2441,0.096,0.336,0.39575,0.1485,0.02375,3,4
2442,0.011,0.0645,0.2465,0.4725,0.2055,4,3
2443,0.001,0.00125,0.01275,0.088,0.897,5,5
2444,0.00075,0.00525,0.03525,0.2215,0.73725,5,4
2445,0.0035,0.025,0.1365,0.441,0.394,4,5
2446,0.009,0.03825,0.20525,0.4945,0.253,4,5
2447,0.0415,0.1825,0.4425,0.27425,0.05925,3,3
2448,0.29375,0.4585,0.1955,0.04575,0.0065,2,1
2449,0.0585,0.2455,0.42375,0.23375,0.0385,3,3
2450,0.1855,0.4235,0.30225,0.077,0.01175,2,3
2451,0.01275,0.06075,0.259,0.45025,0.21725,4,5
2452,0.22725,0.438,0.26025,0.065,0.0095,2,3
2453,0.0045,0.02125,0.1345,0.448,0.39175,4,3
2454,0.00075,0.006,0.04425,0.217,0.732,5,5
2455,0.336,0.434,0.18875,0.03675,0.0045,2,2
2456,0.095,0.32575,0.40575,0.149,0.0245,3,3
2457,0.00075,0.00725,0.0345,0.217,0.7405,5,5
2458,0.01575,0.09525,0.3445,0.41125,0.13325,4,3
2459,0.0655,0.25525,0.43525,0.2085,0.0355,3,3
2460,0.00075,0.0055,0.04125,0.229,0.7235,5,3
2461,0.30675,0.4265,0.219,0.043,0.00475,2,1
2462,0.046,0.2045,0.43675,0.25875,0.054,3,4
2463,0.003,0.016,0.109,0.39975,0.47225,5,4
2464,0.0085,0.0525,0.23275,0.47775,0.2285,4,2
2465,0.006,0.0475,0.22525,0.48,0.24125,4,5
2466,0.003,0.01725,0.10125,0.40825,0.47025,5,4
2467,0.309,0.44075,0.199,0.04375,0.0075,2,1
2468,0.06275,0.2685,0.419,0.21325,0.0365,3,3
2469,0.02675,0.112,0.3635,0.3905,0.10725,4,4
2470,0.00675,0.03875,0.1975,0.46425,0.29275,4,4
2471,0.047,0.21225,0.4175,0.26525,0.058,3,3
2472,0.1245,0.35875,0.371,0.128,0.01775,3,3
2473,0.04675,0.19075,0.43375,0.27325,0.0555,3,3
2474,0.0145,0.086,0.32025,0.43675,0.1425,4,3
2475,0.0095,0.04475,0.223,0.4905,0.23225,4,5
2476,0.26,0.45125,0.2295,0.05175,0.0075,2,1
2477,0.00325,0.021,0.14025,0.435,0.4005,4,5
2478,0.00025,0.0095,0.038,0.2505,0.70175,5,4
2479,0.03625,0.1895,0.428,0.284,0.06225,3,3
2480,0.104,0.33525,0.38975,0.149,0.022,3,4
2481,0.00425,0.02575,0.13225,0.4415,0.39625,4,5
2482,0.005,0.032,0.1785,0.46,0.3245,4,5
2483,0.00025,0.00075,0.01575,0.129,0.85425,5,5
2484,0.01575,0.08175,0.31325,0.437,0.15225,4,5
2485,0.004,0.02375,0.12,0.43625,0.416,4,3
2486,0.0035,0.02275,0.12275,0.45225,0.39875,4,5
2487,0.0005,0.003,0.0225,0.14875,0.82525,5,5
2488,0.00125,0.01375,0.10425,0.40025,0.4805,5,5
2489,0.00125,0.00625,0.04875,0.27525,0.6685,5,5
2490,0.16175,0.37875,0.34875,0.09575,0.015,2,2
2491,0.082,0.289,0.4195,0.177,0.0325,3,3
2492,0.0395,0.17325,0.43225,0.29,0.065,3,3
2493,0.01525,0.08375,0.322,0.43875,0.14025,4,4
2494,0.07925,0.2905,0.4215,0.1755,0.03325,3,2
2495,0.0035,0.0155,0.0985,0.4215,0.461,5,4
2496,0.00425,0.0205,0.11125,0.434,0.43,4,4
2497,0.41575,0.4105,0.1445,0.028,0.00125,1,2
2498,0.084,0.29975,0.41525,0.17225,0.02875,3,3
2499,0.1545,0.412,0.329,0.0905,0.014,2,3
2500,0.4375,0.39875,0.13425,0.0245,0.005,1,1
2501,0.0515,0.22775,0.42625,0.25425,0.04025,3,4
2502,0.2935,0.44325,0.213,0.04475,0.0055,2,2
2503,0.00275,0.0205,0.11525,0.436,0.4255,4,4
2504,0.002,0.0185,0.1235,0.42975,0.42625,4,5
2505,0.3575,0.423,0.179,0.0355,0.005,2,1
2506,0.2545,0.4505,0.23525,0.05325,0.0065,2,2
2507,0.00525,0.034,0.18,0.47925,0.3015,4,3
2508,0.006,0.03725,0.18575,0.47375,0.29725,4,5
2509,0.409,0.42075,0.13825,0.02775,0.00425,2,2
2510,0.00825,0.03,0.18425,0.472,0.3055,4,3
2511,0.001,0.0085,0.05175,0.3125,0.62625,5,2
2512,0.02475,0.138,0.3965,0.34875,0.092,3,4
2513,0.48275,0.386,0.1115,0.01675,0.003,1,1
2514,0.0,0.0015,0.01175,0.09725,0.8895,5,5
2515,0.35625,0.425,0.1765,0.03675,0.0055,2,2
2516,0.01275,0.06575,0.2905,0.45375,0.17725,4,4
2517,0.034,0.13675,0.41275,0.3285,0.088,3,3
2518,0.001,0.00425,0.0235,0.16575,0.8055,5,5
2519,0.0485,0.19875,0.4345,0.271,0.04725,3,2
2520,0.25175,0.43725,0.2505,0.0545,0.006,2,2
2521,0.0255,0.1315,0.402,0.35525,0.08575,3,4
2522,0.0095,0.06075,0.24575,0.46525,0.21875,4,4
2523,0.004,0.017,0.1085,0.383,0.4875,5,3
2524,0.214,0.4395,0.2705,0.06625,0.00975,2,3
2525,0.00725,0.04625,0.211,0.48475,0.25075,4,2
2526,0.0605,0.27025,0.4315,0.20125,0.0365,3,4
2527,0.01075,0.06575,0.26925,0.4425,0.21175,4,5
2528,0.4355,0.40375,0.132,0.026,0.00275,1,1
2529,0.07825,0.26575,0.423,0.1935,0.0395,3,3
2530,0.0015,0.008,0.0595,0.31975,0.61125,5,2
2531,0.11325,0.36575,0.37325,0.126,0.02175,3,2
2532,0.0635,0.25675,0.42875,0.21425,0.03675,3,2
2533,0.29975,0.44725,0.201,0.04725,0.00475,2,1
2534,0.6,0.3095,0.078,0.01175,0.00075,1,3
2535,0.00775,0.05,0.2035,0.5,0.23875,4,4
2536,0.0075,0.05375,0.26025,0.45725,0.22125,4,3
2537,0.005,0.03075,0.1745,0.46825,0.3215,4,3
2538,0.00125,0.011,0.06975,0.35575,0.56225,5,5
2539,0.35025,0.419,0.1935,0.0325,0.00475,2,2
2540,0.34875,0.42625,0.18675,0.033,0.00525,2,2
2541,0.0095,0.05225,0.245,0.47475,0.2185,4,4
2542,0.11475,0.3625,0.3735,0.1305,0.01875,3,3
2543,0.001,0.00525,0.0385,0.24225,0.713,5,4
2544,0.01975,0.1155,0.373,0.38625,0.1055,4,4
2545,0.228,0.42275,0.28,0.0585,0.01075,2,3
2546,0.158,0.39325,0.335,0.09725,0.0165,2,2
2547,0.0305,0.1455,0.40775,0.332,0.08425,3,1
2548,0.0035,0.02525,0.15325,0.459,0.359,4,4
2549,0.00175,0.0085,0.05475,0.2925,0.6425,5,5
2550,0.4245,0.406,0.14275,0.02425,0.0025,1,1
2551,0.09325,0.302,0.41025,0.17025,0.02425,3,4
2552,0.02425,0.1235,0.38425,0.36525,0.10275,3,4
2553,0.0005,0.00225,0.0255,0.18175,0.79,5,5
2554,0.44675,0.386,0.14025,0.02425,0.00275,1,1
2555,0.0175,0.0905,0.33525,0.42,0.13675,4,4
2556,0.05075,0.229,0.42475,0.244,0.0515,3,4
2557,0.0055,0.041,0.205,0.4555,0.293,4,2
2558,0.002,0.01225,0.06525,0.3435,0.577,5,5
2559,0.014,0.07275,0.2765,0.4565,0.18025,4,4
2560,0.631,0.29025,0.06525,0.01175,0.00175,1,4
2561,0.122,0.365,0.36575,0.1265,0.02075,3,2
2562,0.01725,0.0995,0.34525,0.416,0.122,4,3
2563,0.0025,0.01625,0.0925,0.396,0.49275,5,5
2564,0.0,0.00175,0.01625,0.131,0.851,5,5
2565,0.0,0.00075,0.008,0.041,0.95025,5,5
2566,0.05175,0.2065,0.438,0.2545,0.04925,3,3
2567,0.0555,0.2315,0.43525,0.2355,0.04225,3,3
2568,0.607,0.2995,0.07675,0.0145,0.00225,1,2
2569,0.0025,0.0165,0.12925,0.44525,0.4065,4,5
2570,0.0115,0.05175,0.2405,0.46925,0.227,4,4
2571,0.604,0.30575,0.0725,0.01675,0.001,1,1
2572,0.02075,0.1195,0.36025,0.3865,0.113,4,4
2573,0.00125,0.0125,0.08925,0.3655,0.5315,5,4
2574,0.00625,0.039,0.1725,0.47275,0.3095,4,4
2575,0.00475,0.03575,0.1915,0.47275,0.29525,4,3
2576,0.13075,0.38325,0.36375,0.1045,0.01775,2,2
2577,0.173,0.41375,0.32375,0.078,0.0115,2,2
2578,0.00075,0.00425,0.0285,0.188,0.7785,5,5
2579,0.01975,0.10025,0.35125,0.4015,0.12725,4,4
2580,0.002,0.00775,0.06275,0.31325,0.61425,5,5
2581,0.16625,0.41125,0.3235,0.086,0.013,2,2
2582,0.01325,0.06775,0.2975,0.44175,0.17975,4,4
2583,0.55125,0.33725,0.0945,0.016,0.001,1,1
2584,0.009,0.038,0.19925,0.472,0.28175,4,4
2585,0.10025,0.315,0.40175,0.15625,0.02675,3,3
2586,0.15225,0.37225,0.345,0.1145,0.016,2,1
2587,0.00175,0.009,0.059,0.3015,0.62875,5,5
2588,0.08075,0.28375,0.41975,0.1835,0.03225,3,3
2589,0.001,0.00325,0.02475,0.154,0.817,5,5
2590,0.009,0.06125,0.25575,0.4765,0.1975,4,4
2591,0.002,0.01575,0.10075,0.39625,0.48525,5,5
2592,0.12575,0.356,0.3755,0.12175,0.021,3,3
2593,0.01275,0.0745,0.29525,0.44125,0.17625,4,4
2594,0.0675,0.24675,0.43875,0.20825,0.03875,3,2
2595,0.52825,0.3585,0.09325,0.01725,0.00275,1,1
2596,0.119,0.3455,0.387,0.1265,0.022,3,1
2597,0.0,0.003,0.0185,0.144,0.8345,5,3
2598,0.075,0.279,0.4365,0.182,0.0275,3,3
2599,0.0055,0.03175,0.1565,0.47575,0.3305,4,4
2600,0.01225,0.065,0.30775,0.45375,0.16125,4,4
2601,0.10225,0.3305,0.4005,0.144,0.02275,3,2
2602,0.00575,0.0405,0.18425,0.47225,0.29725,4,5
2603,0.54,0.35075,0.09025,0.0155,0.0035,1,1
2604,0.00075,0.00875,0.0645,0.314,0.612,5,5
2605,0.0055,0.031,0.1795,0.46025,0.32375,4,5
2606,0.005,0.031,0.1555,0.471,0.3375,4,3
2607,0.02475,0.12225,0.373,0.37825,0.10175,4,1
2608,0.56875,0.327,0.08825,0.01375,0.00225,1,2
2609,0.1435,0.39575,0.33275,0.11025,0.01775,2,2
2610,0.067,0.27575,0.44,0.17975,0.0375,3,3
2611,0.14,0.3745,0.354,0.1145,0.017,2,2
2612,0.17975,0.3915,0.32775,0.089,0.012,2,2
2613,0.114,0.34775,0.3825,0.13775,0.018,3,2
2614,0.00425,0.03,0.16775,0.45625,0.34175,4,5
2615,0.2205,0.437,0.267,0.06775,0.00775,2,3
2616,0.13425,0.366,0.36475,0.11475,0.02025,2,2
2617,0.00525,0.0265,0.1475,0.465,0.35575,4,5
2618,0.0065,0.035,0.17,0.45825,0.33025,4,3
2619,0.00025,0.00575,0.03275,0.22625,0.735,5,5
2620,0.13975,0.37825,0.35825,0.10925,0.0145,2,2
2621,0.02725,0.15175,0.422,0.32525,0.07375,3,3
2622,0.138,0.387,0.3485,0.11025,0.01625,2,3
2623,0.11325,0.35775,0.37175,0.1365,0.02075,3,2
2624,0.0425,0.2105,0.43675,0.26,0.05025,3,3
2625,0.00025,0.00275,0.0295,0.179,0.7885,5,5
2626,0.3155,0.4485,0.18875,0.04275,0.0045,2,2
2627,0.11475,0.3585,0.37775,0.1265,0.0225,3,3
2628,0.0705,0.269,0.42075,0.201,0.03875,3,2
2629,0.033,0.15,0.38425,0.3475,0.08525,3,4
2630,0.0335,0.1685,0.41575,0.3195,0.06275,3,3
2631,0.0025,0.019,0.104,0.414,0.4605,5,4
2632,0.004,0.02725,0.122,0.435,0.41175,4,5
2633,0.051,0.21125,0.43375,0.25075,0.05325,3,3
2634,0.078,0.30125,0.41775,0.17325,0.02975,3,3
2635,0.03225,0.15375,0.41175,0.3235,0.07875,3,3
2636,0.02925,0.1685,0.41175,0.3185,0.072,3,4
2637,0.143,0.3795,0.35525,0.10075,0.0215,2,2
2638,0.19925,0.43375,0.2835,0.0725,0.011,2,2
2639,0.262,0.44525,0.23675,0.049,0.007,2,2
2640,0.0325,0.1605,0.4105,0.32175,0.07475,3,3
2641,0.001,0.0045,0.0335,0.22775,0.73325,5,4
2642,0.404,0.40875,0.1545,0.0285,0.00425,2,1
2643,0.0,0.004,0.01525,0.12675,0.854,5,5
2644,0.01075,0.07625,0.3005,0.44975,0.16275,4,4
2645,0.11375,0.3615,0.377,0.129,0.01875,3,1
2646,0.033,0.16225,0.40775,0.3255,0.0715,3,3
2647,0.0785,0.28575,0.412,0.1885,0.03525,3,2
2648,0.01225,0.0835,0.3085,0.438,0.15775,4,4
2649,0.01125,0.08525,0.29575,0.44325,0.1645,4,3
2650,0.10125,0.3295,0.40775,0.13725,0.02425,3,3
2651,0.24025,0.441,0.2455,0.0645,0.00875,2,3
2652,0.487,0.382,0.1095,0.01975,0.00175,1,1
2653,0.659,0.26725,0.063,0.00925,0.0015,1,1
2654,0.027,0.13375,0.38525,0.35975,0.09425,3,4
2655,0.03075,0.1515,0.3955,0.33675,0.0855,3,4
2656,0.2405,0.44575,0.2425,0.06225,0.009,2,1
2657,0.00575,0.0345,0.15525,0.4625,0.342,4,4
2658,0.158,0.391,0.3365,0.1005,0.014,2,3
2659,0.22675,0.43925,0.266,0.06125,0.00675,2,2
2660,0.004,0.01375,0.09125,0.40875,0.48225,5,5
2661,0.005,0.02025,0.1275,0.4355,0.41175,4,4
2662,0.20375,0.43425,0.284,0.068,0.01,2,3
2663,0.21775,0.4465,0.2635,0.06275,0.0095,2,3
2664,0.25975,0.4405,0.23875,0.0535,0.0075,2,1
2665,0.12125,0.33675,0.39075,0.13475,0.0165,3,2
2666,0.0615,0.2555,0.426,0.2205,0.0365,3,3
2667,0.2045,0.4245,0.28425,0.0755,0.01125,2,4
2668,0.005,0.029,0.14125,0.45975,0.365,4,5
2669,0.063,0.26475,0.424,0.21,0.03825,3,5
2670,0.45525,0.39675,0.12275,0.0235,0.00175,1,2
2671,0.00225,0.015,0.09225,0.3895,0.501,5,5
2672,0.00525,0.03975,0.18325,0.4635,0.30825,4,4
2673,0.2395,0.43475,0.25775,0.05975,0.00825,2,2
2674,0.086,0.313,0.41175,0.16325,0.026,3,1
2675,0.1705,0.3965,0.326,0.09675,0.01025,2,3
2676,0.19975,0.43025,0.283,0.077,0.01,2,2
2677,0.00525,0.02175,0.14225,0.45425,0.3765,4,5
2678,0.0015,0.007,0.04675,0.28775,0.657,5,4
2679,0.08825,0.31975,0.40825,0.15575,0.028,3,1
2680,0.0765,0.2845,0.4265,0.17875,0.03375,3,3
2681,0.07775,0.284,0.42175,0.1825,0.034,3,3
2682,0.00075,0.003,0.02775,0.169,0.7995,5,5
2683,0.226,0.42575,0.27225,0.0675,0.0085,2,3
2684,0.003,0.017,0.09575,0.37325,0.511,5,5
2685,0.00225,0.017,0.0945,0.4,0.48625,5,4
2686,0.03775,0.16875,0.424,0.30125,0.06825,3,3
2687,0.0015,0.014,0.074,0.3795,0.531,5,4
2688,0.019,0.096,0.3185,0.4345,0.132,4,4
2689,0.14275,0.3755,0.3595,0.10575,0.0165,2,1
2690,0.072,0.28975,0.42525,0.1795,0.0335,3,3
2691,0.00125,0.00225,0.02975,0.16125,0.8055,5,5
2692,0.08175,0.288,0.4195,0.17925,0.0315,3,3
2693,0.002,0.0135,0.09525,0.397,0.49225,5,5
2694,0.00425,0.02775,0.1545,0.4425,0.371,4,5
2695,0.02675,0.13,0.37975,0.365,0.0985,3,3
2696,0.4315,0.41025,0.12775,0.02675,0.00375,1,2
2697,0.0035,0.02425,0.13,0.439,0.40325,4,5
2698,0.0445,0.1885,0.43525,0.28175,0.05,3,4
2699,0.17475,0.40925,0.31675,0.08725,0.012,2,2
2700,0.015,0.08175,0.3165,0.4385,0.14825,4,4
2701,0.01175,0.08325,0.316,0.434,0.155,4,4
2702,0.2575,0.4355,0.243,0.05475,0.00925,2,1
2703,0.0095,0.0605,0.2505,0.46675,0.21275,4,4
2704,0.39125,0.42225,0.1515,0.03025,0.00475,2,2
2705,0.285,0.43475,0.226,0.047,0.00725,2,1
2706,0.07975,0.287,0.40725,0.1945,0.0315,3,3
2707,0.00025,0.004,0.04125,0.2235,0.731,5,5
2708,0.00175,0.0085,0.0655,0.323,0.60125,5,4
2709,0.09475,0.31125,0.409,0.15725,0.02775,3,2
2710,0.51475,0.35725,0.10775,0.01625,0.004,1,1
2711,0.01475,0.078,0.33125,0.42625,0.14975,4,3
2712,0.0365,0.167,0.418,0.30575,0.07275,3,3
2713,0.00325,0.012,0.08025,0.371,0.5335,5,5
2714,0.06775,0.2595,0.4445,0.1965,0.03175,3,3
2715,0.119,0.35125,0.39075,0.1175,0.0215,3,2
2716,0.01475,0.1045,0.368,0.39225,0.1205,4,4
2717,0.00075,0.00675,0.03025,0.1955,0.76675,5,5
2718,0.0195,0.1035,0.368,0.391,0.118,4,4
2719,0.03725,0.174,0.42375,0.2945,0.0705,3,2
2720,0.0305,0.15475,0.4185,0.3195,0.07675,3,3
2721,0.25525,0.43225,0.25225,0.0505,0.00975,2,3
2722,0.00225,0.02225,0.1035,0.418,0.454,5,4
2723,0.004,0.02275,0.14025,0.447,0.386,4,4
2724,0.22275,0.4145,0.274,0.07875,0.01,2,2
2725,0.02125,0.12,0.386,0.376,0.09675,3,4
2726,0.107,0.357,0.384,0.1315,0.0205,3,2
2727,0.0635,0.26425,0.439,0.20225,0.031,3,3
2728,0.22275,0.4375,0.269,0.06175,0.009,2,1
2729,0.022,0.13075,0.38275,0.37125,0.09325,3,4
2730,0.007,0.04225,0.203,0.49075,0.257,4,4
2731,0.00175,0.00975,0.04975,0.29725,0.6415,5,5
2732,0.01725,0.11325,0.3485,0.4,0.121,4,5
2733,0.019,0.118,0.38775,0.374,0.10125,3,4
2734,0.182,0.4155,0.30025,0.0865,0.01575,2,3
2735,0.0045,0.03525,0.17875,0.47925,0.30225,4,3
2736,0.01375,0.07,0.2745,0.45825,0.1835,4,5
2737,0.00025,0.0035,0.0175,0.12725,0.8515,5,5
2738,0.15925,0.4075,0.331,0.091,0.01125,2,2
2739,0.01975,0.11675,0.34775,0.4025,0.11325,4,2
2740,0.585,0.31425,0.085,0.01375,0.002,1,1
2741,0.439,0.4,0.1335,0.02375,0.00375,1,1
2742,0.009,0.06125,0.24525,0.47125,0.21325,4,5
2743,0.01325,0.06775,0.286,0.44325,0.18975,4,2
2744,0.195,0.40975,0.3045,0.0795,0.01125,2,2
2745,0.00225,0.00975,0.07325,0.352,0.56275,5,5
2746,0.0005,0.0055,0.03,0.1915,0.7725,5,5
2747,0.0005,0.00525,0.033,0.22575,0.7355,5,5
2748,0.21875,0.43925,0.26825,0.06425,0.0095,2,2
2749,0.0005,0.0035,0.02325,0.155,0.81775,5,5
2750,0.01875,0.0915,0.345,0.4175,0.12725,4,4
2751,0.00225,0.0175,0.11825,0.4285,0.4335,5,3
2752,0.01225,0.0815,0.28625,0.44625,0.17375,4,4
2753,0.0135,0.07675,0.3115,0.44525,0.153,4,4
2754,0.11375,0.34675,0.3885,0.13375,0.01725,3,1
2755,0.02975,0.17375,0.41425,0.313,0.06925,3,3
2756,0.0005,0.00275,0.0125,0.088,0.89625,5,5
2757,0.004,0.025,0.157,0.46425,0.34975,4,4
2758,0.00075,0.005,0.0315,0.198,0.76475,5,5
2759,0.2075,0.40625,0.302,0.07625,0.008,2,1
2760,0.00275,0.0175,0.10425,0.42175,0.45375,5,5
2761,0.0845,0.3185,0.40975,0.1575,0.02975,3,2
2762,0.025,0.113,0.3495,0.39625,0.11625,4,5
2763,0.15875,0.391,0.336,0.10225,0.012,2,2
2764,0.422,0.4105,0.141,0.022,0.0045,1,1
2765,0.0005,0.0065,0.02575,0.20625,0.761,5,3
2766,0.0,0.00075,0.00575,0.057,0.9365,5,5
2767,0.3485,0.4365,0.17825,0.03275,0.004,2,1
2768,0.003,0.0145,0.08025,0.37525,0.527,5,5
2769,0.051,0.218,0.4395,0.2475,0.044,3,3
2770,0.5225,0.35125,0.11025,0.0135,0.0025,1,1
2771,0.306,0.45225,0.1925,0.04425,0.005,2,3
2772,0.0085,0.0605,0.252,0.4615,0.2175,4,4
2773,0.0125,0.07475,0.27925,0.45025,0.18325,4,2
2774,0.4865,0.373,0.117,0.02075,0.00275,1,2
2775,0.4115,0.417,0.14675,0.02125,0.0035,2,2
2776,0.124,0.3635,0.367,0.1265,0.019,3,5
2777,0.00025,0.00325,0.0145,0.1175,0.8645,5,5
2778,0.017,0.1015,0.33775,0.4185,0.12525,4,4
2779,0.00825,0.05375,0.237,0.4745,0.2265,4,4
2780,0.02375,0.15825,0.403,0.3305,0.0845,3,2
2781,0.287,0.4445,0.22775,0.03625,0.0045,2,3
2782,0.00375,0.013,0.08425,0.36825,0.53075,5,5
2783,0.00175,0.01125,0.086,0.38325,0.51775,5,4
2784,0.00175,0.0085,0.04725,0.278,0.6645,5,5
2785,0.01725,0.0945,0.3485,0.42175,0.118,4,4
2786,0.11475,0.3125,0.3955,0.15325,0.024,3,2
2787,0.03025,0.152,0.4065,0.33925,0.072,3,3
2788,0.1785,0.42575,0.30975,0.07075,0.01525,2,2
2789,0.51725,0.3655,0.09675,0.0185,0.002,1,2
2790,0.0055,0.0275,0.154,0.46575,0.34725,4,4
2791,0.0025,0.01175,0.07625,0.34,0.5695,5,5
2792,0.00425,0.02525,0.13825,0.465,0.36725,4,4
2793,0.00225,0.01075,0.06325,0.34125,0.5825,5,4
2794,0.0075,0.0405,0.23325,0.46975,0.249,4,5
2795,0.15125,0.4035,0.33975,0.08825,0.01725,2,3
2796,0.1505,0.38625,0.34375,0.105,0.0145,2,3
2797,0.008,0.043,0.19225,0.47275,0.284,4,4
2798,0.01,0.06225,0.26925,0.46925,0.18925,4,4
2799,0.26325,0.43075,0.24475,0.05225,0.009,2,1
2800,0.195,0.4245,0.2935,0.07825,0.00875,2,3
2801,0.0405,0.1925,0.4295,0.27975,0.05775,3,2
2802,0.0395,0.18525,0.4315,0.284,0.05975,3,3
2803,0.07375,0.27525,0.4315,0.188,0.0315,3,3
2804,0.00175,0.011,0.061,0.30725,0.619,5,4
2805,0.5575,0.341,0.08525,0.01475,0.0015,1,1
2806,0.0165,0.07675,0.29,0.4525,0.16425,4,4
2807,0.005,0.03875,0.19725,0.48025,0.27875,4,4
2808,0.011,0.05725,0.26225,0.46675,0.20275,4,5
2809,0.11325,0.334,0.39,0.13875,0.024,3,3
2810,0.01675,0.0885,0.321,0.4315,0.14225,4,2
2811,0.04325,0.20775,0.41775,0.2755,0.05575,3,4
2812,0.07125,0.2525,0.434,0.2065,0.03575,3,3
2813,0.307,0.43525,0.2105,0.04275,0.0045,2,1
2814,0.11775,0.3565,0.38575,0.1195,0.0205,3,2
2815,0.86725,0.113,0.0175,0.00175,0.0005,1,1
2816,0.001,0.00975,0.0585,0.3095,0.62125,5,5
2817,0.00475,0.0255,0.12125,0.42775,0.42075,4,5
2818,0.17,0.40825,0.325,0.08275,0.014,2,2
2819,0.0055,0.02125,0.151,0.46125,0.361,4,5
2820,0.0025,0.00875,0.055,0.29675,0.637,5,5
2821,0.17375,0.3925,0.33225,0.08875,0.01275,2,2
2822,0.0045,0.03275,0.147,0.4575,0.35825,4,5
2823,0.13225,0.3755,0.36475,0.112,0.0155,2,2
2824,0.225,0.42975,0.2685,0.0715,0.00525,2,4
2825,0.004,0.01875,0.11675,0.43075,0.42975,4,3
2826,0.01775,0.0815,0.3095,0.4345,0.15675,4,5
2827,0.045,0.162,0.412,0.31475,0.06625,3,2
2828,0.319,0.44025,0.1985,0.0375,0.00475,2,3
2829,0.00075,0.005,0.0315,0.22325,0.7395,5,5
2830,0.2985,0.43875,0.21275,0.04425,0.00575,2,1
2831,0.363,0.4375,0.166,0.02875,0.00475,2,3
2832,0.00475,0.01275,0.10225,0.39375,0.4865,5,4
2833,0.07075,0.285,0.4195,0.1935,0.03125,3,2
2834,0.00925,0.0395,0.22025,0.4695,0.2615,4,5
2835,0.00175,0.009,0.05675,0.306,0.6265,5,4
2836,0.0805,0.297,0.41775,0.175,0.02975,3,3
2837,0.00675,0.029,0.147,0.44575,0.3715,4,5
2838,0.002,0.017,0.1125,0.405,0.4635,5,5
2839,0.313,0.44475,0.19725,0.04025,0.00475,2,3
2840,0.0035,0.02275,0.1295,0.45875,0.3855,4,4
2841,0.015,0.09,0.333,0.4335,0.1285,4,4
2842,0.00975,0.042,0.20625,0.47,0.272,4,4
2843,0.1275,0.36725,0.371,0.11675,0.0175,3,4
2844,0.0375,0.19775,0.43475,0.2695,0.0605,3,4
2845,0.00975,0.052,0.248,0.4625,0.22775,4,4
2846,0.0055,0.028,0.14775,0.43975,0.379,4,5
2847,0.3725,0.43775,0.15925,0.0265,0.004,2,1
2848,0.32475,0.43975,0.18825,0.04225,0.005,2,1
2849,0.00075,0.00875,0.04325,0.27025,0.677,5,4
2850,0.017,0.084,0.33825,0.4245,0.13625,4,4
2851,0.001,0.00825,0.04825,0.2935,0.649,5,5
2852,0.48625,0.3785,0.112,0.021,0.00225,1,1
2853,0.0135,0.06775,0.308,0.4335,0.17725,4,5
2854,0.1835,0.407,0.31375,0.0855,0.01025,2,3
2855,0.0045,0.02325,0.141,0.45075,0.3805,4,4
2856,0.2325,0.42675,0.267,0.06625,0.0075,2,2
2857,0.3325,0.4425,0.18425,0.035,0.00575,2,4
2858,0.00075,0.00225,0.023,0.153,0.821,5,5
2859,0.4695,0.3865,0.1245,0.018,0.0015,1,1
2860,0.00075,0.012,0.071,0.34975,0.5665,5,5
2861,0.358,0.426,0.17625,0.034,0.00575,2,2
2862,0.0305,0.14925,0.40675,0.33075,0.08275,3,3
2863,0.069,0.287,0.41675,0.19175,0.0355,3,3
2864,0.00025,0.00075,0.0065,0.03375,0.95875,5,5
2865,0.3005,0.45775,0.19725,0.0405,0.004,2,1
2866,0.016,0.0915,0.337,0.41375,0.14175,4,4
2867,0.2135,0.43275,0.275,0.06875,0.01,2,2
2868,0.01775,0.10375,0.35,0.4105,0.118,4,3
2869,0.0255,0.12975,0.39875,0.349,0.097,3,4
2870,0.327,0.428,0.1915,0.04825,0.00525,2,2
2871,0.02675,0.134,0.38925,0.36275,0.08725,3,3
2872,0.0,0.00075,0.00725,0.05775,0.93425,5,5
2873,0.04775,0.20475,0.43625,0.2605,0.05075,3,3
2874,0.15175,0.38125,0.35625,0.09575,0.015,2,3
2875,0.0105,0.05975,0.263,0.47625,0.1905,4,4
2876,0.0175,0.0835,0.327,0.4235,0.1485,4,4
2877,0.053,0.2215,0.432,0.24325,0.05025,3,3
2878,0.092,0.3025,0.40975,0.17025,0.0255,3,3
2879,0.00075,0.00525,0.02275,0.17825,0.793,5,5
2880,0.013,0.0755,0.297,0.451,0.1635,4,4
2881,0.0235,0.13325,0.385,0.357,0.10125,3,4
2882,0.00725,0.03625,0.17925,0.47675,0.3005,4,4
2883,0.012,0.058,0.27625,0.47325,0.1805,4,2
2884,0.10825,0.34775,0.388,0.13375,0.02225,3,3
2885,0.03275,0.17425,0.41325,0.313,0.06675,3,3
2886,0.00125,0.006,0.034,0.22625,0.7325,5,5
2887,0.0185,0.10225,0.34275,0.411,0.1255,4,4
2888,0.0005,0.00275,0.01875,0.1335,0.8445,5,5
2889,0.00075,0.00475,0.02625,0.1875,0.78075,5,5
2890,0.16,0.4,0.338,0.09075,0.01125,2,3
2891,0.00625,0.03575,0.1805,0.46625,0.31125,4,4
2892,0.2375,0.41425,0.26475,0.07425,0.00925,2,2
2893,0.01725,0.086,0.34225,0.41075,0.14375,4,4
2894,0.03625,0.16275,0.41675,0.30825,0.076,3,4
2895,0.06575,0.261,0.42625,0.21075,0.03625,3,4
2896,0.03125,0.16925,0.4125,0.31725,0.06975,3,3
2897,0.0265,0.1475,0.41925,0.32525,0.0815,3,3
2898,0.00025,0.008,0.05125,0.2915,0.649,5,4
2899,0.00025,0.0005,0.00975,0.0735,0.916,5,5
2900,0.00325,0.01825,0.10675,0.40275,0.469,5,5
2901,0.22675,0.43975,0.26675,0.05725,0.0095,2,2
2902,0.23175,0.4245,0.27475,0.06225,0.00675,2,2
2903,0.00275,0.0225,0.12975,0.4305,0.4145,4,5
2904,0.01425,0.096,0.32375,0.4345,0.1315,4,3
2905,0.56325,0.33125,0.089,0.01475,0.00175,1,3
2906,0.026,0.14525,0.40225,0.3395,0.087,3,3
2907,0.05025,0.22525,0.44325,0.234,0.04725,3,4
2908,0.0245,0.123,0.382,0.374,0.0965,3,4
2909,0.0025,0.00925,0.06475,0.3245,0.599,5,4
2910,0.08125,0.299,0.411,0.17675,0.032,3,4
2911,0.0085,0.05325,0.24225,0.47675,0.21925,4,5
2912,0.162,0.39625,0.3335,0.0965,0.01175,2,4
2913,0.0,0.004,0.0325,0.18025,0.78325,5,5
2914,0.00225,0.0175,0.11075,0.43175,0.43775,5,5
2915,0.00225,0.00625,0.04575,0.26275,0.683,5,5
2916,0.009,0.057,0.249,0.46525,0.21975,4,3
2917,0.00175,0.00825,0.06675,0.3125,0.61075,5,4
2918,0.06825,0.27875,0.42075,0.19825,0.034,3,3
2919,0.00125,0.00475,0.02775,0.1905,0.77575,5,5
2920,0.0505,0.21025,0.44325,0.2455,0.0505,3,4
2921,0.007,0.04425,0.2015,0.4795,0.26775,4,4
2922,0.0005,0.0015,0.0175,0.11625,0.86425,5,5
2923,0.006,0.04075,0.17925,0.48,0.294,4,4
2924,0.1925,0.425,0.29075,0.07925,0.0125,2,3
2925,0.04225,0.18425,0.42525,0.2845,0.06375,3,4
2926,0.008,0.051,0.237,0.46025,0.24375,4,5
2927,0.02475,0.12875,0.38,0.36075,0.10575,3,5
2928,0.065,0.2595,0.4295,0.2035,0.0425,3,4
2929,0.003,0.02475,0.1475,0.464,0.36075,4,4
2930,0.0005,0.0055,0.0355,0.24,0.7185,5,4
2931,0.00225,0.01725,0.12375,0.4105,0.44625,5,5
2932,0.00775,0.041,0.181,0.498,0.27225,4,2
2933,0.00075,0.01125,0.06875,0.3405,0.57875,5,5
2934,0.685,0.25,0.0555,0.00825,0.00125,1,1
2935,0.003,0.02075,0.11675,0.443,0.4165,4,5
2936,0.03275,0.154,0.406,0.33475,0.0725,3,4
2937,0.2685,0.43075,0.24625,0.04875,0.00575,2,4
2938,0.43675,0.4035,0.12925,0.0275,0.003,1,1
2939,0.0,0.00125,0.0135,0.12025,0.865,5,5
2940,0.28525,0.442,0.222,0.04425,0.0065,2,3
2941,0.04825,0.21075,0.435,0.255,0.051,3,2
2942,0.0105,0.0445,0.27,0.4775,0.1975,4,4
2943,0.00375,0.0145,0.1085,0.41775,0.4555,5,5
2944,0.13225,0.36625,0.3745,0.1105,0.0165,3,3
2945,0.48625,0.3785,0.10975,0.0215,0.004,1,3
2946,0.00075,0.00175,0.01775,0.12475,0.855,5,5
2947,0.25275,0.45575,0.23425,0.05025,0.007,2,2
2948,0.00325,0.01625,0.10325,0.40325,0.474,5,4
2949,0.00025,0.004,0.018,0.114,0.86375,5,5
2950,0.1435,0.3955,0.351,0.0955,0.0145,2,3
2951,0.5195,0.3635,0.1,0.0155,0.0015,1,1
2952,0.00175,0.006,0.032,0.21725,0.743,5,5
2953,0.0215,0.1155,0.369,0.39225,0.10175,4,3
2954,0.002,0.0295,0.182,0.4735,0.313,4,4
2955,0.03025,0.16775,0.4215,0.3155,0.065,3,3
2956,0.06725,0.23575,0.4245,0.23075,0.04175,3,1
2957,0.04225,0.1965,0.42125,0.28275,0.05725,3,2
2958,0.00475,0.0365,0.19825,0.4905,0.27,4,5
2959,0.172,0.416,0.315,0.08325,0.01375,2,2
2960,0.23975,0.43825,0.25425,0.05825,0.0095,2,3
2961,0.00575,0.0295,0.17375,0.48575,0.30525,4,5
2962,0.02025,0.1015,0.3565,0.39025,0.1315,4,4
2963,0.29225,0.43425,0.22075,0.04725,0.0055,2,2
2964,0.00575,0.0345,0.16875,0.45975,0.33125,4,2
2965,0.00225,0.01475,0.094,0.36275,0.52625,5,3
2966,0.01825,0.10475,0.359,0.3995,0.1185,4,4
2967,0.4035,0.405,0.15925,0.02775,0.0045,2,2
2968,0.1215,0.37225,0.37675,0.11275,0.01675,3,3
2969,0.0025,0.01375,0.08625,0.39475,0.50275,5,5
2970,0.06425,0.251,0.43175,0.211,0.042,3,3
2971,0.03,0.15375,0.42275,0.31625,0.07725,3,3
2972,0.00025,0.00175,0.0105,0.08575,0.90175,5,5
2973,0.04975,0.1905,0.431,0.275,0.05375,3,3
2974,0.0,0.00175,0.004,0.03475,0.9595,5,5
2975,0.20125,0.42325,0.29675,0.0705,0.00825,2,4
2976,0.08375,0.30325,0.41975,0.168,0.02525,3,2
2977,0.328,0.4355,0.192,0.04,0.0045,2,1
2978,0.179,0.40925,0.3185,0.08125,0.012,2,2
2979,0.09,0.29525,0.415,0.16925,0.0305,3,2
2980,0.00525,0.01975,0.12425,0.44025,0.4105,4,3
2981,0.057,0.23525,0.43475,0.2275,0.0455,3,3
2982,0.003,0.01975,0.09325,0.4095,0.4745,5,5
2983,0.4745,0.379,0.12125,0.022,0.00325,1,1
2984,0.0045,0.02025,0.1185,0.41875,0.438,5,5
2985,0.25825,0.43575,0.24025,0.05725,0.0085,2,2
2986,0.0015,0.0145,0.0905,0.35975,0.53375,5,4
2987,0.51425,0.36125,0.10525,0.018,0.00125,1,2
2988,0.0285,0.133,0.4055,0.342,0.091,3,2
2989,0.00175,0.01125,0.07625,0.35225,0.5585,5,5
2990,0.017,0.08675,0.34625,0.4145,0.1355,4,3
2991,0.178,0.41775,0.30925,0.08575,0.00925,2,2
